,id
0,粤B0334Y
1,粤B0994Y
2,粤B0C0M7
3,粤B0C0P3
4,粤B0C0P5
5,粤B0C0Q5
6,粤B0C0Q9
7,粤B0C1P1
8,粤B0C1P6
9,粤B0C1Q1
10,粤B0C1Q3
11,粤B0C1Q5
12,粤B0C1Q7
13,粤B0C1Q9
14,粤B0C1R1
15,粤B0C2M5
16,粤B0C2M7
17,粤B0C2Q3
18,粤B0C2R7
19,粤B0C3M1
20,粤B0C3M3
21,粤B0C3M5
22,粤B0C3M7
23,粤B0C3N7
24,粤B0C3P0
25,粤B0C3P5
26,粤B0C3Q3
27,粤B0C3Q5
28,粤B0C3Q8
29,粤B0C3R2
30,粤B0C3R7
31,粤B0C4M0
32,粤B0C4M5
33,粤B0C4M6
34,粤B0C4M7
35,粤B0C4N5
36,粤B0C4P0
37,粤B0C4P2
38,粤B0C4P5
39,粤B0C4P8
40,粤B0C4P9
41,粤B0C4R2
42,粤B0C5M0
43,粤B0C5M1
44,粤B0C5M2
45,粤B0C5M3
46,粤B0C5M5
47,粤B0C5M7
48,粤B0C5N1
49,粤B0C5P0
50,粤B0C5Q1
51,粤B0C5Q2
52,粤B0C5Q3
53,粤B0C5Q7
54,粤B0C6M9
55,粤B0C6P6
56,粤B0C6P7
57,粤B0C6P9
58,粤B0C6Q0
59,粤B0C6Q1
60,粤B0C6Q7
61,粤B0C6R5
62,粤B0C7M2
63,粤B0C7M3
64,粤B0C7M5
65,粤B0C7M6
66,粤B0C7M7
67,粤B0C7M8
68,粤B0C7N5
69,粤B0C7P8
70,粤B0C7Q5
71,粤B0C7Q9
72,粤B0C7R9
73,粤B0C8M7
74,粤B0C8P1
75,粤B0C8P3
76,粤B0C8P7
77,粤B0C8Q3
78,粤B0C8Q7
79,粤B0C9M0
80,粤B0C9M5
81,粤B0C9M7
82,粤B0C9P5
83,粤B0C9Q1
84,粤B0C9Q2
85,粤B0C9Q8
86,粤B0G59T
87,粤B0H1K0
88,粤B0H1K6
89,粤B0H2K0
90,粤B0H3K3
91,粤B0H3K7
92,粤B0H4K0
93,粤B0H4K5
94,粤B0H5K2
95,粤B0H5K9
96,粤B0H6K3
97,粤B0H7K0
98,粤B0H7K3
99,粤B0H7K5
100,粤B0H8K1
101,粤B0H8K7
102,粤B0H9K3
103,粤B0H9K5
104,粤B0J37W
105,粤B0J4Z5
106,粤B0J4Z7
107,粤B0J61W
108,粤B0J7Z1
109,粤B0K0A6
110,粤B0K1A5
111,粤B0K1A9
112,粤B0K22S
113,粤B0K2A0
114,粤B0K3A2
115,粤B0K3A5
116,粤B0K4A5
117,粤B0K4A8
118,粤B0K4C7
119,粤B0K5A0
120,粤B0K61U
121,粤B0K7A0
122,粤B0K7A5
123,粤B0K8A7
124,粤B0K8A8
125,粤B0K90W
126,粤B0L58B
127,粤B0L61K
128,粤B0M01Z
129,粤B0M1D7
130,粤B0M39R
131,粤B0M3D6
132,粤B0M61T
133,粤B0M67A
134,粤B0M6D6
135,粤B0M93C
136,粤B0M93R
137,粤B0M9D9
138,粤B0Q1S1
139,粤B0Q1S9
140,粤B0Q2S0
141,粤B0Q2S1
142,粤B0Q2S2
143,粤B0Q2S9
144,粤B0Q3S1
145,粤B0Q4S0
146,粤B0Q4S7
147,粤B0Q5S2
148,粤B0Q5S3
149,粤B0Q6S0
150,粤B0Q7S5
151,粤B0Q8S2
152,粤B0Q8S7
153,粤B0Q8S9
154,粤B0X2G7
155,粤B0X3C7
156,粤B0X5G3
157,粤B16434
158,粤B17441
159,粤B17504
160,粤B1C0M2
161,粤B1C0M3
162,粤B1C0M5
163,粤B1C0M7
164,粤B1C0P1
165,粤B1C0P6
166,粤B1C0Q2
167,粤B1C0Q3
168,粤B1C0Q5
169,粤B1C0R1
170,粤B1C1M2
171,粤B1C1M5
172,粤B1C1P3
173,粤B1C1P5
174,粤B1C1Q5
175,粤B1C1R2
176,粤B1C2M6
177,粤B1C2P1
178,粤B1C2P2
179,粤B1C2Q3
180,粤B1C2R0
181,粤B1C2R5
182,粤B1C3M0
183,粤B1C3M6
184,粤B1C3M8
185,粤B1C3P2
186,粤B1C3R0
187,粤B1C3R5
188,粤B1C3R7
189,粤B1C4M1
190,粤B1C4M5
191,粤B1C4M8
192,粤B1C4N1
193,粤B1C4P3
194,粤B1C4P8
195,粤B1C4Q0
196,粤B1C5M0
197,粤B1C5M1
198,粤B1C5M7
199,粤B1C5P9
200,粤B1C5Q3
201,粤B1C5Q6
202,粤B1C5R0
203,粤B1C6M0
204,粤B1C6M5
205,粤B1C6P2
206,粤B1C6P5
207,粤B1C6Q1
208,粤B1C6R2
209,粤B1C7M1
210,粤B1C7M3
211,粤B1C7M5
212,粤B1C7M8
213,粤B1C7P2
214,粤B1C7P3
215,粤B1C7Q1
216,粤B1C7Q7
217,粤B1C7R0
218,粤B1C7R1
219,粤B1C7R2
220,粤B1C7R3
221,粤B1C8M0
222,粤B1C8Q5
223,粤B1C8R5
224,粤B1C8R9
225,粤B1C9M1
226,粤B1C9P2
227,粤B1C9R1
228,粤B1H0K2
229,粤B1H0K5
230,粤B1H2K0
231,粤B1H2K9
232,粤B1H3K0
233,粤B1H3K2
234,粤B1H4K5
235,粤B1H5K1
236,粤B1H6K5
237,粤B1H6K9
238,粤B1H75U
239,粤B1H8K2
240,粤B1H8K6
241,粤B1H8K7
242,粤B1H9K0
243,粤B1J4Y6
244,粤B1J4Z2
245,粤B1J53X
246,粤B1J62D
247,粤B1K0A2
248,粤B1K0A3
249,粤B1K1A3
250,粤B1K21J
251,粤B1K2A0
252,粤B1K3A0
253,粤B1K3A9
254,粤B1K4A2
255,粤B1K5A2
256,粤B1K5A6
257,粤B1K5A7
258,粤B1K7A1
259,粤B1K7A2
260,粤B1K7A5
261,粤B1K8A3
262,粤B1K8A7
263,粤B1K9A7
264,粤B1L02P
265,粤B1L03S
266,粤B1L29Y
267,粤B1L65B
268,粤B1M1D1
269,粤B1M1D2
270,粤B1M1D9
271,粤B1M2D8
272,粤B1M3D8
273,粤B1M4E6
274,粤B1M53T
275,粤B1N72S
276,粤B1Q0S1
277,粤B1Q0S3
278,粤B1Q0S5
279,粤B1Q2S1
280,粤B1Q2S6
281,粤B1Q3S0
282,粤B1Q3S6
283,粤B1Q4S5
284,粤B1Q7S1
285,粤B1Q8S6
286,粤B1Q8S7
287,粤B1Q9S0
288,粤B1Q9S1
289,粤B1Q9S2
290,粤B1Q9S3
291,粤B1Q9S7
292,粤B1R0T3
293,粤B1X2G0
294,粤B1X7B5
295,粤B24194
296,粤B2433Y
297,粤B24704
298,粤B25247
299,粤B2C0N7
300,粤B2C0P1
301,粤B2C0P2
302,粤B2C0P5
303,粤B2C0P7
304,粤B2C0R2
305,粤B2C0R5
306,粤B2C0R7
307,粤B2C0R9
308,粤B2C1M2
309,粤B2C1M5
310,粤B2C1P1
311,粤B2C2P9
312,粤B2C2R6
313,粤B2C3P5
314,粤B2C3P6
315,粤B2C3P7
316,粤B2C3R1
317,粤B2C3R7
318,粤B2C4M2
319,粤B2C4M6
320,粤B2C4P7
321,粤B2C4R1
322,粤B2C5N0
323,粤B2C5P2
324,粤B2C5P7
325,粤B2C5R0
326,粤B2C6P8
327,粤B2C7N2
328,粤B2C7P0
329,粤B2C7P5
330,粤B2C7R2
331,粤B2C7R9
332,粤B2C8P0
333,粤B2C8P3
334,粤B2C8P5
335,粤B2C9P6
336,粤B2C9P7
337,粤B2C9R7
338,粤B2H1K0
339,粤B2H1K7
340,粤B2H3K1
341,粤B2H3K2
342,粤B2H3K7
343,粤B2H4K6
344,粤B2H4K9
345,粤B2H5K9
346,粤B2H6K2
347,粤B2H6K5
348,粤B2H7K0
349,粤B2H7K1
350,粤B2H7K3
351,粤B2H7K7
352,粤B2H7K8
353,粤B2H8K0
354,粤B2H8K1
355,粤B2H8K3
356,粤B2H8K5
357,粤B2H8K7
358,粤B2H9K5
359,粤B2H9K6
360,粤B2H9K7
361,粤B2J25W
362,粤B2J4X7
363,粤B2J4Y1
364,粤B2J4Z0
365,粤B2K0A3
366,粤B2K0A5
367,粤B2K1A1
368,粤B2K21R
369,粤B2K32L
370,粤B2K36A
371,粤B2K3A6
372,粤B2K4A2
373,粤B2K4A3
374,粤B2K4A5
375,粤B2K5A3
376,粤B2K5A5
377,粤B2K67P
378,粤B2K7A5
379,粤B2L15G
380,粤B2L90G
381,粤B2M0D8
382,粤B2M1D8
383,粤B2M21W
384,粤B2M2D8
385,粤B2M3D3
386,粤B2M3D8
387,粤B2M4E0
388,粤B2Q1S5
389,粤B2Q1S7
390,粤B2Q2S0
391,粤B2Q2S7
392,粤B2Q3S1
393,粤B2Q3S5
394,粤B2Q5S7
395,粤B2Q6S1
396,粤B2Q6S7
397,粤B2Q7S0
398,粤B2Q8S1
399,粤B2Q8S2
400,粤B2Q9S3
401,粤B2R0T1
402,粤B2R0T2
403,粤B2R0T3
404,粤B2R0T6
405,粤B2R1T5
406,粤B2R1T9
407,粤B2R2T0
408,粤B2R2T5
409,粤B2R2T7
410,粤B2R3T0
411,粤B2R3T1
412,粤B2R3T5
413,粤B2R3T6
414,粤B2R4T5
415,粤B2R6T2
416,粤B2R6T8
417,粤B2R7T9
418,粤B2R9T1
419,粤B2X2G7
420,粤B2X5G2
421,粤B2X6G1
422,粤B2X6G5
423,粤B2X7G5
424,粤B2X7G7
425,粤B2X9G3
426,粤B3314Y
427,粤B340XN
428,粤B37164
429,粤B37404
430,粤B3C0P6
431,粤B3C0R8
432,粤B3C0R9
433,粤B3C1N2
434,粤B3C1N5
435,粤B3C1P2
436,粤B3C1R0
437,粤B3C1R7
438,粤B3C2M3
439,粤B3C2M5
440,粤B3C2M6
441,粤B3C2P0
442,粤B3C2P6
443,粤B3C2P7
444,粤B3C2R5
445,粤B3C2R6
446,粤B3C2R7
447,粤B3C2R9
448,粤B3C3P3
449,粤B3C3R2
450,粤B3C4N3
451,粤B3C4P3
452,粤B3C4R0
453,粤B3C5N3
454,粤B3C5P0
455,粤B3C5P6
456,粤B3C5R1
457,粤B3C5R6
458,粤B3C6P0
459,粤B3C6P5
460,粤B3C6R3
461,粤B3C6R5
462,粤B3C7M0
463,粤B3C7M7
464,粤B3C7N2
465,粤B3C7P0
466,粤B3C7P1
467,粤B3C7P6
468,粤B3C7P9
469,粤B3C7R0
470,粤B3C7R6
471,粤B3C8N7
472,粤B3C8P0
473,粤B3C8P1
474,粤B3C8P8
475,粤B3C8R0
476,粤B3C9P6
477,粤B3C9R1
478,粤B3C9R7
479,粤B3H0K5
480,粤B3H3K0
481,粤B3H3K1
482,粤B3H4K1
483,粤B3H4K6
484,粤B3H4K7
485,粤B3H4K8
486,粤B3H5K1
487,粤B3H5K7
488,粤B3H6K0
489,粤B3H7K1
490,粤B3H7K6
491,粤B3H7K9
492,粤B3H8K0
493,粤B3H8K5
494,粤B3H9K0
495,粤B3H9K6
496,粤B3J00X
497,粤B3J01H
498,粤B3K0A2
499,粤B3K0A6
500,粤B3K0A8
501,粤B3K17D
502,粤B3K28B
503,粤B3K35X
504,粤B3K4A1
505,粤B3K4A3
506,粤B3K4A8
507,粤B3K5A1
508,粤B3K6A2
509,粤B3K6A5
510,粤B3K7A0
511,粤B3K7A2
512,粤B3K7A9
513,粤B3K8A0
514,粤B3K8A2
515,粤B3K8A3
516,粤B3K9A6
517,粤B3L09Q
518,粤B3L32P
519,粤B3L60J
520,粤B3M50S
521,粤B3M65M
522,粤B3M92B
523,粤B3M9E0
524,粤B3N75T
525,粤B3N93F
526,粤B3Q1S0
527,粤B3Q1S2
528,粤B3Q1S3
529,粤B3Q1S8
530,粤B3Q2S5
531,粤B3Q3S5
532,粤B3Q3S9
533,粤B3Q4S2
534,粤B3Q5S6
535,粤B3Q6S3
536,粤B3Q7S2
537,粤B3Q7S8
538,粤B3Q8S5
539,粤B3Q8S7
540,粤B3Q8S9
541,粤B3Q9S2
542,粤B3Q9S3
543,粤B3Q9S5
544,粤B3R0T0
545,粤B3X6G0
546,粤B3X6G7
547,粤B3X7G1
548,粤B3X7G6
549,粤B3X9G2
550,粤B43704
551,粤B43714
552,粤B44354
553,粤B44747
554,粤B44974
555,粤B45540
556,粤B47074
557,粤B47214
558,粤B47250
559,粤B48674
560,粤B49174
561,粤B49254
562,粤B49474
563,粤B49504
564,粤B49941
565,粤B4C0N7
566,粤B4C0P0
567,粤B4C0P1
568,粤B4C0P2
569,粤B4C0P3
570,粤B4C0P5
571,粤B4C0P6
572,粤B4C0P7
573,粤B4C0P8
574,粤B4C0Q2
575,粤B4C0Q5
576,粤B4C0Q6
577,粤B4C0R3
578,粤B4C0R9
579,粤B4C1P2
580,粤B4C1P5
581,粤B4C1P8
582,粤B4C1R1
583,粤B4C2P1
584,粤B4C2P2
585,粤B4C2P3
586,粤B4C2P6
587,粤B4C2P8
588,粤B4C2P9
589,粤B4C2Q0
590,粤B4C2Q1
591,粤B4C2Q2
592,粤B4C2R5
593,粤B4C3P0
594,粤B4C3P5
595,粤B4C3Q0
596,粤B4C3Q6
597,粤B4C3R0
598,粤B4C3R2
599,粤B4C3R5
600,粤B4C3R6
601,粤B4C4P0
602,粤B4C4P2
603,粤B4C4P3
604,粤B4C4P6
605,粤B4C4P8
606,粤B4C4R7
607,粤B4C4R9
608,粤B4C5M3
609,粤B4C5N2
610,粤B4C5P0
611,粤B4C5P1
612,粤B4C5P9
613,粤B4C5R0
614,粤B4C6M2
615,粤B4C6M7
616,粤B4C6N0
617,粤B4C6N7
618,粤B4C6P3
619,粤B4C6Q0
620,粤B4C6R3
621,粤B4C6R5
622,粤B4C6R7
623,粤B4C7M0
624,粤B4C7N2
625,粤B4C7N5
626,粤B4C7P2
627,粤B4C7P8
628,粤B4C7R0
629,粤B4C7R1
630,粤B4C7R3
631,粤B4C7R6
632,粤B4C8M9
633,粤B4C8P0
634,粤B4C8P2
635,粤B4C8Q7
636,粤B4C8R2
637,粤B4C8R7
638,粤B4C8R9
639,粤B4C9P0
640,粤B4C9P2
641,粤B4C9P5
642,粤B4C9P7
643,粤B4C9Q2
644,粤B4C9R1
645,粤B4C9R3
646,粤B4C9R5
647,粤B4C9R6
648,粤B4C9R7
649,粤B4C9R8
650,粤B4C9R9
651,粤B4G2X0
652,粤B4H0K5
653,粤B4H12X
654,粤B4H1K0
655,粤B4H1K2
656,粤B4H1K6
657,粤B4H1K7
658,粤B4H1K9
659,粤B4H2K0
660,粤B4H2K1
661,粤B4H2K5
662,粤B4H2K6
663,粤B4H2K7
664,粤B4H2K8
665,粤B4H2K9
666,粤B4H3K0
667,粤B4H3K1
668,粤B4H3K2
669,粤B4H3K3
670,粤B4H3K5
671,粤B4H3K6
672,粤B4H3K7
673,粤B4H3K8
674,粤B4H3K9
675,粤B4H4K0
676,粤B4H4K1
677,粤B4H4K2
678,粤B4H4K3
679,粤B4H4K5
680,粤B4H4K6
681,粤B4H4K7
682,粤B4H4K8
683,粤B4H4K9
684,粤B4H5K0
685,粤B4H5K1
686,粤B4H5K2
687,粤B4H5K3
688,粤B4H5K5
689,粤B4H5K7
690,粤B4H5K8
691,粤B4H5K9
692,粤B4H6K0
693,粤B4H6K1
694,粤B4H6K2
695,粤B4H6K3
696,粤B4H6K5
697,粤B4H6K6
698,粤B4H6K7
699,粤B4H6K8
700,粤B4H6K9
701,粤B4H7K0
702,粤B4H7K1
703,粤B4H7K2
704,粤B4H7K5
705,粤B4H7K6
706,粤B4H7K7
707,粤B4H7K8
708,粤B4H7K9
709,粤B4H8K0
710,粤B4H8K1
711,粤B4H8K2
712,粤B4H8K3
713,粤B4H8K5
714,粤B4H8K6
715,粤B4H8K7
716,粤B4H8K8
717,粤B4H8K9
718,粤B4H9K0
719,粤B4H9K1
720,粤B4H9K2
721,粤B4H9K3
722,粤B4H9K5
723,粤B4H9K8
724,粤B4J0Y5
725,粤B4J0Z1
726,粤B4J0Z2
727,粤B4J0Z3
728,粤B4J1Y0
729,粤B4J1Y1
730,粤B4J1Z0
731,粤B4J1Z5
732,粤B4J2X5
733,粤B4J2Y1
734,粤B4J2Y5
735,粤B4J2Z0
736,粤B4J2Z1
737,粤B4J2Z2
738,粤B4J2Z3
739,粤B4J3Z1
740,粤B4J3Z5
741,粤B4J4X5
742,粤B4J4X6
743,粤B4J4Z7
744,粤B4J5Y2
745,粤B4J5Z0
746,粤B4J5Z2
747,粤B4J6Z0
748,粤B4J7X3
749,粤B4J7Z2
750,粤B4J7Z3
751,粤B4J8Z7
752,粤B4K0A0
753,粤B4K0A2
754,粤B4K0A3
755,粤B4K0A5
756,粤B4K0A7
757,粤B4K0C7
758,粤B4K1A1
759,粤B4K1A5
760,粤B4K1A6
761,粤B4K1A7
762,粤B4K1A9
763,粤B4K2A0
764,粤B4K2A6
765,粤B4K2A8
766,粤B4K3A5
767,粤B4K3A9
768,粤B4K4A1
769,粤B4K4A5
770,粤B4K4A6
771,粤B4K4A7
772,粤B4K4C5
773,粤B4K5A1
774,粤B4K5A7
775,粤B4K6A3
776,粤B4K6A5
777,粤B4K7A0
778,粤B4K7A3
779,粤B4K8A3
780,粤B4K9A1
781,粤B4K9A2
782,粤B4K9A5
783,粤B4K9A9
784,粤B4Q0S1
785,粤B4Q0S2
786,粤B4Q0S3
787,粤B4Q0S6
788,粤B4Q0S9
789,粤B4Q1S1
790,粤B4Q1S3
791,粤B4Q2S1
792,粤B4Q2S2
793,粤B4X8G0
794,粤B4ZY47
795,粤B534YN
796,粤B54340
797,粤B54394
798,粤B547YP
799,粤B547ZK
800,粤B54934
801,粤B56447
802,粤B5661Z
803,粤B5884Z
804,粤B5C0M5
805,粤B5C0R7
806,粤B5C1M3
807,粤B5C3R0
808,粤B5C3R3
809,粤B5C4M6
810,粤B5C4R0
811,粤B5C4R2
812,粤B5C4R8
813,粤B5C5R1
814,粤B5C6M2
815,粤B5C6P1
816,粤B5C6P3
817,粤B5C6P8
818,粤B5C7P0
819,粤B5C7P2
820,粤B5C7P7
821,粤B5C7P9
822,粤B5C7R1
823,粤B5C7R5
824,粤B5C7R7
825,粤B5C8P2
826,粤B5C8P7
827,粤B5C8P8
828,粤B5C8P9
829,粤B5C9M7
830,粤B5C9N6
831,粤B5C9R1
832,粤B5C9R2
833,粤B5H02Z
834,粤B5H0K7
835,粤B5H1K3
836,粤B5H2K7
837,粤B5H4K0
838,粤B5H4K1
839,粤B5H4K3
840,粤B5H62V
841,粤B5H7K1
842,粤B5H7K3
843,粤B5H7K5
844,粤B5H7K9
845,粤B5J4X1
846,粤B5J4Y2
847,粤B5J4Z1
848,粤B5J4Z2
849,粤B5J59X
850,粤B5K00M
851,粤B5K2A0
852,粤B5K4A1
853,粤B5K4A8
854,粤B5K4C7
855,粤B5K5A1
856,粤B5K5A7
857,粤B5K60Z
858,粤B5K6A3
859,粤B5K7A0
860,粤B5K7A7
861,粤B5K7A9
862,粤B5K8A3
863,粤B5K9A1
864,粤B5K9A6
865,粤B5L26Y
866,粤B5L61S
867,粤B5M06K
868,粤B5M92G
869,粤B5M95K
870,粤B5N09X
871,粤B5N42L
872,粤B5X0G1
873,粤B5X0G2
874,粤B5X1G0
875,粤B5X1G3
876,粤B5X2G9
877,粤B5X3G1
878,粤B5X5G7
879,粤B5X6G0
880,粤B5X6G2
881,粤B5X7C6
882,粤B5X7G3
883,粤B5X7G5
884,粤B5X8G7
885,粤B5X9G3
886,粤B614YN
887,粤B644YN
888,粤B647YS
889,粤B65174
890,粤B6643Z
891,粤B6645Z
892,粤B6684Z
893,粤B67204
894,粤B674YN
895,粤B6C0R2
896,粤B6C3R7
897,粤B6C5P2
898,粤B6C5R3
899,粤B6C5R7
900,粤B6C6P3
901,粤B6C6P7
902,粤B6C7P0
903,粤B6C7P3
904,粤B6C7P7
905,粤B6C7P9
906,粤B6C7R2
907,粤B6C7R3
908,粤B6C7R5
909,粤B6C8P0
910,粤B6C8P3
911,粤B6C8P5
912,粤B6C8P6
913,粤B6C8P7
914,粤B6C8P9
915,粤B6C9N7
916,粤B6C9P0
917,粤B6C9P1
918,粤B6C9P2
919,粤B6C9P3
920,粤B6C9P5
921,粤B6H0K2
922,粤B6H53U
923,粤B6H9K2
924,粤B6J32X
925,粤B6J3Z7
926,粤B6J4X3
927,粤B6J4Z5
928,粤B6J4Z7
929,粤B6K05T
930,粤B6K0A5
931,粤B6K10U
932,粤B6K1A3
933,粤B6K1A5
934,粤B6K1A7
935,粤B6K30L
936,粤B6K4A0
937,粤B6K4A2
938,粤B6K56M
939,粤B6L30W
940,粤B6L35H
941,粤B6L53V
942,粤B6N92L
943,粤B6N95W
944,粤B6X0G1
945,粤B6X1G3
946,粤B6X1G5
947,粤B6X2G3
948,粤B6X2G5
949,粤B6X3C1
950,粤B6X5G1
951,粤B6X5G9
952,粤B6X7G5
953,粤B6X7G9
954,粤B6X9G1
955,粤B6X9G3
956,粤B741WY
957,粤B741ZF
958,粤B743YP
959,粤B74414
960,粤B74427
961,粤B745YP
962,粤B76412
963,粤B77594
964,粤B7884Y
965,粤B79417
966,粤B7991Z
967,粤B7C0P0
968,粤B7C0P5
969,粤B7C0P6
970,粤B7C0P8
971,粤B7C0P9
972,粤B7C0R6
973,粤B7C0R9
974,粤B7C1P1
975,粤B7C1P7
976,粤B7C1R0
977,粤B7C1R3
978,粤B7C1R5
979,粤B7C2P5
980,粤B7C2P7
981,粤B7C2R8
982,粤B7C3N5
983,粤B7C3P5
984,粤B7C3R0
985,粤B7C3R2
986,粤B7C3R5
987,粤B7C3R7
988,粤B7C4P2
989,粤B7C4Q0
990,粤B7C4Q2
991,粤B7C4Q3
992,粤B7C4R2
993,粤B7C4R3
994,粤B7C4R5
995,粤B7C4R6
996,粤B7C4R9
997,粤B7C4S2
998,粤B7C5P1
999,粤B7C5P3
1000,粤B7C5R2
1001,粤B7C5R3
1002,粤B7C5R5
1003,粤B7C5R7
1004,粤B7C5R9
1005,粤B7C6R1
1006,粤B7C6R2
1007,粤B7C6R5
1008,粤B7C6R9
1009,粤B7C7R3
1010,粤B7C7R6
1011,粤B7C7R9
1012,粤B7C8R0
1013,粤B7C8R1
1014,粤B7C8R2
1015,粤B7C8R3
1016,粤B7C8R6
1017,粤B7C9R0
1018,粤B7C9R5
1019,粤B7C9R6
1020,粤B7G06T
1021,粤B7H0K6
1022,粤B7H0K8
1023,粤B7H2K5
1024,粤B7H3K2
1025,粤B7H4K7
1026,粤B7H5K0
1027,粤B7H5K1
1028,粤B7H5K3
1029,粤B7H6K2
1030,粤B7H6K8
1031,粤B7H7K2
1032,粤B7H7K8
1033,粤B7H8K3
1034,粤B7H9K1
1035,粤B7H9K7
1036,粤B7J4X7
1037,粤B7J4Y2
1038,粤B7J4Z5
1039,粤B7J5Z2
1040,粤B7J5Z9
1041,粤B7J61T
1042,粤B7J7Z8
1043,粤B7J9Z5
1044,粤B7K02L
1045,粤B7K1A0
1046,粤B7K1A5
1047,粤B7K3A9
1048,粤B7K4C1
1049,粤B7K5A7
1050,粤B7K7A1
1051,粤B7L15A
1052,粤B7L70N
1053,粤B7L75N
1054,粤B7L93Q
1055,粤B7L93Z
1056,粤B7M53J
1057,粤B7N25M
1058,粤B7N71A
1059,粤B7N93W
1060,粤B7NU42
1061,粤B7R2V1
1062,粤B7R4V3
1063,粤B7R5V2
1064,粤B7T8F2
1065,粤B7VZ41
1066,粤B7X0G9
1067,粤B7X1G3
1068,粤B7X1G6
1069,粤B7X2C5
1070,粤B7X2G1
1071,粤B7X2G2
1072,粤B7X2G3
1073,粤B7X2G7
1074,粤B7X3G0
1075,粤B7X3G1
1076,粤B7X3G5
1077,粤B7X3G7
1078,粤B7X3G9
1079,粤B7X4G3
1080,粤B7X5G1
1081,粤B7X6G0
1082,粤B7X6G2
1083,粤B7X6G3
1084,粤B7X6G9
1085,粤B7X7G0
1086,粤B7X7G2
1087,粤B7X7G5
1088,粤B7X7G6
1089,粤B7X8G1
1090,粤B7X8G5
1091,粤B7X9C0
1092,粤B7X9C2
1093,粤B7X9C5
1094,粤B7X9G1
1095,粤B7X9G3
1096,粤B7X9G7
1097,粤B84312
1098,粤B84740
1099,粤B85447
1100,粤B85474
1101,粤B87407
1102,粤B87411
1103,粤B87443
1104,粤B8847Y
1105,粤B8854Z
1106,粤B8874Z
1107,粤B8994Z
1108,粤B8C2P7
1109,粤B8C3P1
1110,粤B8C3R1
1111,粤B8C4N2
1112,粤B8C4P0
1113,粤B8C4P3
1114,粤B8C4P5
1115,粤B8C4P7
1116,粤B8C4P8
1117,粤B8C4Q3
1118,粤B8C6P1
1119,粤B8C6P3
1120,粤B8C6R9
1121,粤B8C7N1
1122,粤B8C7P2
1123,粤B8C7P3
1124,粤B8C7P5
1125,粤B8C7P7
1126,粤B8C7R3
1127,粤B8C8P0
1128,粤B8C8P7
1129,粤B8C8P9
1130,粤B8C9P0
1131,粤B8C9P3
1132,粤B8C9R3
1133,粤B8C9R7
1134,粤B8H0K2
1135,粤B8H0K5
1136,粤B8H1K0
1137,粤B8H1K7
1138,粤B8H2K1
1139,粤B8H2K5
1140,粤B8H2K7
1141,粤B8H3K2
1142,粤B8H4K5
1143,粤B8H4K6
1144,粤B8H5K0
1145,粤B8H5K1
1146,粤B8H5K3
1147,粤B8H5K7
1148,粤B8H6K3
1149,粤B8H7K1
1150,粤B8H7K5
1151,粤B8H7K7
1152,粤B8H9K0
1153,粤B8M12A
1154,粤B8M31J
1155,粤B8M35C
1156,粤B8M52Z
1157,粤B8N12V
1158,粤B8N13L
1159,粤B8R5V3
1160,粤B8R7V7
1161,粤B8X0G1
1162,粤B8X0G5
1163,粤B8X0G6
1164,粤B8X0G7
1165,粤B8X2G0
1166,粤B8X2G1
1167,粤B8X2G5
1168,粤B8X2G6
1169,粤B8X2G7
1170,粤B8X3C7
1171,粤B8X3G0
1172,粤B8X3G2
1173,粤B8X3G3
1174,粤B8X3G5
1175,粤B8X4G0
1176,粤B8X4G3
1177,粤B8X4G5
1178,粤B8X4G6
1179,粤B8X4G8
1180,粤B8X4G9
1181,粤B8X5G2
1182,粤B8X6G0
1183,粤B8X6G2
1184,粤B8X7G5
1185,粤B93192
1186,粤B9334Y
1187,粤B9334Z
1188,粤B94150
1189,粤B94327
1190,粤B943YP
1191,粤B947ZY
1192,粤B9667Z
1193,粤B9941Y
1194,粤B9945Y
1195,粤B9946Y
1196,粤B9974Y
1197,粤B9974Z
1198,粤B9C0R1
1199,粤B9C0R2
1200,粤B9C0R3
1201,粤B9C0R8
1202,粤B9C1P0
1203,粤B9C1P2
1204,粤B9C1P3
1205,粤B9C1P5
1206,粤B9C1P7
1207,粤B9C1R0
1208,粤B9C2P1
1209,粤B9C2P3
1210,粤B9C2P7
1211,粤B9C3P3
1212,粤B9C4R2
1213,粤B9J61G
1214,粤B9K15P
1215,粤B9K21D
1216,粤B9K26U
1217,粤B9L02Y
1218,粤B9L22E
1219,粤B9L61Y
1220,粤B9L82E
1221,粤B9M22Z
1222,粤B9M31W
1223,粤B9M62C
1224,粤B9M95Z
1225,粤B9N27G
1226,粤B9R0V1
1227,粤B9R0V2
1228,粤B9R0V3
1229,粤B9R1V0
1230,粤B9R1V5
1231,粤B9R1V7
1232,粤B9R1V8
1233,粤B9R1V9
1234,粤B9R2V0
1235,粤B9R2V1
1236,粤B9R2V8
1237,粤B9R3V0
1238,粤B9R3V2
1239,粤B9R3V5
1240,粤B9R3V6
1241,粤B9R3V7
1242,粤B9R3V9
1243,粤B9R4V0
1244,粤B9R4V2
1245,粤B9R4V3
1246,粤B9R4V6
1247,粤B9R4V7
1248,粤B9R5V0
1249,粤B9R5V1
1250,粤B9R5V9
1251,粤B9R7V0
1252,粤B9R7V7
1253,粤B9R8V1
1254,粤B9R9V1
1255,粤B9R9V5
1256,粤B9U4U7
1257,粤B9W3X0
1258,粤B9W5X7
1259,粤B9W7X3
1260,粤B9X0C1
1261,粤B9X0C7
1262,粤B9X0G3
1263,粤B9X0G7
1264,粤B9X1G5
1265,粤B9X3C1
1266,粤B9X3C7
1267,粤B9X4C2
1268,粤B9X4G1
1269,粤B9X4G3
1270,粤B9X4G5
1271,粤B9X4G7
1272,粤B9X4G8
1273,粤BA4227
1274,粤BA5324
1275,粤BA7574
1276,粤BA7802
1277,粤BB3493
1278,粤BB6452
1279,粤BC24C7
1280,粤BC4430
1281,粤BC47C3
1282,粤BD00143
1283,粤BD00147
1284,粤BD00202
1285,粤BD00203
1286,粤BD00205
1287,粤BD00206
1288,粤BD00207
1289,粤BD00211
1290,粤BD00215
1291,粤BD00216
1292,粤BD00217
1293,粤BD00220
1294,粤BD00221
1295,粤BD00225
1296,粤BD00227
1297,粤BD00229
1298,粤BD00230
1299,粤BD00231
1300,粤BD00232
1301,粤BD00233
1302,粤BD00236
1303,粤BD00237
1304,粤BD00239
1305,粤BD00240
1306,粤BD00242
1307,粤BD00243
1308,粤BD00245
1309,粤BD00246
1310,粤BD00247
1311,粤BD00248
1312,粤BD00249
1313,粤BD00251
1314,粤BD00253
1315,粤BD00256
1316,粤BD00257
1317,粤BD00261
1318,粤BD00262
1319,粤BD00267
1320,粤BD00269
1321,粤BD00270
1322,粤BD00271
1323,粤BD00272
1324,粤BD00273
1325,粤BD00276
1326,粤BD00279
1327,粤BD00280
1328,粤BD00286
1329,粤BD00287
1330,粤BD00291
1331,粤BD00292
1332,粤BD00297
1333,粤BD00340
1334,粤BD00341
1335,粤BD00342
1336,粤BD00346
1337,粤BD00347
1338,粤BD00351
1339,粤BD00357
1340,粤BD00376
1341,粤BD00378
1342,粤BD00387
1343,粤BD00406
1344,粤BD00407
1345,粤BD00410
1346,粤BD00412
1347,粤BD00415
1348,粤BD00416
1349,粤BD00417
1350,粤BD00419
1351,粤BD00423
1352,粤BD00427
1353,粤BD00429
1354,粤BD00438
1355,粤BD00440
1356,粤BD00441
1357,粤BD00442
1358,粤BD00443
1359,粤BD00445
1360,粤BD00447
1361,粤BD00449
1362,粤BD00453
1363,粤BD00461
1364,粤BD00463
1365,粤BD00465
1366,粤BD00471
1367,粤BD00472
1368,粤BD00473
1369,粤BD00475
1370,粤BD00478
1371,粤BD00479
1372,粤BD00481
1373,粤BD00482
1374,粤BD00483
1375,粤BD00485
1376,粤BD00486
1377,粤BD00487
1378,粤BD00489
1379,粤BD00492
1380,粤BD00495
1381,粤BD00496
1382,粤BD00497
1383,粤BD00517
1384,粤BD00542
1385,粤BD00543
1386,粤BD00545
1387,粤BD00546
1388,粤BD00547
1389,粤BD00549
1390,粤BD00571
1391,粤BD00573
1392,粤BD00640
1393,粤BD00646
1394,粤BD00647
1395,粤BD00649
1396,粤BD00713
1397,粤BD00716
1398,粤BD00743
1399,粤BD00745
1400,粤BD00746
1401,粤BD00840
1402,粤BD00841
1403,粤BD00847
1404,粤BD00942
1405,粤BD01040
1406,粤BD01041
1407,粤BD01043
1408,粤BD01046
1409,粤BD01047
1410,粤BD01049
1411,粤BD01065
1412,粤BD01073
1413,粤BD01097
1414,粤BD01140
1415,粤BD01141
1416,粤BD01143
1417,粤BD01146
1418,粤BD01175
1419,粤BD01197
1420,粤BD01201
1421,粤BD01203
1422,粤BD01205
1423,粤BD01207
1424,粤BD01208
1425,粤BD01209
1426,粤BD01215
1427,粤BD01217
1428,粤BD01219
1429,粤BD01223
1430,粤BD01227
1431,粤BD01228
1432,粤BD01235
1433,粤BD01240
1434,粤BD01241
1435,粤BD01246
1436,粤BD01247
1437,粤BD01248
1438,粤BD01249
1439,粤BD01251
1440,粤BD01255
1441,粤BD01257
1442,粤BD01259
1443,粤BD01260
1444,粤BD01261
1445,粤BD01263
1446,粤BD01265
1447,粤BD01267
1448,粤BD01268
1449,粤BD01269
1450,粤BD01270
1451,粤BD01271
1452,粤BD01272
1453,粤BD01275
1454,粤BD01276
1455,粤BD01278
1456,粤BD01279
1457,粤BD01280
1458,粤BD01288
1459,粤BD01289
1460,粤BD01291
1461,粤BD01292
1462,粤BD01296
1463,粤BD01300
1464,粤BD01301
1465,粤BD01302
1466,粤BD01303
1467,粤BD01305
1468,粤BD01307
1469,粤BD01309
1470,粤BD01310
1471,粤BD01311
1472,粤BD01312
1473,粤BD01313
1474,粤BD01315
1475,粤BD01316
1476,粤BD01317
1477,粤BD01321
1478,粤BD01322
1479,粤BD01325
1480,粤BD01327
1481,粤BD01328
1482,粤BD01330
1483,粤BD01331
1484,粤BD01333
1485,粤BD01336
1486,粤BD01337
1487,粤BD01340
1488,粤BD01341
1489,粤BD01342
1490,粤BD01343
1491,粤BD01345
1492,粤BD01346
1493,粤BD01347
1494,粤BD01348
1495,粤BD01349
1496,粤BD01351
1497,粤BD01352
1498,粤BD01353
1499,粤BD01355
1500,粤BD01356
1501,粤BD01359
1502,粤BD01361
1503,粤BD01362
1504,粤BD01363
1505,粤BD01365
1506,粤BD01366
1507,粤BD01367
1508,粤BD01370
1509,粤BD01372
1510,粤BD01375
1511,粤BD01378
1512,粤BD01379
1513,粤BD01382
1514,粤BD01385
1515,粤BD01387
1516,粤BD01389
1517,粤BD01392
1518,粤BD01393
1519,粤BD01395
1520,粤BD01396
1521,粤BD01397
1522,粤BD01401
1523,粤BD01406
1524,粤BD01408
1525,粤BD01410
1526,粤BD01412
1527,粤BD01416
1528,粤BD01417
1529,粤BD01418
1530,粤BD01419
1531,粤BD01420
1532,粤BD01422
1533,粤BD01423
1534,粤BD01425
1535,粤BD01427
1536,粤BD01428
1537,粤BD01429
1538,粤BD01431
1539,粤BD01433
1540,粤BD01439
1541,粤BD01440
1542,粤BD01441
1543,粤BD01442
1544,粤BD01443
1545,粤BD01447
1546,粤BD01449
1547,粤BD01451
1548,粤BD01452
1549,粤BD01457
1550,粤BD01459
1551,粤BD01460
1552,粤BD01462
1553,粤BD01465
1554,粤BD01467
1555,粤BD01468
1556,粤BD01470
1557,粤BD01477
1558,粤BD01479
1559,粤BD01480
1560,粤BD01481
1561,粤BD01482
1562,粤BD01483
1563,粤BD01487
1564,粤BD01491
1565,粤BD01493
1566,粤BD01499
1567,粤BD01507
1568,粤BD01527
1569,粤BD01541
1570,粤BD01542
1571,粤BD01549
1572,粤BD01572
1573,粤BD01579
1574,粤BD01591
1575,粤BD01602
1576,粤BD01603
1577,粤BD01605
1578,粤BD01607
1579,粤BD01609
1580,粤BD01610
1581,粤BD01615
1582,粤BD01617
1583,粤BD01620
1584,粤BD01623
1585,粤BD01625
1586,粤BD01629
1587,粤BD01631
1588,粤BD01633
1589,粤BD01635
1590,粤BD01637
1591,粤BD01638
1592,粤BD01640
1593,粤BD01641
1594,粤BD01643
1595,粤BD01645
1596,粤BD01646
1597,粤BD01647
1598,粤BD01648
1599,粤BD01649
1600,粤BD01656
1601,粤BD01657
1602,粤BD01658
1603,粤BD01659
1604,粤BD01660
1605,粤BD01661
1606,粤BD01662
1607,粤BD01663
1608,粤BD01667
1609,粤BD01670
1610,粤BD01671
1611,粤BD01675
1612,粤BD01677
1613,粤BD01679
1614,粤BD01680
1615,粤BD01681
1616,粤BD01685
1617,粤BD01687
1618,粤BD01690
1619,粤BD01692
1620,粤BD01699
1621,粤BD01702
1622,粤BD01706
1623,粤BD01707
1624,粤BD01709
1625,粤BD01710
1626,粤BD01711
1627,粤BD01712
1628,粤BD01713
1629,粤BD01715
1630,粤BD01719
1631,粤BD01721
1632,粤BD01723
1633,粤BD01725
1634,粤BD01726
1635,粤BD01727
1636,粤BD01728
1637,粤BD01729
1638,粤BD01730
1639,粤BD01735
1640,粤BD01739
1641,粤BD01740
1642,粤BD01741
1643,粤BD01743
1644,粤BD01747
1645,粤BD01748
1646,粤BD01749
1647,粤BD01752
1648,粤BD01753
1649,粤BD01756
1650,粤BD01760
1651,粤BD01762
1652,粤BD01765
1653,粤BD01769
1654,粤BD01772
1655,粤BD01773
1656,粤BD01776
1657,粤BD01779
1658,粤BD01780
1659,粤BD01781
1660,粤BD01783
1661,粤BD01791
1662,粤BD01792
1663,粤BD01797
1664,粤BD01809
1665,粤BD01812
1666,粤BD01819
1667,粤BD01843
1668,粤BD01888
1669,粤BD01941
1670,粤BD01942
1671,粤BD01945
1672,粤BD01946
1673,粤BD01947
1674,粤BD01948
1675,粤BD01973
1676,粤BD02010
1677,粤BD02011
1678,粤BD02013
1679,粤BD02022
1680,粤BD02025
1681,粤BD02028
1682,粤BD02031
1683,粤BD02037
1684,粤BD02038
1685,粤BD02039
1686,粤BD02041
1687,粤BD02042
1688,粤BD02043
1689,粤BD02045
1690,粤BD02046
1691,粤BD02048
1692,粤BD02049
1693,粤BD02050
1694,粤BD02053
1695,粤BD02057
1696,粤BD02059
1697,粤BD02061
1698,粤BD02063
1699,粤BD02067
1700,粤BD02075
1701,粤BD02078
1702,粤BD02082
1703,粤BD02083
1704,粤BD02086
1705,粤BD02087
1706,粤BD02092
1707,粤BD02093
1708,粤BD02097
1709,粤BD02101
1710,粤BD02149
1711,粤BD02202
1712,粤BD02205
1713,粤BD02207
1714,粤BD02209
1715,粤BD02210
1716,粤BD02213
1717,粤BD02215
1718,粤BD02216
1719,粤BD02217
1720,粤BD02220
1721,粤BD02221
1722,粤BD02230
1723,粤BD02235
1724,粤BD02239
1725,粤BD02240
1726,粤BD02241
1727,粤BD02242
1728,粤BD02243
1729,粤BD02245
1730,粤BD02247
1731,粤BD02248
1732,粤BD02249
1733,粤BD02250
1734,粤BD02253
1735,粤BD02256
1736,粤BD02259
1737,粤BD02262
1738,粤BD02265
1739,粤BD02267
1740,粤BD02272
1741,粤BD02273
1742,粤BD02275
1743,粤BD02276
1744,粤BD02279
1745,粤BD02281
1746,粤BD02287
1747,粤BD02291
1748,粤BD02295
1749,粤BD02297
1750,粤BD02342
1751,粤BD02343
1752,粤BD02347
1753,粤BD02373
1754,粤BD02375
1755,粤BD02397
1756,粤BD02401
1757,粤BD02402
1758,粤BD02403
1759,粤BD02405
1760,粤BD02406
1761,粤BD02409
1762,粤BD02410
1763,粤BD02411
1764,粤BD02413
1765,粤BD02415
1766,粤BD02417
1767,粤BD02419
1768,粤BD02420
1769,粤BD02421
1770,粤BD02423
1771,粤BD02425
1772,粤BD02427
1773,粤BD02428
1774,粤BD02431
1775,粤BD02435
1776,粤BD02436
1777,粤BD02437
1778,粤BD02439
1779,粤BD02440
1780,粤BD02441
1781,粤BD02442
1782,粤BD02445
1783,粤BD02447
1784,粤BD02449
1785,粤BD02451
1786,粤BD02453
1787,粤BD02457
1788,粤BD02458
1789,粤BD02459
1790,粤BD02461
1791,粤BD02462
1792,粤BD02463
1793,粤BD02465
1794,粤BD02469
1795,粤BD02473
1796,粤BD02475
1797,粤BD02477
1798,粤BD02481
1799,粤BD02482
1800,粤BD02483
1801,粤BD02486
1802,粤BD02489
1803,粤BD02490
1804,粤BD02491
1805,粤BD02492
1806,粤BD02493
1807,粤BD02495
1808,粤BD02496
1809,粤BD02497
1810,粤BD02498
1811,粤BD02499
1812,粤BD02515
1813,粤BD02540
1814,粤BD02547
1815,粤BD02549
1816,粤BD02613
1817,粤BD02622
1818,粤BD02642
1819,粤BD02649
1820,粤BD02650
1821,粤BD02656
1822,粤BD02703
1823,粤BD02705
1824,粤BD02706
1825,粤BD02707
1826,粤BD02710
1827,粤BD02711
1828,粤BD02712
1829,粤BD02713
1830,粤BD02715
1831,粤BD02716
1832,粤BD02719
1833,粤BD02720
1834,粤BD02721
1835,粤BD02722
1836,粤BD02723
1837,粤BD02725
1838,粤BD02726
1839,粤BD02729
1840,粤BD02730
1841,粤BD02731
1842,粤BD02732
1843,粤BD02733
1844,粤BD02736
1845,粤BD02739
1846,粤BD02740
1847,粤BD02742
1848,粤BD02743
1849,粤BD02747
1850,粤BD02748
1851,粤BD02749
1852,粤BD02750
1853,粤BD02751
1854,粤BD02752
1855,粤BD02753
1856,粤BD02755
1857,粤BD02761
1858,粤BD02762
1859,粤BD02763
1860,粤BD02765
1861,粤BD02766
1862,粤BD02767
1863,粤BD02770
1864,粤BD02771
1865,粤BD02772
1866,粤BD02773
1867,粤BD02775
1868,粤BD02776
1869,粤BD02780
1870,粤BD02781
1871,粤BD02782
1872,粤BD02783
1873,粤BD02785
1874,粤BD02786
1875,粤BD02789
1876,粤BD02792
1877,粤BD02795
1878,粤BD02796
1879,粤BD02798
1880,粤BD02799
1881,粤BD02802
1882,粤BD02803
1883,粤BD02807
1884,粤BD02810
1885,粤BD02811
1886,粤BD02812
1887,粤BD02813
1888,粤BD02815
1889,粤BD02817
1890,粤BD02820
1891,粤BD02821
1892,粤BD02822
1893,粤BD02823
1894,粤BD02828
1895,粤BD02829
1896,粤BD02831
1897,粤BD02832
1898,粤BD02833
1899,粤BD02835
1900,粤BD02836
1901,粤BD02837
1902,粤BD02839
1903,粤BD02840
1904,粤BD02841
1905,粤BD02842
1906,粤BD02843
1907,粤BD02845
1908,粤BD02846
1909,粤BD02847
1910,粤BD02848
1911,粤BD02849
1912,粤BD02850
1913,粤BD02857
1914,粤BD02859
1915,粤BD02862
1916,粤BD02863
1917,粤BD02867
1918,粤BD02870
1919,粤BD02872
1920,粤BD02873
1921,粤BD02875
1922,粤BD02876
1923,粤BD02877
1924,粤BD02878
1925,粤BD02879
1926,粤BD02882
1927,粤BD02883
1928,粤BD02888
1929,粤BD02892
1930,粤BD02893
1931,粤BD02895
1932,粤BD02898
1933,粤BD02899
1934,粤BD02900
1935,粤BD02901
1936,粤BD02902
1937,粤BD02903
1938,粤BD02905
1939,粤BD02910
1940,粤BD02911
1941,粤BD02913
1942,粤BD02916
1943,粤BD02917
1944,粤BD02920
1945,粤BD02923
1946,粤BD02925
1947,粤BD02926
1948,粤BD02930
1949,粤BD02931
1950,粤BD02932
1951,粤BD02937
1952,粤BD02938
1953,粤BD02939
1954,粤BD02940
1955,粤BD02942
1956,粤BD02943
1957,粤BD02945
1958,粤BD02946
1959,粤BD02947
1960,粤BD02948
1961,粤BD02949
1962,粤BD02950
1963,粤BD02952
1964,粤BD02957
1965,粤BD02962
1966,粤BD02963
1967,粤BD02965
1968,粤BD02966
1969,粤BD02970
1970,粤BD02971
1971,粤BD02972
1972,粤BD02973
1973,粤BD02977
1974,粤BD02978
1975,粤BD02981
1976,粤BD02982
1977,粤BD02991
1978,粤BD02993
1979,粤BD03017
1980,粤BD03027
1981,粤BD03041
1982,粤BD03045
1983,粤BD03046
1984,粤BD03047
1985,粤BD03067
1986,粤BD03071
1987,粤BD03077
1988,粤BD03079
1989,粤BD03127
1990,粤BD03137
1991,粤BD03141
1992,粤BD03142
1993,粤BD03145
1994,粤BD03147
1995,粤BD03157
1996,粤BD03201
1997,粤BD03202
1998,粤BD03203
1999,粤BD03205
2000,粤BD03208
2001,粤BD03209
2002,粤BD03213
2003,粤BD03217
2004,粤BD03218
2005,粤BD03219
2006,粤BD03229
2007,粤BD03230
2008,粤BD03232
2009,粤BD03235
2010,粤BD03236
2011,粤BD03238
2012,粤BD03239
2013,粤BD03241
2014,粤BD03242
2015,粤BD03247
2016,粤BD03248
2017,粤BD03249
2018,粤BD03251
2019,粤BD03252
2020,粤BD03253
2021,粤BD03257
2022,粤BD03258
2023,粤BD03261
2024,粤BD03267
2025,粤BD03268
2026,粤BD03273
2027,粤BD03276
2028,粤BD03280
2029,粤BD03281
2030,粤BD03282
2031,粤BD03285
2032,粤BD03287
2033,粤BD03292
2034,粤BD03295
2035,粤BD03299
2036,粤BD03300
2037,粤BD03301
2038,粤BD03302
2039,粤BD03305
2040,粤BD03309
2041,粤BD03311
2042,粤BD03315
2043,粤BD03317
2044,粤BD03319
2045,粤BD03320
2046,粤BD03322
2047,粤BD03325
2048,粤BD03332
2049,粤BD03337
2050,粤BD03340
2051,粤BD03341
2052,粤BD03342
2053,粤BD03343
2054,粤BD03345
2055,粤BD03346
2056,粤BD03349
2057,粤BD03350
2058,粤BD03351
2059,粤BD03352
2060,粤BD03357
2061,粤BD03358
2062,粤BD03361
2063,粤BD03362
2064,粤BD03363
2065,粤BD03370
2066,粤BD03375
2067,粤BD03379
2068,粤BD03380
2069,粤BD03381
2070,粤BD03386
2071,粤BD03387
2072,粤BD03389
2073,粤BD03391
2074,粤BD03397
2075,粤BD03401
2076,粤BD03402
2077,粤BD03403
2078,粤BD03405
2079,粤BD03406
2080,粤BD03407
2081,粤BD03409
2082,粤BD03410
2083,粤BD03411
2084,粤BD03412
2085,粤BD03416
2086,粤BD03417
2087,粤BD03418
2088,粤BD03421
2089,粤BD03422
2090,粤BD03423
2091,粤BD03426
2092,粤BD03428
2093,粤BD03431
2094,粤BD03432
2095,粤BD03436
2096,粤BD03439
2097,粤BD03441
2098,粤BD03443
2099,粤BD03445
2100,粤BD03446
2101,粤BD03447
2102,粤BD03448
2103,粤BD03449
2104,粤BD03452
2105,粤BD03460
2106,粤BD03463
2107,粤BD03470
2108,粤BD03475
2109,粤BD03477
2110,粤BD03479
2111,粤BD03481
2112,粤BD03489
2113,粤BD03490
2114,粤BD03491
2115,粤BD03492
2116,粤BD03493
2117,粤BD03497
2118,粤BD03498
2119,粤BD03499
2120,粤BD03500
2121,粤BD03501
2122,粤BD03505
2123,粤BD03508
2124,粤BD03509
2125,粤BD03517
2126,粤BD03519
2127,粤BD03521
2128,粤BD03525
2129,粤BD03527
2130,粤BD03529
2131,粤BD03531
2132,粤BD03532
2133,粤BD03533
2134,粤BD03535
2135,粤BD03536
2136,粤BD03537
2137,粤BD03538
2138,粤BD03541
2139,粤BD03542
2140,粤BD03547
2141,粤BD03551
2142,粤BD03552
2143,粤BD03553
2144,粤BD03555
2145,粤BD03559
2146,粤BD03560
2147,粤BD03562
2148,粤BD03565
2149,粤BD03566
2150,粤BD03569
2151,粤BD03576
2152,粤BD03578
2153,粤BD03585
2154,粤BD03587
2155,粤BD03590
2156,粤BD03591
2157,粤BD03593
2158,粤BD03595
2159,粤BD03597
2160,粤BD03605
2161,粤BD03606
2162,粤BD03611
2163,粤BD03612
2164,粤BD03615
2165,粤BD03627
2166,粤BD03637
2167,粤BD03640
2168,粤BD03641
2169,粤BD03642
2170,粤BD03643
2171,粤BD03645
2172,粤BD03646
2173,粤BD03647
2174,粤BD03648
2175,粤BD03649
2176,粤BD03651
2177,粤BD03652
2178,粤BD03653
2179,粤BD03657
2180,粤BD03659
2181,粤BD03670
2182,粤BD03671
2183,粤BD03672
2184,粤BD03675
2185,粤BD03676
2186,粤BD03692
2187,粤BD03693
2188,粤BD03703
2189,粤BD03706
2190,粤BD03707
2191,粤BD03710
2192,粤BD03711
2193,粤BD03712
2194,粤BD03713
2195,粤BD03715
2196,粤BD03717
2197,粤BD03718
2198,粤BD03719
2199,粤BD03720
2200,粤BD03722
2201,粤BD03725
2202,粤BD03726
2203,粤BD03727
2204,粤BD03729
2205,粤BD03730
2206,粤BD03731
2207,粤BD03732
2208,粤BD03733
2209,粤BD03736
2210,粤BD03738
2211,粤BD03739
2212,粤BD03740
2213,粤BD03741
2214,粤BD03742
2215,粤BD03743
2216,粤BD03745
2217,粤BD03746
2218,粤BD03747
2219,粤BD03748
2220,粤BD03749
2221,粤BD03750
2222,粤BD03751
2223,粤BD03752
2224,粤BD03753
2225,粤BD03756
2226,粤BD03758
2227,粤BD03760
2228,粤BD03761
2229,粤BD03762
2230,粤BD03763
2231,粤BD03766
2232,粤BD03767
2233,粤BD03769
2234,粤BD03770
2235,粤BD03772
2236,粤BD03773
2237,粤BD03776
2238,粤BD03777
2239,粤BD03779
2240,粤BD03780
2241,粤BD03782
2242,粤BD03783
2243,粤BD03785
2244,粤BD03787
2245,粤BD03790
2246,粤BD03792
2247,粤BD03793
2248,粤BD03795
2249,粤BD03796
2250,粤BD03797
2251,粤BD03841
2252,粤BD03847
2253,粤BD03848
2254,粤BD03876
2255,粤BD03917
2256,粤BD03927
2257,粤BD03940
2258,粤BD03943
2259,粤BD03945
2260,粤BD03946
2261,粤BD03948
2262,粤BD03949
2263,粤BD03970
2264,粤BD03972
2265,粤BD03976
2266,粤BD04001
2267,粤BD04002
2268,粤BD04003
2269,粤BD04005
2270,粤BD04006
2271,粤BD04008
2272,粤BD04009
2273,粤BD04010
2274,粤BD04011
2275,粤BD04012
2276,粤BD04013
2277,粤BD04015
2278,粤BD04016
2279,粤BD04017
2280,粤BD04019
2281,粤BD04020
2282,粤BD04021
2283,粤BD04025
2284,粤BD04026
2285,粤BD04027
2286,粤BD04029
2287,粤BD04030
2288,粤BD04031
2289,粤BD04033
2290,粤BD04035
2291,粤BD04037
2292,粤BD04038
2293,粤BD04039
2294,粤BD04040
2295,粤BD04041
2296,粤BD04042
2297,粤BD04043
2298,粤BD04045
2299,粤BD04048
2300,粤BD04049
2301,粤BD04050
2302,粤BD04051
2303,粤BD04052
2304,粤BD04053
2305,粤BD04055
2306,粤BD04056
2307,粤BD04059
2308,粤BD04060
2309,粤BD04061
2310,粤BD04062
2311,粤BD04063
2312,粤BD04065
2313,粤BD04066
2314,粤BD04067
2315,粤BD04069
2316,粤BD04072
2317,粤BD04073
2318,粤BD04076
2319,粤BD04077
2320,粤BD04078
2321,粤BD04079
2322,粤BD04081
2323,粤BD04082
2324,粤BD04083
2325,粤BD04085
2326,粤BD04086
2327,粤BD04087
2328,粤BD04088
2329,粤BD04089
2330,粤BD04090
2331,粤BD04092
2332,粤BD04093
2333,粤BD04095
2334,粤BD04096
2335,粤BD04097
2336,粤BD04100
2337,粤BD04102
2338,粤BD04106
2339,粤BD04107
2340,粤BD04108
2341,粤BD04109
2342,粤BD04111
2343,粤BD04112
2344,粤BD04113
2345,粤BD04115
2346,粤BD04116
2347,粤BD04117
2348,粤BD04119
2349,粤BD04120
2350,粤BD04122
2351,粤BD04123
2352,粤BD04125
2353,粤BD04126
2354,粤BD04127
2355,粤BD04128
2356,粤BD04129
2357,粤BD04130
2358,粤BD04131
2359,粤BD04133
2360,粤BD04137
2361,粤BD04139
2362,粤BD04141
2363,粤BD04142
2364,粤BD04143
2365,粤BD04146
2366,粤BD04147
2367,粤BD04148
2368,粤BD04150
2369,粤BD04151
2370,粤BD04152
2371,粤BD04153
2372,粤BD04155
2373,粤BD04157
2374,粤BD04162
2375,粤BD04163
2376,粤BD04165
2377,粤BD04168
2378,粤BD04170
2379,粤BD04171
2380,粤BD04172
2381,粤BD04173
2382,粤BD04176
2383,粤BD04179
2384,粤BD04180
2385,粤BD04181
2386,粤BD04183
2387,粤BD04189
2388,粤BD04191
2389,粤BD04192
2390,粤BD04193
2391,粤BD04196
2392,粤BD04197
2393,粤BD04199
2394,粤BD04201
2395,粤BD04202
2396,粤BD04206
2397,粤BD04207
2398,粤BD04210
2399,粤BD04211
2400,粤BD04212
2401,粤BD04213
2402,粤BD04215
2403,粤BD04216
2404,粤BD04217
2405,粤BD04218
2406,粤BD04220
2407,粤BD04221
2408,粤BD04223
2409,粤BD04225
2410,粤BD04226
2411,粤BD04227
2412,粤BD04228
2413,粤BD04230
2414,粤BD04231
2415,粤BD04232
2416,粤BD04233
2417,粤BD04236
2418,粤BD04237
2419,粤BD04239
2420,粤BD04240
2421,粤BD04241
2422,粤BD04243
2423,粤BD04245
2424,粤BD04246
2425,粤BD04247
2426,粤BD04249
2427,粤BD04250
2428,粤BD04251
2429,粤BD04252
2430,粤BD04253
2431,粤BD04255
2432,粤BD04256
2433,粤BD04257
2434,粤BD04259
2435,粤BD04260
2436,粤BD04261
2437,粤BD04262
2438,粤BD04263
2439,粤BD04265
2440,粤BD04266
2441,粤BD04268
2442,粤BD04270
2443,粤BD04271
2444,粤BD04273
2445,粤BD04275
2446,粤BD04276
2447,粤BD04277
2448,粤BD04278
2449,粤BD04282
2450,粤BD04283
2451,粤BD04285
2452,粤BD04286
2453,粤BD04287
2454,粤BD04289
2455,粤BD04290
2456,粤BD04291
2457,粤BD04292
2458,粤BD04295
2459,粤BD04296
2460,粤BD04297
2461,粤BD04298
2462,粤BD04299
2463,粤BD04300
2464,粤BD04302
2465,粤BD04303
2466,粤BD04305
2467,粤BD04306
2468,粤BD04308
2469,粤BD04310
2470,粤BD04312
2471,粤BD04313
2472,粤BD04315
2473,粤BD04316
2474,粤BD04318
2475,粤BD04319
2476,粤BD04320
2477,粤BD04322
2478,粤BD04323
2479,粤BD04325
2480,粤BD04326
2481,粤BD04328
2482,粤BD04329
2483,粤BD04330
2484,粤BD04331
2485,粤BD04332
2486,粤BD04335
2487,粤BD04336
2488,粤BD04337
2489,粤BD04338
2490,粤BD04339
2491,粤BD04340
2492,粤BD04341
2493,粤BD04342
2494,粤BD04345
2495,粤BD04346
2496,粤BD04347
2497,粤BD04348
2498,粤BD04350
2499,粤BD04351
2500,粤BD04352
2501,粤BD04353
2502,粤BD04355
2503,粤BD04356
2504,粤BD04357
2505,粤BD04358
2506,粤BD04359
2507,粤BD04360
2508,粤BD04361
2509,粤BD04362
2510,粤BD04363
2511,粤BD04365
2512,粤BD04366
2513,粤BD04367
2514,粤BD04368
2515,粤BD04369
2516,粤BD04370
2517,粤BD04371
2518,粤BD04372
2519,粤BD04373
2520,粤BD04375
2521,粤BD04376
2522,粤BD04377
2523,粤BD04378
2524,粤BD04379
2525,粤BD04380
2526,粤BD04381
2527,粤BD04382
2528,粤BD04383
2529,粤BD04385
2530,粤BD04389
2531,粤BD04390
2532,粤BD04391
2533,粤BD04393
2534,粤BD04395
2535,粤BD04396
2536,粤BD04397
2537,粤BD04398
2538,粤BD04401
2539,粤BD04402
2540,粤BD04403
2541,粤BD04405
2542,粤BD04406
2543,粤BD04408
2544,粤BD04410
2545,粤BD04412
2546,粤BD04413
2547,粤BD04415
2548,粤BD04417
2549,粤BD04418
2550,粤BD04420
2551,粤BD04421
2552,粤BD04422
2553,粤BD04423
2554,粤BD04425
2555,粤BD04427
2556,粤BD04428
2557,粤BD04431
2558,粤BD04432
2559,粤BD04436
2560,粤BD04437
2561,粤BD04438
2562,粤BD04439
2563,粤BD04450
2564,粤BD04451
2565,粤BD04452
2566,粤BD04453
2567,粤BD04456
2568,粤BD04457
2569,粤BD04458
2570,粤BD04461
2571,粤BD04462
2572,粤BD04465
2573,粤BD04467
2574,粤BD04470
2575,粤BD04472
2576,粤BD04473
2577,粤BD04475
2578,粤BD04476
2579,粤BD04478
2580,粤BD04480
2581,粤BD04481
2582,粤BD04482
2583,粤BD04483
2584,粤BD04485
2585,粤BD04486
2586,粤BD04489
2587,粤BD04493
2588,粤BD04495
2589,粤BD04497
2590,粤BD04498
2591,粤BD04501
2592,粤BD04502
2593,粤BD04503
2594,粤BD04505
2595,粤BD04507
2596,粤BD04510
2597,粤BD04511
2598,粤BD04513
2599,粤BD04515
2600,粤BD04516
2601,粤BD04517
2602,粤BD04518
2603,粤BD04520
2604,粤BD04522
2605,粤BD04523
2606,粤BD04527
2607,粤BD04529
2608,粤BD04535
2609,粤BD04536
2610,粤BD04537
2611,粤BD04540
2612,粤BD04541
2613,粤BD04546
2614,粤BD04547
2615,粤BD04549
2616,粤BD04551
2617,粤BD04552
2618,粤BD04553
2619,粤BD04561
2620,粤BD04562
2621,粤BD04570
2622,粤BD04571
2623,粤BD04572
2624,粤BD04573
2625,粤BD04575
2626,粤BD04576
2627,粤BD04577
2628,粤BD04579
2629,粤BD04580
2630,粤BD04581
2631,粤BD04585
2632,粤BD04586
2633,粤BD04587
2634,粤BD04589
2635,粤BD04592
2636,粤BD04593
2637,粤BD04595
2638,粤BD04596
2639,粤BD04602
2640,粤BD04603
2641,粤BD04605
2642,粤BD04606
2643,粤BD04607
2644,粤BD04611
2645,粤BD04613
2646,粤BD04619
2647,粤BD04620
2648,粤BD04621
2649,粤BD04622
2650,粤BD04623
2651,粤BD04625
2652,粤BD04626
2653,粤BD04627
2654,粤BD04628
2655,粤BD04629
2656,粤BD04632
2657,粤BD04633
2658,粤BD04635
2659,粤BD04637
2660,粤BD04638
2661,粤BD04639
2662,粤BD04643
2663,粤BD04648
2664,粤BD04649
2665,粤BD04650
2666,粤BD04651
2667,粤BD04652
2668,粤BD04655
2669,粤BD04658
2670,粤BD04659
2671,粤BD04660
2672,粤BD04661
2673,粤BD04662
2674,粤BD04667
2675,粤BD04672
2676,粤BD04673
2677,粤BD04678
2678,粤BD04679
2679,粤BD04681
2680,粤BD04682
2681,粤BD04690
2682,粤BD04695
2683,粤BD04696
2684,粤BD04698
2685,粤BD04699
2686,粤BD04700
2687,粤BD04701
2688,粤BD04702
2689,粤BD04703
2690,粤BD04705
2691,粤BD04706
2692,粤BD04709
2693,粤BD04711
2694,粤BD04713
2695,粤BD04715
2696,粤BD04717
2697,粤BD04718
2698,粤BD04719
2699,粤BD04720
2700,粤BD04721
2701,粤BD04722
2702,粤BD04723
2703,粤BD04725
2704,粤BD04726
2705,粤BD04727
2706,粤BD04729
2707,粤BD04730
2708,粤BD04731
2709,粤BD04732
2710,粤BD04733
2711,粤BD04735
2712,粤BD04736
2713,粤BD04737
2714,粤BD04738
2715,粤BD04739
2716,粤BD04740
2717,粤BD04742
2718,粤BD04743
2719,粤BD04746
2720,粤BD04747
2721,粤BD04748
2722,粤BD04750
2723,粤BD04751
2724,粤BD04755
2725,粤BD04756
2726,粤BD04757
2727,粤BD04758
2728,粤BD04760
2729,粤BD04761
2730,粤BD04762
2731,粤BD04763
2732,粤BD04765
2733,粤BD04766
2734,粤BD04767
2735,粤BD04768
2736,粤BD04769
2737,粤BD04771
2738,粤BD04772
2739,粤BD04773
2740,粤BD04775
2741,粤BD04776
2742,粤BD04777
2743,粤BD04778
2744,粤BD04781
2745,粤BD04782
2746,粤BD04783
2747,粤BD04786
2748,粤BD04787
2749,粤BD04789
2750,粤BD04790
2751,粤BD04791
2752,粤BD04792
2753,粤BD04793
2754,粤BD04795
2755,粤BD04799
2756,粤BD04800
2757,粤BD04801
2758,粤BD04802
2759,粤BD04803
2760,粤BD04806
2761,粤BD04807
2762,粤BD04809
2763,粤BD04810
2764,粤BD04811
2765,粤BD04812
2766,粤BD04813
2767,粤BD04815
2768,粤BD04816
2769,粤BD04817
2770,粤BD04818
2771,粤BD04821
2772,粤BD04823
2773,粤BD04825
2774,粤BD04826
2775,粤BD04827
2776,粤BD04828
2777,粤BD04829
2778,粤BD04830
2779,粤BD04831
2780,粤BD04832
2781,粤BD04835
2782,粤BD04836
2783,粤BD04837
2784,粤BD04838
2785,粤BD04839
2786,粤BD04840
2787,粤BD04841
2788,粤BD04842
2789,粤BD04843
2790,粤BD04845
2791,粤BD04846
2792,粤BD04848
2793,粤BD04849
2794,粤BD04850
2795,粤BD04851
2796,粤BD04853
2797,粤BD04855
2798,粤BD04856
2799,粤BD04857
2800,粤BD04858
2801,粤BD04859
2802,粤BD04860
2803,粤BD04861
2804,粤BD04862
2805,粤BD04865
2806,粤BD04866
2807,粤BD04867
2808,粤BD04869
2809,粤BD04870
2810,粤BD04871
2811,粤BD04872
2812,粤BD04875
2813,粤BD04876
2814,粤BD04877
2815,粤BD04878
2816,粤BD04879
2817,粤BD04880
2818,粤BD04881
2819,粤BD04882
2820,粤BD04883
2821,粤BD04885
2822,粤BD04889
2823,粤BD04890
2824,粤BD04891
2825,粤BD04892
2826,粤BD04893
2827,粤BD04895
2828,粤BD04897
2829,粤BD04899
2830,粤BD04902
2831,粤BD04906
2832,粤BD04913
2833,粤BD04917
2834,粤BD04918
2835,粤BD04919
2836,粤BD04921
2837,粤BD04932
2838,粤BD04936
2839,粤BD04942
2840,粤BD04943
2841,粤BD04948
2842,粤BD04959
2843,粤BD04960
2844,粤BD04962
2845,粤BD04967
2846,粤BD04970
2847,粤BD04973
2848,粤BD04991
2849,粤BD05001
2850,粤BD05003
2851,粤BD05007
2852,粤BD05010
2853,粤BD05015
2854,粤BD05016
2855,粤BD05017
2856,粤BD05021
2857,粤BD05022
2858,粤BD05026
2859,粤BD05027
2860,粤BD05029
2861,粤BD05031
2862,粤BD05033
2863,粤BD05037
2864,粤BD05039
2865,粤BD05040
2866,粤BD05041
2867,粤BD05042
2868,粤BD05045
2869,粤BD05046
2870,粤BD05048
2871,粤BD05049
2872,粤BD05050
2873,粤BD05053
2874,粤BD05056
2875,粤BD05060
2876,粤BD05062
2877,粤BD05063
2878,粤BD05065
2879,粤BD05066
2880,粤BD05067
2881,粤BD05070
2882,粤BD05075
2883,粤BD05079
2884,粤BD05083
2885,粤BD05087
2886,粤BD05093
2887,粤BD05107
2888,粤BD05141
2889,粤BD05142
2890,粤BD05143
2891,粤BD05146
2892,粤BD05147
2893,粤BD05148
2894,粤BD05149
2895,粤BD05173
2896,粤BD05197
2897,粤BD05217
2898,粤BD05240
2899,粤BD05242
2900,粤BD05243
2901,粤BD05246
2902,粤BD05248
2903,粤BD05279
2904,粤BD05301
2905,粤BD05302
2906,粤BD05307
2907,粤BD05308
2908,粤BD05309
2909,粤BD05312
2910,粤BD05317
2911,粤BD05320
2912,粤BD05321
2913,粤BD05323
2914,粤BD05326
2915,粤BD05331
2916,粤BD05332
2917,粤BD05339
2918,粤BD05340
2919,粤BD05341
2920,粤BD05342
2921,粤BD05345
2922,粤BD05346
2923,粤BD05347
2924,粤BD05348
2925,粤BD05349
2926,粤BD05351
2927,粤BD05357
2928,粤BD05361
2929,粤BD05363
2930,粤BD05365
2931,粤BD05367
2932,粤BD05370
2933,粤BD05372
2934,粤BD05373
2935,粤BD05375
2936,粤BD05376
2937,粤BD05377
2938,粤BD05379
2939,粤BD05380
2940,粤BD05381
2941,粤BD05389
2942,粤BD05395
2943,粤BD05396
2944,粤BD05397
2945,粤BD05401
2946,粤BD05402
2947,粤BD05403
2948,粤BD05405
2949,粤BD05407
2950,粤BD05409
2951,粤BD05411
2952,粤BD05412
2953,粤BD05413
2954,粤BD05418
2955,粤BD05419
2956,粤BD05420
2957,粤BD05421
2958,粤BD05423
2959,粤BD05426
2960,粤BD05428
2961,粤BD05429
2962,粤BD05437
2963,粤BD05439
2964,粤BD05440
2965,粤BD05441
2966,粤BD05442
2967,粤BD05443
2968,粤BD05446
2969,粤BD05447
2970,粤BD05448
2971,粤BD05462
2972,粤BD05463
2973,粤BD05467
2974,粤BD05468
2975,粤BD05470
2976,粤BD05472
2977,粤BD05473
2978,粤BD05475
2979,粤BD05476
2980,粤BD05479
2981,粤BD05482
2982,粤BD05486
2983,粤BD05487
2984,粤BD05491
2985,粤BD05492
2986,粤BD05493
2987,粤BD05496
2988,粤BD05498
2989,粤BD05499
2990,粤BD05540
2991,粤BD05542
2992,粤BD05546
2993,粤BD05547
2994,粤BD05549
2995,粤BD05601
2996,粤BD05602
2997,粤BD05610
2998,粤BD05611
2999,粤BD05612
3000,粤BD05615
3001,粤BD05617
3002,粤BD05620
3003,粤BD05621
3004,粤BD05623
3005,粤BD05627
3006,粤BD05630
3007,粤BD05632
3008,粤BD05642
3009,粤BD05643
3010,粤BD05645
3011,粤BD05647
3012,粤BD05649
3013,粤BD05652
3014,粤BD05671
3015,粤BD05690
3016,粤BD05695
3017,粤BD05715
3018,粤BD05740
3019,粤BD05741
3020,粤BD05745
3021,粤BD05759
3022,粤BD05782
3023,粤BD05840
3024,粤BD05841
3025,粤BD05843
3026,粤BD05849
3027,粤BD05907
3028,粤BD05940
3029,粤BD05941
3030,粤BD05942
3031,粤BD05945
3032,粤BD05947
3033,粤BD06127
3034,粤BD06140
3035,粤BD06141
3036,粤BD06142
3037,粤BD06145
3038,粤BD06146
3039,粤BD06148
3040,粤BD06149
3041,粤BD06170
3042,粤BD06202
3043,粤BD06207
3044,粤BD06226
3045,粤BD06243
3046,粤BD06245
3047,粤BD06246
3048,粤BD06248
3049,粤BD06265
3050,粤BD06267
3051,粤BD06276
3052,粤BD06279
3053,粤BD06307
3054,粤BD06341
3055,粤BD06346
3056,粤BD06347
3057,粤BD06371
3058,粤BD06403
3059,粤BD06405
3060,粤BD06409
3061,粤BD06410
3062,粤BD06412
3063,粤BD06417
3064,粤BD06419
3065,粤BD06420
3066,粤BD06421
3067,粤BD06423
3068,粤BD06425
3069,粤BD06426
3070,粤BD06428
3071,粤BD06429
3072,粤BD06430
3073,粤BD06432
3074,粤BD06435
3075,粤BD06437
3076,粤BD06439
3077,粤BD06442
3078,粤BD06447
3079,粤BD06448
3080,粤BD06452
3081,粤BD06453
3082,粤BD06455
3083,粤BD06457
3084,粤BD06459
3085,粤BD06460
3086,粤BD06461
3087,粤BD06462
3088,粤BD06463
3089,粤BD06467
3090,粤BD06470
3091,粤BD06471
3092,粤BD06473
3093,粤BD06476
3094,粤BD06477
3095,粤BD06480
3096,粤BD06482
3097,粤BD06486
3098,粤BD06490
3099,粤BD06491
3100,粤BD06495
3101,粤BD06497
3102,粤BD06517
3103,粤BD06530
3104,粤BD06537
3105,粤BD06540
3106,粤BD06541
3107,粤BD06542
3108,粤BD06543
3109,粤BD06547
3110,粤BD06572
3111,粤BD06615
3112,粤BD06617
3113,粤BD06628
3114,粤BD06635
3115,粤BD06637
3116,粤BD06640
3117,粤BD06641
3118,粤BD06642
3119,粤BD06646
3120,粤BD06647
3121,粤BD06648
3122,粤BD06649
3123,粤BD06650
3124,粤BD06651
3125,粤BD06652
3126,粤BD06671
3127,粤BD06673
3128,粤BD06701
3129,粤BD06713
3130,粤BD06715
3131,粤BD06719
3132,粤BD06730
3133,粤BD06732
3134,粤BD06737
3135,粤BD06740
3136,粤BD06745
3137,粤BD06747
3138,粤BD06749
3139,粤BD06752
3140,粤BD06779
3141,粤BD06795
3142,粤BD06841
3143,粤BD06842
3144,粤BD06845
3145,粤BD06940
3146,粤BD06941
3147,粤BD06946
3148,粤BD06947
3149,粤BD06949
3150,粤BD07015
3151,粤BD07025
3152,粤BD07032
3153,粤BD07041
3154,粤BD07042
3155,粤BD07043
3156,粤BD07045
3157,粤BD07047
3158,粤BD07048
3159,粤BD07056
3160,粤BD07057
3161,粤BD07100
3162,粤BD07101
3163,粤BD07103
3164,粤BD07105
3165,粤BD07107
3166,粤BD07112
3167,粤BD07119
3168,粤BD07122
3169,粤BD07125
3170,粤BD07126
3171,粤BD07127
3172,粤BD07130
3173,粤BD07131
3174,粤BD07136
3175,粤BD07137
3176,粤BD07140
3177,粤BD07141
3178,粤BD07142
3179,粤BD07143
3180,粤BD07145
3181,粤BD07148
3182,粤BD07149
3183,粤BD07150
3184,粤BD07152
3185,粤BD07153
3186,粤BD07156
3187,粤BD07157
3188,粤BD07159
3189,粤BD07160
3190,粤BD07163
3191,粤BD07169
3192,粤BD07171
3193,粤BD07180
3194,粤BD07182
3195,粤BD07183
3196,粤BD07185
3197,粤BD07186
3198,粤BD07193
3199,粤BD07197
3200,粤BD07200
3201,粤BD07201
3202,粤BD07202
3203,粤BD07203
3204,粤BD07205
3205,粤BD07206
3206,粤BD07207
3207,粤BD07208
3208,粤BD07209
3209,粤BD07210
3210,粤BD07211
3211,粤BD07212
3212,粤BD07213
3213,粤BD07216
3214,粤BD07217
3215,粤BD07220
3216,粤BD07222
3217,粤BD07225
3218,粤BD07226
3219,粤BD07227
3220,粤BD07230
3221,粤BD07231
3222,粤BD07232
3223,粤BD07233
3224,粤BD07235
3225,粤BD07236
3226,粤BD07237
3227,粤BD07241
3228,粤BD07243
3229,粤BD07246
3230,粤BD07247
3231,粤BD07249
3232,粤BD07250
3233,粤BD07251
3234,粤BD07252
3235,粤BD07253
3236,粤BD07257
3237,粤BD07258
3238,粤BD07259
3239,粤BD07260
3240,粤BD07262
3241,粤BD07263
3242,粤BD07265
3243,粤BD07266
3244,粤BD07267
3245,粤BD07269
3246,粤BD07271
3247,粤BD07273
3248,粤BD07275
3249,粤BD07278
3250,粤BD07280
3251,粤BD07281
3252,粤BD07283
3253,粤BD07285
3254,粤BD07289
3255,粤BD07290
3256,粤BD07291
3257,粤BD07293
3258,粤BD07295
3259,粤BD07296
3260,粤BD07301
3261,粤BD07309
3262,粤BD07310
3263,粤BD07315
3264,粤BD07319
3265,粤BD07321
3266,粤BD07329
3267,粤BD07340
3268,粤BD07341
3269,粤BD07342
3270,粤BD07343
3271,粤BD07345
3272,粤BD07346
3273,粤BD07347
3274,粤BD07349
3275,粤BD07350
3276,粤BD07353
3277,粤BD07356
3278,粤BD07359
3279,粤BD07362
3280,粤BD07365
3281,粤BD07375
3282,粤BD07393
3283,粤BD07397
3284,粤BD07400
3285,粤BD07401
3286,粤BD07402
3287,粤BD07403
3288,粤BD07405
3289,粤BD07406
3290,粤BD07407
3291,粤BD07408
3292,粤BD07409
3293,粤BD07410
3294,粤BD07411
3295,粤BD07412
3296,粤BD07413
3297,粤BD07415
3298,粤BD07418
3299,粤BD07419
3300,粤BD07420
3301,粤BD07421
3302,粤BD07422
3303,粤BD07423
3304,粤BD07426
3305,粤BD07427
3306,粤BD07431
3307,粤BD07432
3308,粤BD07433
3309,粤BD07438
3310,粤BD07439
3311,粤BD07440
3312,粤BD07442
3313,粤BD07443
3314,粤BD07446
3315,粤BD07448
3316,粤BD07449
3317,粤BD07452
3318,粤BD07455
3319,粤BD07456
3320,粤BD07457
3321,粤BD07459
3322,粤BD07460
3323,粤BD07461
3324,粤BD07462
3325,粤BD07465
3326,粤BD07466
3327,粤BD07467
3328,粤BD07468
3329,粤BD07469
3330,粤BD07471
3331,粤BD07472
3332,粤BD07473
3333,粤BD07475
3334,粤BD07476
3335,粤BD07478
3336,粤BD07479
3337,粤BD07481
3338,粤BD07482
3339,粤BD07483
3340,粤BD07485
3341,粤BD07486
3342,粤BD07487
3343,粤BD07489
3344,粤BD07490
3345,粤BD07492
3346,粤BD07493
3347,粤BD07496
3348,粤BD07497
3349,粤BD07498
3350,粤BD07499
3351,粤BD07501
3352,粤BD07505
3353,粤BD07506
3354,粤BD07509
3355,粤BD07511
3356,粤BD07515
3357,粤BD07519
3358,粤BD07520
3359,粤BD07521
3360,粤BD07523
3361,粤BD07525
3362,粤BD07528
3363,粤BD07530
3364,粤BD07531
3365,粤BD07532
3366,粤BD07537
3367,粤BD07540
3368,粤BD07541
3369,粤BD07542
3370,粤BD07543
3371,粤BD07546
3372,粤BD07547
3373,粤BD07549
3374,粤BD07563
3375,粤BD07568
3376,粤BD07571
3377,粤BD07573
3378,粤BD07578
3379,粤BD07583
3380,粤BD07585
3381,粤BD07590
3382,粤BD07591
3383,粤BD07592
3384,粤BD07593
3385,粤BD07595
3386,粤BD07597
3387,粤BD07601
3388,粤BD07603
3389,粤BD07613
3390,粤BD07615
3391,粤BD07617
3392,粤BD07621
3393,粤BD07622
3394,粤BD07631
3395,粤BD07640
3396,粤BD07642
3397,粤BD07643
3398,粤BD07645
3399,粤BD07646
3400,粤BD07648
3401,粤BD07649
3402,粤BD07651
3403,粤BD07692
3404,粤BD07693
3405,粤BD07695
3406,粤BD07701
3407,粤BD07709
3408,粤BD07710
3409,粤BD07720
3410,粤BD07731
3411,粤BD07732
3412,粤BD07735
3413,粤BD07740
3414,粤BD07741
3415,粤BD07742
3416,粤BD07745
3417,粤BD07746
3418,粤BD07747
3419,粤BD07748
3420,粤BD07749
3421,粤BD07751
3422,粤BD07753
3423,粤BD07756
3424,粤BD07757
3425,粤BD07762
3426,粤BD07763
3427,粤BD07780
3428,粤BD07785
3429,粤BD07791
3430,粤BD07793
3431,粤BD07801
3432,粤BD07802
3433,粤BD07803
3434,粤BD07805
3435,粤BD07806
3436,粤BD07808
3437,粤BD07810
3438,粤BD07811
3439,粤BD07812
3440,粤BD07815
3441,粤BD07816
3442,粤BD07817
3443,粤BD07819
3444,粤BD07821
3445,粤BD07822
3446,粤BD07823
3447,粤BD07825
3448,粤BD07826
3449,粤BD07827
3450,粤BD07828
3451,粤BD07829
3452,粤BD07830
3453,粤BD07831
3454,粤BD07832
3455,粤BD07833
3456,粤BD07837
3457,粤BD07838
3458,粤BD07839
3459,粤BD07840
3460,粤BD07841
3461,粤BD07842
3462,粤BD07843
3463,粤BD07845
3464,粤BD07847
3465,粤BD07848
3466,粤BD07850
3467,粤BD07852
3468,粤BD07855
3469,粤BD07856
3470,粤BD07857
3471,粤BD07858
3472,粤BD07859
3473,粤BD07860
3474,粤BD07862
3475,粤BD07863
3476,粤BD07865
3477,粤BD07867
3478,粤BD07868
3479,粤BD07869
3480,粤BD07871
3481,粤BD07873
3482,粤BD07875
3483,粤BD07876
3484,粤BD07877
3485,粤BD07880
3486,粤BD07881
3487,粤BD07883
3488,粤BD07887
3489,粤BD07889
3490,粤BD07891
3491,粤BD07892
3492,粤BD07893
3493,粤BD07897
3494,粤BD07899
3495,粤BD08042
3496,粤BD08043
3497,粤BD08049
3498,粤BD08072
3499,粤BD08100
3500,粤BD08102
3501,粤BD08103
3502,粤BD08107
3503,粤BD08110
3504,粤BD08112
3505,粤BD08120
3506,粤BD08122
3507,粤BD08126
3508,粤BD08127
3509,粤BD08130
3510,粤BD08137
3511,粤BD08140
3512,粤BD08142
3513,粤BD08143
3514,粤BD08145
3515,粤BD08148
3516,粤BD08149
3517,粤BD08155
3518,粤BD08156
3519,粤BD08159
3520,粤BD08163
3521,粤BD08170
3522,粤BD08176
3523,粤BD08181
3524,粤BD08185
3525,粤BD08192
3526,粤BD08199
3527,粤BD08205
3528,粤BD08207
3529,粤BD08209
3530,粤BD08210
3531,粤BD08215
3532,粤BD08230
3533,粤BD08237
3534,粤BD08246
3535,粤BD08251
3536,粤BD08256
3537,粤BD08263
3538,粤BD08267
3539,粤BD08270
3540,粤BD08273
3541,粤BD08275
3542,粤BD08276
3543,粤BD08290
3544,粤BD08293
3545,粤BD08296
3546,粤BD08342
3547,粤BD08346
3548,粤BD08347
3549,粤BD08348
3550,粤BD08349
3551,粤BD08413
3552,粤BD08427
3553,粤BD08442
3554,粤BD08452
3555,粤BD08457
3556,粤BD08467
3557,粤BD08475
3558,粤BD08521
3559,粤BD08527
3560,粤BD08540
3561,粤BD08541
3562,粤BD08543
3563,粤BD08548
3564,粤BD08549
3565,粤BD08572
3566,粤BD08596
3567,粤BD08600
3568,粤BD08602
3569,粤BD08603
3570,粤BD08605
3571,粤BD08606
3572,粤BD08607
3573,粤BD08608
3574,粤BD08609
3575,粤BD08610
3576,粤BD08611
3577,粤BD08618
3578,粤BD08619
3579,粤BD08620
3580,粤BD08622
3581,粤BD08625
3582,粤BD08627
3583,粤BD08630
3584,粤BD08631
3585,粤BD08632
3586,粤BD08636
3587,粤BD08638
3588,粤BD08639
3589,粤BD08641
3590,粤BD08642
3591,粤BD08643
3592,粤BD08645
3593,粤BD08646
3594,粤BD08647
3595,粤BD08648
3596,粤BD08649
3597,粤BD08650
3598,粤BD08651
3599,粤BD08652
3600,粤BD08653
3601,粤BD08655
3602,粤BD08656
3603,粤BD08659
3604,粤BD08661
3605,粤BD08665
3606,粤BD08668
3607,粤BD08671
3608,粤BD08672
3609,粤BD08675
3610,粤BD08678
3611,粤BD08679
3612,粤BD08680
3613,粤BD08681
3614,粤BD08682
3615,粤BD08683
3616,粤BD08685
3617,粤BD08686
3618,粤BD08687
3619,粤BD08691
3620,粤BD08693
3621,粤BD08695
3622,粤BD08696
3623,粤BD08698
3624,粤BD08717
3625,粤BD08725
3626,粤BD08727
3627,粤BD08735
3628,粤BD08742
3629,粤BD08743
3630,粤BD08747
3631,粤BD08757
3632,粤BD08840
3633,粤BD08841
3634,粤BD08843
3635,粤BD08845
3636,粤BD08846
3637,粤BD08847
3638,粤BD08849
3639,粤BD08872
3640,粤BD08892
3641,粤BD08942
3642,粤BD09030
3643,粤BD09042
3644,粤BD09046
3645,粤BD09048
3646,粤BD09050
3647,粤BD09117
3648,粤BD09141
3649,粤BD09142
3650,粤BD09143
3651,粤BD09145
3652,粤BD09147
3653,粤BD09148
3654,粤BD09172
3655,粤BD09176
3656,粤BD09200
3657,粤BD09201
3658,粤BD09205
3659,粤BD09206
3660,粤BD09207
3661,粤BD09208
3662,粤BD09210
3663,粤BD09215
3664,粤BD09218
3665,粤BD09220
3666,粤BD09221
3667,粤BD09222
3668,粤BD09223
3669,粤BD09225
3670,粤BD09226
3671,粤BD09227
3672,粤BD09228
3673,粤BD09231
3674,粤BD09232
3675,粤BD09233
3676,粤BD09235
3677,粤BD09236
3678,粤BD09237
3679,粤BD09240
3680,粤BD09243
3681,粤BD09245
3682,粤BD09246
3683,粤BD09248
3684,粤BD09249
3685,粤BD09250
3686,粤BD09251
3687,粤BD09252
3688,粤BD09253
3689,粤BD09256
3690,粤BD09258
3691,粤BD09260
3692,粤BD09261
3693,粤BD09262
3694,粤BD09263
3695,粤BD09265
3696,粤BD09268
3697,粤BD09270
3698,粤BD09271
3699,粤BD09273
3700,粤BD09276
3701,粤BD09277
3702,粤BD09278
3703,粤BD09283
3704,粤BD09286
3705,粤BD09287
3706,粤BD09289
3707,粤BD09290
3708,粤BD09291
3709,粤BD09295
3710,粤BD09297
3711,粤BD09302
3712,粤BD09306
3713,粤BD09308
3714,粤BD09312
3715,粤BD09315
3716,粤BD09317
3717,粤BD09325
3718,粤BD09341
3719,粤BD09342
3720,粤BD09348
3721,粤BD09351
3722,粤BD09352
3723,粤BD09359
3724,粤BD09363
3725,粤BD09370
3726,粤BD09372
3727,粤BD09375
3728,粤BD09378
3729,粤BD09381
3730,粤BD09382
3731,粤BD09387
3732,粤BD09392
3733,粤BD09400
3734,粤BD09401
3735,粤BD09402
3736,粤BD09403
3737,粤BD09406
3738,粤BD09409
3739,粤BD09410
3740,粤BD09412
3741,粤BD09413
3742,粤BD09415
3743,粤BD09417
3744,粤BD09418
3745,粤BD09419
3746,粤BD09420
3747,粤BD09421
3748,粤BD09422
3749,粤BD09426
3750,粤BD09428
3751,粤BD09430
3752,粤BD09432
3753,粤BD09433
3754,粤BD09435
3755,粤BD09436
3756,粤BD09437
3757,粤BD09439
3758,粤BD09440
3759,粤BD09441
3760,粤BD09443
3761,粤BD09445
3762,粤BD09447
3763,粤BD09449
3764,粤BD09450
3765,粤BD09451
3766,粤BD09452
3767,粤BD09453
3768,粤BD09455
3769,粤BD09456
3770,粤BD09457
3771,粤BD09458
3772,粤BD09459
3773,粤BD09460
3774,粤BD09461
3775,粤BD09462
3776,粤BD09463
3777,粤BD09465
3778,粤BD09467
3779,粤BD09468
3780,粤BD09469
3781,粤BD09470
3782,粤BD09471
3783,粤BD09472
3784,粤BD09473
3785,粤BD09475
3786,粤BD09476
3787,粤BD09477
3788,粤BD09478
3789,粤BD09480
3790,粤BD09481
3791,粤BD09482
3792,粤BD09485
3793,粤BD09486
3794,粤BD09488
3795,粤BD09489
3796,粤BD09490
3797,粤BD09491
3798,粤BD09492
3799,粤BD09495
3800,粤BD09496
3801,粤BD09517
3802,粤BD09540
3803,粤BD09546
3804,粤BD09586
3805,粤BD09651
3806,粤BD09717
3807,粤BD09730
3808,粤BD09741
3809,粤BD09747
3810,粤BD09772
3811,粤BD09795
3812,粤BD09840
3813,粤BD09841
3814,粤BD09843
3815,粤BD09845
3816,粤BD09847
3817,粤BD09940
3818,粤BD09941
3819,粤BD09947
3820,粤BD10018
3821,粤BD10024
3822,粤BD10033
3823,粤BD10161
3824,粤BD10259
3825,粤BD10273
3826,粤BD10276
3827,粤BD10295
3828,粤BD10351
3829,粤BD10392
3830,粤BD10453
3831,粤BD10560
3832,粤BD10568
3833,粤BD10586
3834,粤BD10661
3835,粤BD10676
3836,粤BD10866
3837,粤BD10942
3838,粤BD11002
3839,粤BD11009
3840,粤BD11019
3841,粤BD11081
3842,粤BD11100
3843,粤BD11143
3844,粤BD11161
3845,粤BD11179
3846,粤BD11260
3847,粤BD11345
3848,粤BD11466
3849,粤BD11534
3850,粤BD11627
3851,粤BD11636
3852,粤BD11647
3853,粤BD11664
3854,粤BD11686
3855,粤BD11692
3856,粤BD11697
3857,粤BD11710
3858,粤BD11728
3859,粤BD11805
3860,粤BD11820
3861,粤BD11855
3862,粤BD11859
3863,粤BD11884
3864,粤BD11905
3865,粤BD11972
3866,粤BD11978
3867,粤BD11987
3868,粤BD12052
3869,粤BD12096
3870,粤BD12134
3871,粤BD12157
3872,粤BD12238
3873,粤BD12298
3874,粤BD12320
3875,粤BD12323
3876,粤BD12375
3877,粤BD12381
3878,粤BD12549
3879,粤BD12563
3880,粤BD12587
3881,粤BD12713
3882,粤BD12803
3883,粤BD12901
3884,粤BD12989
3885,粤BD13164
3886,粤BD13187
3887,粤BD13188
3888,粤BD13255
3889,粤BD13303
3890,粤BD13306
3891,粤BD13334
3892,粤BD13383
3893,粤BD13434
3894,粤BD13692
3895,粤BD13853
3896,粤BD13897
3897,粤BD13996
3898,粤BD14379
3899,粤BD14499
3900,粤BD14676
3901,粤BD14877
3902,粤BD15039
3903,粤BD15060
3904,粤BD15080
3905,粤BD15096
3906,粤BD15119
3907,粤BD15134
3908,粤BD15154
3909,粤BD15181
3910,粤BD15198
3911,粤BD15292
3912,粤BD15397
3913,粤BD15573
3914,粤BD15779
3915,粤BD15864
3916,粤BD15944
3917,粤BD15947
3918,粤BD15985
3919,粤BD16079
3920,粤BD16122
3921,粤BD16165
3922,粤BD16219
3923,粤BD16382
3924,粤BD16392
3925,粤BD16482
3926,粤BD16484
3927,粤BD16491
3928,粤BD16579
3929,粤BD16609
3930,粤BD16722
3931,粤BD16754
3932,粤BD16817
3933,粤BD16884
3934,粤BD17110
3935,粤BD17133
3936,粤BD17184
3937,粤BD17336
3938,粤BD17432
3939,粤BD17535
3940,粤BD17555
3941,粤BD17562
3942,粤BD17660
3943,粤BD17734
3944,粤BD17779
3945,粤BD17789
3946,粤BD17868
3947,粤BD17887
3948,粤BD17912
3949,粤BD17916
3950,粤BD17928
3951,粤BD17989
3952,粤BD18007
3953,粤BD18082
3954,粤BD18086
3955,粤BD18114
3956,粤BD18126
3957,粤BD18153
3958,粤BD18226
3959,粤BD18276
3960,粤BD18378
3961,粤BD18397
3962,粤BD18480
3963,粤BD18525
3964,粤BD18566
3965,粤BD18598
3966,粤BD18649
3967,粤BD18658
3968,粤BD18679
3969,粤BD18708
3970,粤BD18716
3971,粤BD18760
3972,粤BD18817
3973,粤BD18839
3974,粤BD18848
3975,粤BD18858
3976,粤BD18960
3977,粤BD18986
3978,粤BD19024
3979,粤BD19032
3980,粤BD19043
3981,粤BD19065
3982,粤BD19125
3983,粤BD19181
3984,粤BD19238
3985,粤BD19382
3986,粤BD19398
3987,粤BD19475
3988,粤BD19529
3989,粤BD19680
3990,粤BD19682
3991,粤BD19752
3992,粤BD19759
3993,粤BD19828
3994,粤BD19922
3995,粤BD19984
3996,粤BD20019
3997,粤BD20032
3998,粤BD20107
3999,粤BD20123
4000,粤BD20315
4001,粤BD20400
4002,粤BD20502
4003,粤BD20503
4004,粤BD20506
4005,粤BD20523
4006,粤BD20599
4007,粤BD20660
4008,粤BD20719
4009,粤BD20805
4010,粤BD20908
4011,粤BD20929
4012,粤BD21192
4013,粤BD21198
4014,粤BD21562
4015,粤BD22062
4016,粤BD22115
4017,粤BD22186
4018,粤BD22249
4019,粤BD22250
4020,粤BD22272
4021,粤BD22285
4022,粤BD22293
4023,粤BD22572
4024,粤BD22586
4025,粤BD22600
4026,粤BD22616
4027,粤BD22628
4028,粤BD22672
4029,粤BD22682
4030,粤BD22782
4031,粤BD22785
4032,粤BD22892
4033,粤BD22909
4034,粤BD22958
4035,粤BD22992
4036,粤BD23032
4037,粤BD23082
4038,粤BD23286
4039,粤BD23307
4040,粤BD23329
4041,粤BD23352
4042,粤BD23541
4043,粤BD23588
4044,粤BD23756
4045,粤BD23772
4046,粤BD23859
4047,粤BD23892
4048,粤BD24017
4049,粤BD24214
4050,粤BD24658
4051,粤BD25007
4052,粤BD25141
4053,粤BD25171
4054,粤BD25230
4055,粤BD25390
4056,粤BD25455
4057,粤BD25506
4058,粤BD25511
4059,粤BD25538
4060,粤BD25551
4061,粤BD25593
4062,粤BD25776
4063,粤BD25809
4064,粤BD25868
4065,粤BD25871
4066,粤BD26060
4067,粤BD26105
4068,粤BD26166
4069,粤BD26239
4070,粤BD26321
4071,粤BD26326
4072,粤BD26568
4073,粤BD26656
4074,粤BD26687
4075,粤BD26799
4076,粤BD26908
4077,粤BD26981
4078,粤BD27119
4079,粤BD27306
4080,粤BD27309
4081,粤BD27556
4082,粤BD27566
4083,粤BD27579
4084,粤BD27797
4085,粤BD28010
4086,粤BD28068
4087,粤BD28258
4088,粤BD28305
4089,粤BD28536
4090,粤BD28741
4091,粤BD28790
4092,粤BD28808
4093,粤BD28870
4094,粤BD28938
4095,粤BD29163
4096,粤BD29221
4097,粤BD29277
4098,粤BD29297
4099,粤BD29321
4100,粤BD29571
4101,粤BD29700
4102,粤BD29806
4103,粤BD29911
4104,粤BD29991
4105,粤BD30226
4106,粤BD30234
4107,粤BD30246
4108,粤BD30263
4109,粤BD30372
4110,粤BD30401
4111,粤BD30784
4112,粤BD30809
4113,粤BD30850
4114,粤BD30853
4115,粤BD31042
4116,粤BD31045
4117,粤BD31051
4118,粤BD31066
4119,粤BD31078
4120,粤BD31105
4121,粤BD31190
4122,粤BD31191
4123,粤BD31216
4124,粤BD31220
4125,粤BD31287
4126,粤BD31290
4127,粤BD31916
4128,粤BD31917
4129,粤BD31962
4130,粤BD32114
4131,粤BD32151
4132,粤BD32177
4133,粤BD32195
4134,粤BD32321
4135,粤BD32362
4136,粤BD32368
4137,粤BD32376
4138,粤BD32457
4139,粤BD32808
4140,粤BD32840
4141,粤BD32876
4142,粤BD32891
4143,粤BD32895
4144,粤BD33016
4145,粤BD33062
4146,粤BD33073
4147,粤BD33125
4148,粤BD33146
4149,粤BD33153
4150,粤BD33279
4151,粤BD33298
4152,粤BD33515
4153,粤BD33518
4154,粤BD33551
4155,粤BD33578
4156,粤BD33587
4157,粤BD33616
4158,粤BD33618
4159,粤BD33622
4160,粤BD33645
4161,粤BD33656
4162,粤BD33680
4163,粤BD33688
4164,粤BD33690
4165,粤BD34708
4166,粤BD34753
4167,粤BD34761
4168,粤BD34781
4169,粤BD35221
4170,粤BD35238
4171,粤BD35243
4172,粤BD35256
4173,粤BD35288
4174,粤BD35295
4175,粤BD35331
4176,粤BD35336
4177,粤BD35376
4178,粤BD35815
4179,粤BD35867
4180,粤BD36521
4181,粤BD36590
4182,粤BD37126
4183,粤BD37147
4184,粤BD37182
4185,粤BD37194
4186,粤BD37336
4187,粤BD37338
4188,粤BD37340
4189,粤BD37370
4190,粤BD37374
4191,粤BD37418
4192,粤BD38332
4193,粤BD38333
4194,粤BD38350
4195,粤BD38397
4196,粤BD38800
4197,粤BD38802
4198,粤BD38853
4199,粤BD38878
4200,粤BD39187
4201,粤BD39229
4202,粤BD39280
4203,粤BD39675
4204,粤BD39693
4205,粤BD40037
4206,粤BD40046
4207,粤BD40048
4208,粤BD40066
4209,粤BD40067
4210,粤BD40070
4211,粤BD40089
4212,粤BD40099
4213,粤BD40142
4214,粤BD40147
4215,粤BD40161
4216,粤BD40175
4217,粤BD40177
4218,粤BD40178
4219,粤BD40187
4220,粤BD40191
4221,粤BD40200
4222,粤BD40201
4223,粤BD40203
4224,粤BD40207
4225,粤BD40208
4226,粤BD40211
4227,粤BD40219
4228,粤BD40220
4229,粤BD40222
4230,粤BD40223
4231,粤BD40227
4232,粤BD40229
4233,粤BD40231
4234,粤BD40232
4235,粤BD40233
4236,粤BD40237
4237,粤BD40238
4238,粤BD40239
4239,粤BD40241
4240,粤BD40243
4241,粤BD40246
4242,粤BD40248
4243,粤BD40253
4244,粤BD40255
4245,粤BD40256
4246,粤BD40257
4247,粤BD40258
4248,粤BD40259
4249,粤BD40261
4250,粤BD40262
4251,粤BD40265
4252,粤BD40266
4253,粤BD40268
4254,粤BD40273
4255,粤BD40275
4256,粤BD40276
4257,粤BD40278
4258,粤BD40279
4259,粤BD40280
4260,粤BD40282
4261,粤BD40283
4262,粤BD40286
4263,粤BD40289
4264,粤BD40297
4265,粤BD40298
4266,粤BD40299
4267,粤BD40305
4268,粤BD40307
4269,粤BD40310
4270,粤BD40315
4271,粤BD40321
4272,粤BD40323
4273,粤BD40327
4274,粤BD40328
4275,粤BD40340
4276,粤BD40347
4277,粤BD40356
4278,粤BD40359
4279,粤BD40362
4280,粤BD40377
4281,粤BD40378
4282,粤BD40381
4283,粤BD40391
4284,粤BD40399
4285,粤BD40405
4286,粤BD40408
4287,粤BD40420
4288,粤BD40426
4289,粤BD40427
4290,粤BD40432
4291,粤BD40436
4292,粤BD40440
4293,粤BD40443
4294,粤BD40445
4295,粤BD40447
4296,粤BD40452
4297,粤BD40461
4298,粤BD40470
4299,粤BD40471
4300,粤BD40473
4301,粤BD40476
4302,粤BD40477
4303,粤BD40480
4304,粤BD40482
4305,粤BD40483
4306,粤BD40489
4307,粤BD40492
4308,粤BD40493
4309,粤BD40498
4310,粤BD40507
4311,粤BD40512
4312,粤BD40531
4313,粤BD40540
4314,粤BD40542
4315,粤BD40545
4316,粤BD40549
4317,粤BD40550
4318,粤BD40561
4319,粤BD40562
4320,粤BD40570
4321,粤BD40571
4322,粤BD40572
4323,粤BD40576
4324,粤BD40579
4325,粤BD40591
4326,粤BD40593
4327,粤BD40616
4328,粤BD40627
4329,粤BD40631
4330,粤BD40632
4331,粤BD40642
4332,粤BD40647
4333,粤BD40657
4334,粤BD40662
4335,粤BD40670
4336,粤BD40677
4337,粤BD40691
4338,粤BD40697
4339,粤BD40701
4340,粤BD40702
4341,粤BD40706
4342,粤BD40708
4343,粤BD40715
4344,粤BD40717
4345,粤BD40718
4346,粤BD40719
4347,粤BD40722
4348,粤BD40727
4349,粤BD40730
4350,粤BD40732
4351,粤BD40737
4352,粤BD40740
4353,粤BD40743
4354,粤BD40746
4355,粤BD40751
4356,粤BD40752
4357,粤BD40755
4358,粤BD40757
4359,粤BD40759
4360,粤BD40761
4361,粤BD40767
4362,粤BD40769
4363,粤BD40771
4364,粤BD40772
4365,粤BD40775
4366,粤BD40776
4367,粤BD40778
4368,粤BD40783
4369,粤BD40786
4370,粤BD40789
4371,粤BD40790
4372,粤BD40793
4373,粤BD40796
4374,粤BD40797
4375,粤BD40799
4376,粤BD40827
4377,粤BD40830
4378,粤BD40831
4379,粤BD40835
4380,粤BD40836
4381,粤BD40871
4382,粤BD40898
4383,粤BD40916
4384,粤BD40919
4385,粤BD40926
4386,粤BD40927
4387,粤BD40930
4388,粤BD40931
4389,粤BD40943
4390,粤BD40947
4391,粤BD40949
4392,粤BD40957
4393,粤BD40958
4394,粤BD40961
4395,粤BD40970
4396,粤BD40971
4397,粤BD40972
4398,粤BD40993
4399,粤BD41021
4400,粤BD41030
4401,粤BD41039
4402,粤BD41046
4403,粤BD41047
4404,粤BD41071
4405,粤BD41077
4406,粤BD41086
4407,粤BD41087
4408,粤BD41092
4409,粤BD41129
4410,粤BD41150
4411,粤BD41170
4412,粤BD41173
4413,粤BD41175
4414,粤BD41183
4415,粤BD41193
4416,粤BD41200
4417,粤BD41203
4418,粤BD41222
4419,粤BD41223
4420,粤BD41225
4421,粤BD41227
4422,粤BD41230
4423,粤BD41233
4424,粤BD41240
4425,粤BD41246
4426,粤BD41250
4427,粤BD41257
4428,粤BD41259
4429,粤BD41261
4430,粤BD41267
4431,粤BD41272
4432,粤BD41275
4433,粤BD41277
4434,粤BD41285
4435,粤BD41287
4436,粤BD41297
4437,粤BD41300
4438,粤BD41302
4439,粤BD41306
4440,粤BD41310
4441,粤BD41326
4442,粤BD41330
4443,粤BD41349
4444,粤BD41350
4445,粤BD41357
4446,粤BD41360
4447,粤BD41361
4448,粤BD41369
4449,粤BD41375
4450,粤BD41376
4451,粤BD41390
4452,粤BD41400
4453,粤BD41401
4454,粤BD41402
4455,粤BD41407
4456,粤BD41408
4457,粤BD41411
4458,粤BD41412
4459,粤BD41413
4460,粤BD41415
4461,粤BD41416
4462,粤BD41417
4463,粤BD41418
4464,粤BD41419
4465,粤BD41420
4466,粤BD41422
4467,粤BD41423
4468,粤BD41425
4469,粤BD41427
4470,粤BD41432
4471,粤BD41436
4472,粤BD41440
4473,粤BD41441
4474,粤BD41442
4475,粤BD41446
4476,粤BD41447
4477,粤BD41449
4478,粤BD41450
4479,粤BD41455
4480,粤BD41456
4481,粤BD41458
4482,粤BD41459
4483,粤BD41462
4484,粤BD41463
4485,粤BD41465
4486,粤BD41466
4487,粤BD41467
4488,粤BD41468
4489,粤BD41469
4490,粤BD41470
4491,粤BD41471
4492,粤BD41477
4493,粤BD41478
4494,粤BD41480
4495,粤BD41481
4496,粤BD41482
4497,粤BD41483
4498,粤BD41486
4499,粤BD41492
4500,粤BD41495
4501,粤BD41498
4502,粤BD41499
4503,粤BD41502
4504,粤BD41517
4505,粤BD41519
4506,粤BD41526
4507,粤BD41527
4508,粤BD41537
4509,粤BD41545
4510,粤BD41570
4511,粤BD41576
4512,粤BD41591
4513,粤BD41600
4514,粤BD41601
4515,粤BD41603
4516,粤BD41605
4517,粤BD41607
4518,粤BD41608
4519,粤BD41609
4520,粤BD41610
4521,粤BD41611
4522,粤BD41613
4523,粤BD41615
4524,粤BD41616
4525,粤BD41617
4526,粤BD41621
4527,粤BD41622
4528,粤BD41623
4529,粤BD41626
4530,粤BD41627
4531,粤BD41628
4532,粤BD41631
4533,粤BD41633
4534,粤BD41635
4535,粤BD41636
4536,粤BD41638
4537,粤BD41640
4538,粤BD41642
4539,粤BD41645
4540,粤BD41647
4541,粤BD41648
4542,粤BD41649
4543,粤BD41650
4544,粤BD41651
4545,粤BD41655
4546,粤BD41657
4547,粤BD41659
4548,粤BD41661
4549,粤BD41662
4550,粤BD41667
4551,粤BD41668
4552,粤BD41669
4553,粤BD41670
4554,粤BD41671
4555,粤BD41675
4556,粤BD41678
4557,粤BD41680
4558,粤BD41683
4559,粤BD41687
4560,粤BD41692
4561,粤BD41698
4562,粤BD41706
4563,粤BD41707
4564,粤BD41711
4565,粤BD41715
4566,粤BD41719
4567,粤BD41725
4568,粤BD41729
4569,粤BD41733
4570,粤BD41735
4571,粤BD41739
4572,粤BD41740
4573,粤BD41742
4574,粤BD41745
4575,粤BD41746
4576,粤BD41756
4577,粤BD41760
4578,粤BD41761
4579,粤BD41763
4580,粤BD41765
4581,粤BD41767
4582,粤BD41776
4583,粤BD41785
4584,粤BD41789
4585,粤BD41796
4586,粤BD41817
4587,粤BD41823
4588,粤BD41829
4589,粤BD41831
4590,粤BD41837
4591,粤BD41842
4592,粤BD41843
4593,粤BD41847
4594,粤BD41872
4595,粤BD41873
4596,粤BD41876
4597,粤BD41880
4598,粤BD41896
4599,粤BD41943
4600,粤BD41945
4601,粤BD41967
4602,粤BD41972
4603,粤BD41978
4604,粤BD42007
4605,粤BD42013
4606,粤BD42027
4607,粤BD42037
4608,粤BD42041
4609,粤BD42042
4610,粤BD42045
4611,粤BD42057
4612,粤BD42091
4613,粤BD42093
4614,粤BD42101
4615,粤BD42103
4616,粤BD42105
4617,粤BD42107
4618,粤BD42117
4619,粤BD42127
4620,粤BD42131
4621,粤BD42135
4622,粤BD42136
4623,粤BD42140
4624,粤BD42143
4625,粤BD42157
4626,粤BD42166
4627,粤BD42177
4628,粤BD42182
4629,粤BD42185
4630,粤BD42196
4631,粤BD42197
4632,粤BD42200
4633,粤BD42201
4634,粤BD42206
4635,粤BD42208
4636,粤BD42211
4637,粤BD42213
4638,粤BD42217
4639,粤BD42218
4640,粤BD42220
4641,粤BD42222
4642,粤BD42223
4643,粤BD42225
4644,粤BD42227
4645,粤BD42228
4646,粤BD42232
4647,粤BD42233
4648,粤BD42239
4649,粤BD42243
4650,粤BD42245
4651,粤BD42248
4652,粤BD42250
4653,粤BD42252
4654,粤BD42255
4655,粤BD42257
4656,粤BD42258
4657,粤BD42260
4658,粤BD42262
4659,粤BD42266
4660,粤BD42271
4661,粤BD42272
4662,粤BD42273
4663,粤BD42277
4664,粤BD42278
4665,粤BD42285
4666,粤BD42286
4667,粤BD42289
4668,粤BD42290
4669,粤BD42293
4670,粤BD42296
4671,粤BD42297
4672,粤BD42298
4673,粤BD42306
4674,粤BD42307
4675,粤BD42309
4676,粤BD42310
4677,粤BD42317
4678,粤BD42319
4679,粤BD42330
4680,粤BD42341
4681,粤BD42343
4682,粤BD42345
4683,粤BD42346
4684,粤BD42349
4685,粤BD42351
4686,粤BD42370
4687,粤BD42375
4688,粤BD42386
4689,粤BD42387
4690,粤BD42390
4691,粤BD42391
4692,粤BD42392
4693,粤BD42400
4694,粤BD42403
4695,粤BD42412
4696,粤BD42416
4697,粤BD42430
4698,粤BD42437
4699,粤BD42440
4700,粤BD42458
4701,粤BD42459
4702,粤BD42460
4703,粤BD42462
4704,粤BD42473
4705,粤BD42482
4706,粤BD42493
4707,粤BD42495
4708,粤BD42501
4709,粤BD42507
4710,粤BD42512
4711,粤BD42516
4712,粤BD42521
4713,粤BD42525
4714,粤BD42531
4715,粤BD42542
4716,粤BD42569
4717,粤BD42571
4718,粤BD42577
4719,粤BD42583
4720,粤BD42591
4721,粤BD42610
4722,粤BD42611
4723,粤BD42612
4724,粤BD42623
4725,粤BD42627
4726,粤BD42651
4727,粤BD42652
4728,粤BD42666
4729,粤BD42668
4730,粤BD42669
4731,粤BD42670
4732,粤BD42672
4733,粤BD42677
4734,粤BD42683
4735,粤BD42687
4736,粤BD42697
4737,粤BD42698
4738,粤BD42705
4739,粤BD42719
4740,粤BD42720
4741,粤BD42741
4742,粤BD42742
4743,粤BD42749
4744,粤BD42755
4745,粤BD42756
4746,粤BD42759
4747,粤BD42771
4748,粤BD42795
4749,粤BD42801
4750,粤BD42802
4751,粤BD42807
4752,粤BD42819
4753,粤BD42821
4754,粤BD42823
4755,粤BD42827
4756,粤BD42835
4757,粤BD42836
4758,粤BD42840
4759,粤BD42841
4760,粤BD42843
4761,粤BD42846
4762,粤BD42848
4763,粤BD42849
4764,粤BD42863
4765,粤BD42867
4766,粤BD42873
4767,粤BD42876
4768,粤BD42877
4769,粤BD42903
4770,粤BD42905
4771,粤BD42917
4772,粤BD42927
4773,粤BD42943
4774,粤BD42945
4775,粤BD42946
4776,粤BD42953
4777,粤BD42965
4778,粤BD42970
4779,粤BD42971
4780,粤BD42975
4781,粤BD42976
4782,粤BD43008
4783,粤BD43013
4784,粤BD43017
4785,粤BD43031
4786,粤BD43041
4787,粤BD43045
4788,粤BD43046
4789,粤BD43047
4790,粤BD43049
4791,粤BD43057
4792,粤BD43070
4793,粤BD43079
4794,粤BD43080
4795,粤BD43091
4796,粤BD43096
4797,粤BD43105
4798,粤BD43110
4799,粤BD43117
4800,粤BD43125
4801,粤BD43126
4802,粤BD43127
4803,粤BD43142
4804,粤BD43143
4805,粤BD43147
4806,粤BD43148
4807,粤BD43151
4808,粤BD43157
4809,粤BD43159
4810,粤BD43161
4811,粤BD43169
4812,粤BD43185
4813,粤BD43190
4814,粤BD43192
4815,粤BD43197
4816,粤BD43198
4817,粤BD43201
4818,粤BD43207
4819,粤BD43209
4820,粤BD43212
4821,粤BD43220
4822,粤BD43233
4823,粤BD43236
4824,粤BD43237
4825,粤BD43241
4826,粤BD43242
4827,粤BD43262
4828,粤BD43271
4829,粤BD43272
4830,粤BD43275
4831,粤BD43285
4832,粤BD43287
4833,粤BD43291
4834,粤BD43305
4835,粤BD43308
4836,粤BD43326
4837,粤BD43331
4838,粤BD43342
4839,粤BD43347
4840,粤BD43352
4841,粤BD43357
4842,粤BD43366
4843,粤BD43382
4844,粤BD43399
4845,粤BD43401
4846,粤BD43405
4847,粤BD43412
4848,粤BD43413
4849,粤BD43422
4850,粤BD43430
4851,粤BD43431
4852,粤BD43442
4853,粤BD43447
4854,粤BD43449
4855,粤BD43451
4856,粤BD43452
4857,粤BD43462
4858,粤BD43465
4859,粤BD43473
4860,粤BD43478
4861,粤BD43481
4862,粤BD43485
4863,粤BD43510
4864,粤BD43516
4865,粤BD43527
4866,粤BD43529
4867,粤BD43541
4868,粤BD43549
4869,粤BD43552
4870,粤BD43557
4871,粤BD43566
4872,粤BD43572
4873,粤BD43577
4874,粤BD43586
4875,粤BD43612
4876,粤BD43621
4877,粤BD43629
4878,粤BD43630
4879,粤BD43642
4880,粤BD43645
4881,粤BD43651
4882,粤BD43652
4883,粤BD43667
4884,粤BD43675
4885,粤BD43679
4886,粤BD43693
4887,粤BD43700
4888,粤BD43701
4889,粤BD43705
4890,粤BD43706
4891,粤BD43710
4892,粤BD43711
4893,粤BD43713
4894,粤BD43717
4895,粤BD43719
4896,粤BD43725
4897,粤BD43729
4898,粤BD43731
4899,粤BD43733
4900,粤BD43739
4901,粤BD43745
4902,粤BD43746
4903,粤BD43750
4904,粤BD43755
4905,粤BD43757
4906,粤BD43758
4907,粤BD43772
4908,粤BD43776
4909,粤BD43778
4910,粤BD43782
4911,粤BD43792
4912,粤BD43798
4913,粤BD43799
4914,粤BD43829
4915,粤BD43837
4916,粤BD43846
4917,粤BD43875
4918,粤BD43940
4919,粤BD44007
4920,粤BD44010
4921,粤BD44015
4922,粤BD44071
4923,粤BD44077
4924,粤BD44079
4925,粤BD44082
4926,粤BD44096
4927,粤BD44101
4928,粤BD44103
4929,粤BD44106
4930,粤BD44107
4931,粤BD44108
4932,粤BD44109
4933,粤BD44112
4934,粤BD44115
4935,粤BD44116
4936,粤BD44126
4937,粤BD44129
4938,粤BD44137
4939,粤BD44139
4940,粤BD44140
4941,粤BD44142
4942,粤BD44143
4943,粤BD44150
4944,粤BD44151
4945,粤BD44162
4946,粤BD44165
4947,粤BD44170
4948,粤BD44171
4949,粤BD44172
4950,粤BD44177
4951,粤BD44183
4952,粤BD44193
4953,粤BD44197
4954,粤BD44201
4955,粤BD44202
4956,粤BD44206
4957,粤BD44207
4958,粤BD44216
4959,粤BD44217
4960,粤BD44219
4961,粤BD44221
4962,粤BD44230
4963,粤BD44232
4964,粤BD44242
4965,粤BD44249
4966,粤BD44256
4967,粤BD44259
4968,粤BD44267
4969,粤BD44275
4970,粤BD44277
4971,粤BD44278
4972,粤BD44280
4973,粤BD44286
4974,粤BD44297
4975,粤BD44309
4976,粤BD44317
4977,粤BD44320
4978,粤BD44321
4979,粤BD44332
4980,粤BD44337
4981,粤BD44339
4982,粤BD44340
4983,粤BD44341
4984,粤BD44346
4985,粤BD44349
4986,粤BD44352
4987,粤BD44357
4988,粤BD44361
4989,粤BD44362
4990,粤BD44367
4991,粤BD44370
4992,粤BD44389
4993,粤BD44392
4994,粤BD44402
4995,粤BD44405
4996,粤BD44406
4997,粤BD44407
4998,粤BD44409
4999,粤BD44418
5000,粤BD44421
5001,粤BD44426
5002,粤BD44431
5003,粤BD44432
5004,粤BD44436
5005,粤BD44449
5006,粤BD44453
5007,粤BD44461
5008,粤BD44462
5009,粤BD44477
5010,粤BD44491
5011,粤BD44492
5012,粤BD44493
5013,粤BD44506
5014,粤BD44516
5015,粤BD44521
5016,粤BD44522
5017,粤BD44527
5018,粤BD44546
5019,粤BD44557
5020,粤BD44561
5021,粤BD44575
5022,粤BD44579
5023,粤BD44583
5024,粤BD44587
5025,粤BD44592
5026,粤BD44602
5027,粤BD44605
5028,粤BD44648
5029,粤BD44661
5030,粤BD44662
5031,粤BD44666
5032,粤BD44670
5033,粤BD44675
5034,粤BD44687
5035,粤BD44697
5036,粤BD44703
5037,粤BD44705
5038,粤BD44715
5039,粤BD44726
5040,粤BD44727
5041,粤BD44730
5042,粤BD44733
5043,粤BD44736
5044,粤BD44738
5045,粤BD44739
5046,粤BD44742
5047,粤BD44749
5048,粤BD44750
5049,粤BD44761
5050,粤BD44763
5051,粤BD44778
5052,粤BD44782
5053,粤BD44792
5054,粤BD44795
5055,粤BD44796
5056,粤BD44799
5057,粤BD44807
5058,粤BD44817
5059,粤BD44820
5060,粤BD44821
5061,粤BD44822
5062,粤BD44827
5063,粤BD44829
5064,粤BD44831
5065,粤BD44832
5066,粤BD44845
5067,粤BD44849
5068,粤BD44857
5069,粤BD44861
5070,粤BD44870
5071,粤BD44875
5072,粤BD44876
5073,粤BD44877
5074,粤BD44895
5075,粤BD44897
5076,粤BD44902
5077,粤BD44913
5078,粤BD44916
5079,粤BD44921
5080,粤BD44927
5081,粤BD44962
5082,粤BD44970
5083,粤BD44972
5084,粤BD45012
5085,粤BD45013
5086,粤BD45019
5087,粤BD45020
5088,粤BD45023
5089,粤BD45041
5090,粤BD45042
5091,粤BD45052
5092,粤BD45056
5093,粤BD45065
5094,粤BD45071
5095,粤BD45073
5096,粤BD45075
5097,粤BD45078
5098,粤BD45087
5099,粤BD45100
5100,粤BD45108
5101,粤BD45109
5102,粤BD45110
5103,粤BD45111
5104,粤BD45113
5105,粤BD45115
5106,粤BD45117
5107,粤BD45121
5108,粤BD45123
5109,粤BD45129
5110,粤BD45132
5111,粤BD45136
5112,粤BD45142
5113,粤BD45143
5114,粤BD45148
5115,粤BD45151
5116,粤BD45159
5117,粤BD45160
5118,粤BD45162
5119,粤BD45165
5120,粤BD45166
5121,粤BD45171
5122,粤BD45173
5123,粤BD45177
5124,粤BD45179
5125,粤BD45189
5126,粤BD45190
5127,粤BD45193
5128,粤BD45196
5129,粤BD45199
5130,粤BD45206
5131,粤BD45219
5132,粤BD45231
5133,粤BD45249
5134,粤BD45257
5135,粤BD45273
5136,粤BD45276
5137,粤BD45351
5138,粤BD45370
5139,粤BD45372
5140,粤BD45401
5141,粤BD45405
5142,粤BD45407
5143,粤BD45413
5144,粤BD45415
5145,粤BD45416
5146,粤BD45425
5147,粤BD45437
5148,粤BD45438
5149,粤BD45442
5150,粤BD45447
5151,粤BD45452
5152,粤BD45453
5153,粤BD45459
5154,粤BD45460
5155,粤BD45463
5156,粤BD45471
5157,粤BD45472
5158,粤BD45477
5159,粤BD45481
5160,粤BD45482
5161,粤BD45489
5162,粤BD45493
5163,粤BD45497
5164,粤BD45506
5165,粤BD45539
5166,粤BD45542
5167,粤BD45543
5168,粤BD45549
5169,粤BD45550
5170,粤BD45570
5171,粤BD45579
5172,粤BD45583
5173,粤BD45587
5174,粤BD45588
5175,粤BD45599
5176,粤BD45601
5177,粤BD45617
5178,粤BD45628
5179,粤BD45642
5180,粤BD45700
5181,粤BD45702
5182,粤BD45708
5183,粤BD45717
5184,粤BD45732
5185,粤BD45736
5186,粤BD45745
5187,粤BD45746
5188,粤BD45748
5189,粤BD45749
5190,粤BD45755
5191,粤BD45757
5192,粤BD45758
5193,粤BD45760
5194,粤BD45761
5195,粤BD45765
5196,粤BD45772
5197,粤BD45781
5198,粤BD45795
5199,粤BD45796
5200,粤BD45801
5201,粤BD45901
5202,粤BD45903
5203,粤BD45925
5204,粤BD45927
5205,粤BD45931
5206,粤BD45940
5207,粤BD45942
5208,粤BD45961
5209,粤BD45971
5210,粤BD45972
5211,粤BD45973
5212,粤BD45975
5213,粤BD46017
5214,粤BD46025
5215,粤BD46027
5216,粤BD46041
5217,粤BD46046
5218,粤BD46057
5219,粤BD46087
5220,粤BD46102
5221,粤BD46103
5222,粤BD46105
5223,粤BD46107
5224,粤BD46109
5225,粤BD46110
5226,粤BD46113
5227,粤BD46117
5228,粤BD46128
5229,粤BD46131
5230,粤BD46139
5231,粤BD46140
5232,粤BD46141
5233,粤BD46142
5234,粤BD46148
5235,粤BD46150
5236,粤BD46151
5237,粤BD46152
5238,粤BD46153
5239,粤BD46156
5240,粤BD46157
5241,粤BD46163
5242,粤BD46175
5243,粤BD46177
5244,粤BD46181
5245,粤BD46191
5246,粤BD46201
5247,粤BD46205
5248,粤BD46225
5249,粤BD46237
5250,粤BD46245
5251,粤BD46248
5252,粤BD46250
5253,粤BD46257
5254,粤BD46275
5255,粤BD46277
5256,粤BD46281
5257,粤BD46302
5258,粤BD46303
5259,粤BD46317
5260,粤BD46319
5261,粤BD46327
5262,粤BD46330
5263,粤BD46340
5264,粤BD46345
5265,粤BD46349
5266,粤BD46370
5267,粤BD46375
5268,粤BD46379
5269,粤BD46385
5270,粤BD46395
5271,粤BD46401
5272,粤BD46412
5273,粤BD46413
5274,粤BD46418
5275,粤BD46420
5276,粤BD46425
5277,粤BD46427
5278,粤BD46428
5279,粤BD46429
5280,粤BD46439
5281,粤BD46443
5282,粤BD46452
5283,粤BD46460
5284,粤BD46461
5285,粤BD46471
5286,粤BD46476
5287,粤BD46477
5288,粤BD46478
5289,粤BD46479
5290,粤BD46495
5291,粤BD46499
5292,粤BD46517
5293,粤BD46519
5294,粤BD46525
5295,粤BD46527
5296,粤BD46541
5297,粤BD46547
5298,粤BD46551
5299,粤BD46557
5300,粤BD46561
5301,粤BD46567
5302,粤BD46577
5303,粤BD46587
5304,粤BD46596
5305,粤BD46600
5306,粤BD46626
5307,粤BD46641
5308,粤BD46702
5309,粤BD46705
5310,粤BD46709
5311,粤BD46717
5312,粤BD46735
5313,粤BD46740
5314,粤BD46762
5315,粤BD46763
5316,粤BD46770
5317,粤BD46772
5318,粤BD46781
5319,粤BD46791
5320,粤BD46795
5321,粤BD46827
5322,粤BD46828
5323,粤BD46829
5324,粤BD46841
5325,粤BD46862
5326,粤BD46868
5327,粤BD46873
5328,粤BD46878
5329,粤BD46881
5330,粤BD46883
5331,粤BD46887
5332,粤BD46899
5333,粤BD46935
5334,粤BD46937
5335,粤BD46943
5336,粤BD46970
5337,粤BD47012
5338,粤BD47015
5339,粤BD47019
5340,粤BD47025
5341,粤BD47030
5342,粤BD47031
5343,粤BD47032
5344,粤BD47039
5345,粤BD47042
5346,粤BD47049
5347,粤BD47052
5348,粤BD47053
5349,粤BD47059
5350,粤BD47061
5351,粤BD47065
5352,粤BD47069
5353,粤BD47073
5354,粤BD47081
5355,粤BD47087
5356,粤BD47093
5357,粤BD47097
5358,粤BD47099
5359,粤BD47127
5360,粤BD47176
5361,粤BD47181
5362,粤BD47182
5363,粤BD47183
5364,粤BD47189
5365,粤BD47190
5366,粤BD47193
5367,粤BD47207
5368,粤BD47212
5369,粤BD47221
5370,粤BD47232
5371,粤BD47236
5372,粤BD47239
5373,粤BD47245
5374,粤BD47249
5375,粤BD47253
5376,粤BD47256
5377,粤BD47265
5378,粤BD47271
5379,粤BD47275
5380,粤BD47278
5381,粤BD47297
5382,粤BD47335
5383,粤BD47336
5384,粤BD47342
5385,粤BD47343
5386,粤BD47348
5387,粤BD47350
5388,粤BD47367
5389,粤BD47375
5390,粤BD47381
5391,粤BD47401
5392,粤BD47402
5393,粤BD47406
5394,粤BD47412
5395,粤BD47415
5396,粤BD47416
5397,粤BD47419
5398,粤BD47421
5399,粤BD47427
5400,粤BD47433
5401,粤BD47435
5402,粤BD47437
5403,粤BD47438
5404,粤BD47440
5405,粤BD47445
5406,粤BD47447
5407,粤BD47449
5408,粤BD47451
5409,粤BD47455
5410,粤BD47459
5411,粤BD47460
5412,粤BD47462
5413,粤BD47465
5414,粤BD47467
5415,粤BD47469
5416,粤BD47471
5417,粤BD47472
5418,粤BD47473
5419,粤BD47485
5420,粤BD47486
5421,粤BD47491
5422,粤BD47496
5423,粤BD47502
5424,粤BD47511
5425,粤BD47512
5426,粤BD47516
5427,粤BD47519
5428,粤BD47522
5429,粤BD47527
5430,粤BD47531
5431,粤BD47536
5432,粤BD47537
5433,粤BD47538
5434,粤BD47539
5435,粤BD47541
5436,粤BD47543
5437,粤BD47552
5438,粤BD47557
5439,粤BD47560
5440,粤BD47563
5441,粤BD47566
5442,粤BD47571
5443,粤BD47573
5444,粤BD47581
5445,粤BD47589
5446,粤BD47592
5447,粤BD47601
5448,粤BD47602
5449,粤BD47606
5450,粤BD47610
5451,粤BD47615
5452,粤BD47629
5453,粤BD47630
5454,粤BD47631
5455,粤BD47640
5456,粤BD47647
5457,粤BD47651
5458,粤BD47653
5459,粤BD47657
5460,粤BD47658
5461,粤BD47665
5462,粤BD47672
5463,粤BD47676
5464,粤BD47690
5465,粤BD47692
5466,粤BD47695
5467,粤BD47700
5468,粤BD47703
5469,粤BD47705
5470,粤BD47713
5471,粤BD47726
5472,粤BD47738
5473,粤BD47742
5474,粤BD47750
5475,粤BD47752
5476,粤BD47757
5477,粤BD47761
5478,粤BD47775
5479,粤BD47778
5480,粤BD47781
5481,粤BD47783
5482,粤BD47785
5483,粤BD47801
5484,粤BD47802
5485,粤BD47823
5486,粤BD47826
5487,粤BD47835
5488,粤BD47850
5489,粤BD47851
5490,粤BD47852
5491,粤BD47857
5492,粤BD47861
5493,粤BD47867
5494,粤BD47873
5495,粤BD47892
5496,粤BD47902
5497,粤BD47906
5498,粤BD47912
5499,粤BD47921
5500,粤BD47923
5501,粤BD47927
5502,粤BD47931
5503,粤BD47936
5504,粤BD47940
5505,粤BD47941
5506,粤BD47948
5507,粤BD47951
5508,粤BD47965
5509,粤BD47967
5510,粤BD47972
5511,粤BD47975
5512,粤BD47979
5513,粤BD47993
5514,粤BD48022
5515,粤BD48027
5516,粤BD48041
5517,粤BD48042
5518,粤BD48070
5519,粤BD48073
5520,粤BD48075
5521,粤BD48091
5522,粤BD48101
5523,粤BD48110
5524,粤BD48112
5525,粤BD48113
5526,粤BD48115
5527,粤BD48120
5528,粤BD48125
5529,粤BD48127
5530,粤BD48129
5531,粤BD48141
5532,粤BD48143
5533,粤BD48156
5534,粤BD48165
5535,粤BD48170
5536,粤BD48173
5537,粤BD48175
5538,粤BD48181
5539,粤BD48183
5540,粤BD48189
5541,粤BD48190
5542,粤BD48195
5543,粤BD48198
5544,粤BD48210
5545,粤BD48211
5546,粤BD48212
5547,粤BD48216
5548,粤BD48240
5549,粤BD48241
5550,粤BD48243
5551,粤BD48248
5552,粤BD48257
5553,粤BD48272
5554,粤BD48273
5555,粤BD48278
5556,粤BD48279
5557,粤BD48320
5558,粤BD48322
5559,粤BD48323
5560,粤BD48331
5561,粤BD48343
5562,粤BD48349
5563,粤BD48363
5564,粤BD48372
5565,粤BD48377
5566,粤BD48389
5567,粤BD48401
5568,粤BD48402
5569,粤BD48409
5570,粤BD48412
5571,粤BD48413
5572,粤BD48419
5573,粤BD48425
5574,粤BD48427
5575,粤BD48433
5576,粤BD48439
5577,粤BD48446
5578,粤BD48452
5579,粤BD48461
5580,粤BD48469
5581,粤BD48475
5582,粤BD48476
5583,粤BD48491
5584,粤BD48495
5585,粤BD48506
5586,粤BD48517
5587,粤BD48529
5588,粤BD48541
5589,粤BD48548
5590,粤BD48572
5591,粤BD48591
5592,粤BD48631
5593,粤BD48641
5594,粤BD48647
5595,粤BD48656
5596,粤BD48662
5597,粤BD48699
5598,粤BD48701
5599,粤BD48702
5600,粤BD48711
5601,粤BD48716
5602,粤BD48721
5603,粤BD48723
5604,粤BD48729
5605,粤BD48732
5606,粤BD48748
5607,粤BD48758
5608,粤BD48762
5609,粤BD48767
5610,粤BD48773
5611,粤BD48820
5612,粤BD48831
5613,粤BD48841
5614,粤BD48847
5615,粤BD48872
5616,粤BD48886
5617,粤BD48891
5618,粤BD48893
5619,粤BD48913
5620,粤BD48922
5621,粤BD48937
5622,粤BD48951
5623,粤BD48957
5624,粤BD48959
5625,粤BD48971
5626,粤BD48973
5627,粤BD48975
5628,粤BD48990
5629,粤BD49003
5630,粤BD49015
5631,粤BD49017
5632,粤BD49023
5633,粤BD49025
5634,粤BD49037
5635,粤BD49039
5636,粤BD49042
5637,粤BD49045
5638,粤BD49048
5639,粤BD49051
5640,粤BD49057
5641,粤BD49062
5642,粤BD49067
5643,粤BD49069
5644,粤BD49072
5645,粤BD49073
5646,粤BD49078
5647,粤BD49107
5648,粤BD49130
5649,粤BD49132
5650,粤BD49170
5651,粤BD49207
5652,粤BD49212
5653,粤BD49216
5654,粤BD49217
5655,粤BD49218
5656,粤BD49220
5657,粤BD49227
5658,粤BD49229
5659,粤BD49237
5660,粤BD49245
5661,粤BD49246
5662,粤BD49253
5663,粤BD49255
5664,粤BD49260
5665,粤BD49262
5666,粤BD49272
5667,粤BD49277
5668,粤BD49305
5669,粤BD49309
5670,粤BD49322
5671,粤BD49327
5672,粤BD49348
5673,粤BD49360
5674,粤BD49362
5675,粤BD49370
5676,粤BD49371
5677,粤BD49372
5678,粤BD49376
5679,粤BD49402
5680,粤BD49410
5681,粤BD49411
5682,粤BD49415
5683,粤BD49423
5684,粤BD49426
5685,粤BD49429
5686,粤BD49430
5687,粤BD49438
5688,粤BD49440
5689,粤BD49442
5690,粤BD49447
5691,粤BD49451
5692,粤BD49452
5693,粤BD49455
5694,粤BD49457
5695,粤BD49463
5696,粤BD49467
5697,粤BD49469
5698,粤BD49472
5699,粤BD49477
5700,粤BD49479
5701,粤BD49490
5702,粤BD49495
5703,粤BD49497
5704,粤BD49501
5705,粤BD49512
5706,粤BD49517
5707,粤BD49527
5708,粤BD49541
5709,粤BD49542
5710,粤BD49543
5711,粤BD49549
5712,粤BD49557
5713,粤BD49571
5714,粤BD49576
5715,粤BD49577
5716,粤BD49597
5717,粤BD49607
5718,粤BD49631
5719,粤BD49643
5720,粤BD49645
5721,粤BD49647
5722,粤BD49700
5723,粤BD49702
5724,粤BD49711
5725,粤BD49719
5726,粤BD49720
5727,粤BD49721
5728,粤BD49722
5729,粤BD49726
5730,粤BD49727
5731,粤BD49731
5732,粤BD49742
5733,粤BD49743
5734,粤BD49746
5735,粤BD49756
5736,粤BD49761
5737,粤BD49765
5738,粤BD49771
5739,粤BD49775
5740,粤BD49776
5741,粤BD49778
5742,粤BD49781
5743,粤BD49790
5744,粤BD49791
5745,粤BD49807
5746,粤BD49815
5747,粤BD49817
5748,粤BD49827
5749,粤BD49830
5750,粤BD49835
5751,粤BD49843
5752,粤BD49847
5753,粤BD49861
5754,粤BD49870
5755,粤BD49871
5756,粤BD49872
5757,粤BD49873
5758,粤BD49877
5759,粤BD49900
5760,粤BD49901
5761,粤BD49902
5762,粤BD49903
5763,粤BD49907
5764,粤BD49908
5765,粤BD49909
5766,粤BD49910
5767,粤BD49911
5768,粤BD49915
5769,粤BD49916
5770,粤BD49918
5771,粤BD49919
5772,粤BD49921
5773,粤BD49922
5774,粤BD49923
5775,粤BD49925
5776,粤BD49926
5777,粤BD49928
5778,粤BD49929
5779,粤BD49930
5780,粤BD49931
5781,粤BD49932
5782,粤BD49933
5783,粤BD49936
5784,粤BD49937
5785,粤BD49938
5786,粤BD49942
5787,粤BD49943
5788,粤BD49945
5789,粤BD49947
5790,粤BD49955
5791,粤BD49956
5792,粤BD49959
5793,粤BD49960
5794,粤BD49961
5795,粤BD49962
5796,粤BD49963
5797,粤BD49965
5798,粤BD49966
5799,粤BD49969
5800,粤BD49970
5801,粤BD49972
5802,粤BD49973
5803,粤BD49975
5804,粤BD49976
5805,粤BD49977
5806,粤BD49978
5807,粤BD49979
5808,粤BD49980
5809,粤BD49981
5810,粤BD49982
5811,粤BD49985
5812,粤BD49986
5813,粤BD49988
5814,粤BD49989
5815,粤BD49990
5816,粤BD49991
5817,粤BD49992
5818,粤BD49993
5819,粤BD49997
5820,粤BD49998
5821,粤BD49999
5822,粤BD50142
5823,粤BD50237
5824,粤BD50247
5825,粤BD50400
5826,粤BD50405
5827,粤BD50409
5828,粤BD50422
5829,粤BD50427
5830,粤BD50428
5831,粤BD50431
5832,粤BD50435
5833,粤BD50437
5834,粤BD50438
5835,粤BD50442
5836,粤BD50447
5837,粤BD50450
5838,粤BD50453
5839,粤BD50468
5840,粤BD50470
5841,粤BD50472
5842,粤BD50476
5843,粤BD50478
5844,粤BD50481
5845,粤BD50486
5846,粤BD50491
5847,粤BD50492
5848,粤BD50493
5849,粤BD50498
5850,粤BD50547
5851,粤BD50572
5852,粤BD50608
5853,粤BD50618
5854,粤BD50625
5855,粤BD50630
5856,粤BD50632
5857,粤BD50633
5858,粤BD50640
5859,粤BD50641
5860,粤BD50655
5861,粤BD50658
5862,粤BD50660
5863,粤BD50662
5864,粤BD50669
5865,粤BD50670
5866,粤BD50677
5867,粤BD50678
5868,粤BD50681
5869,粤BD50688
5870,粤BD50689
5871,粤BD50698
5872,粤BD50700
5873,粤BD50705
5874,粤BD50707
5875,粤BD50710
5876,粤BD50712
5877,粤BD50716
5878,粤BD50721
5879,粤BD50722
5880,粤BD50725
5881,粤BD50728
5882,粤BD50730
5883,粤BD50732
5884,粤BD50733
5885,粤BD50742
5886,粤BD50745
5887,粤BD50746
5888,粤BD50748
5889,粤BD50749
5890,粤BD50752
5891,粤BD50763
5892,粤BD50773
5893,粤BD50775
5894,粤BD50776
5895,粤BD50778
5896,粤BD50779
5897,粤BD50782
5898,粤BD50783
5899,粤BD50793
5900,粤BD50799
5901,粤BD50829
5902,粤BD50841
5903,粤BD50842
5904,粤BD50846
5905,粤BD50847
5906,粤BD50852
5907,粤BD50875
5908,粤BD50891
5909,粤BD50952
5910,粤BD50982
5911,粤BD51045
5912,粤BD51047
5913,粤BD51123
5914,粤BD51130
5915,粤BD51133
5916,粤BD51143
5917,粤BD51146
5918,粤BD51150
5919,粤BD51160
5920,粤BD51162
5921,粤BD51182
5922,粤BD51198
5923,粤BD51240
5924,粤BD51321
5925,粤BD51342
5926,粤BD51343
5927,粤BD51376
5928,粤BD51431
5929,粤BD51441
5930,粤BD51462
5931,粤BD51472
5932,粤BD51473
5933,粤BD51475
5934,粤BD51506
5935,粤BD51520
5936,粤BD51541
5937,粤BD51647
5938,粤BD51667
5939,粤BD51701
5940,粤BD51743
5941,粤BD51770
5942,粤BD51800
5943,粤BD51803
5944,粤BD51807
5945,粤BD51815
5946,粤BD51821
5947,粤BD51823
5948,粤BD51826
5949,粤BD51830
5950,粤BD51833
5951,粤BD51838
5952,粤BD51847
5953,粤BD51850
5954,粤BD51851
5955,粤BD51853
5956,粤BD51862
5957,粤BD51866
5958,粤BD51869
5959,粤BD51871
5960,粤BD51872
5961,粤BD51879
5962,粤BD51880
5963,粤BD51882
5964,粤BD51883
5965,粤BD51886
5966,粤BD51889
5967,粤BD51890
5968,粤BD51891
5969,粤BD51893
5970,粤BD51896
5971,粤BD51898
5972,粤BD51899
5973,粤BD52001
5974,粤BD52038
5975,粤BD52043
5976,粤BD52065
5977,粤BD52066
5978,粤BD52068
5979,粤BD52099
5980,粤BD52131
5981,粤BD52140
5982,粤BD52141
5983,粤BD52147
5984,粤BD52309
5985,粤BD52312
5986,粤BD52317
5987,粤BD52325
5988,粤BD52327
5989,粤BD52339
5990,粤BD52340
5991,粤BD52349
5992,粤BD52372
5993,粤BD52400
5994,粤BD52416
5995,粤BD52417
5996,粤BD52418
5997,粤BD52438
5998,粤BD52441
5999,粤BD52461
6000,粤BD52478
6001,粤BD52483
6002,粤BD52487
6003,粤BD52491
6004,粤BD52497
6005,粤BD52507
6006,粤BD52509
6007,粤BD52511
6008,粤BD52530
6009,粤BD52535
6010,粤BD52541
6011,粤BD52557
6012,粤BD52558
6013,粤BD52568
6014,粤BD52575
6015,粤BD52578
6016,粤BD52646
6017,粤BD52673
6018,粤BD52740
6019,粤BD52747
6020,粤BD52832
6021,粤BD52841
6022,粤BD52845
6023,粤BD52917
6024,粤BD52931
6025,粤BD52940
6026,粤BD52947
6027,粤BD52952
6028,粤BD52968
6029,粤BD52973
6030,粤BD52975
6031,粤BD52978
6032,粤BD52999
6033,粤BD53118
6034,粤BD53132
6035,粤BD53137
6036,粤BD53139
6037,粤BD53142
6038,粤BD53143
6039,粤BD53147
6040,粤BD53156
6041,粤BD53170
6042,粤BD53177
6043,粤BD53179
6044,粤BD53181
6045,粤BD53188
6046,粤BD53195
6047,粤BD53199
6048,粤BD53233
6049,粤BD53347
6050,粤BD53402
6051,粤BD53412
6052,粤BD53417
6053,粤BD53426
6054,粤BD53448
6055,粤BD53449
6056,粤BD53451
6057,粤BD53475
6058,粤BD53477
6059,粤BD53480
6060,粤BD53501
6061,粤BD53507
6062,粤BD53517
6063,粤BD53529
6064,粤BD53551
6065,粤BD53561
6066,粤BD53568
6067,粤BD53569
6068,粤BD53637
6069,粤BD53641
6070,粤BD53645
6071,粤BD53678
6072,粤BD53717
6073,粤BD53745
6074,粤BD53748
6075,粤BD53760
6076,粤BD53970
6077,粤BD54020
6078,粤BD54021
6079,粤BD54023
6080,粤BD54028
6081,粤BD54049
6082,粤BD54050
6083,粤BD54060
6084,粤BD54061
6085,粤BD54067
6086,粤BD54071
6087,粤BD54072
6088,粤BD54079
6089,粤BD54088
6090,粤BD54090
6091,粤BD54092
6092,粤BD54095
6093,粤BD54097
6094,粤BD54120
6095,粤BD54132
6096,粤BD54152
6097,粤BD54170
6098,粤BD54172
6099,粤BD54182
6100,粤BD54187
6101,粤BD54192
6102,粤BD54201
6103,粤BD54215
6104,粤BD54221
6105,粤BD54225
6106,粤BD54230
6107,粤BD54231
6108,粤BD54242
6109,粤BD54243
6110,粤BD54245
6111,粤BD54246
6112,粤BD54247
6113,粤BD54248
6114,粤BD54249
6115,粤BD54251
6116,粤BD54269
6117,粤BD54270
6118,粤BD54275
6119,粤BD54276
6120,粤BD54277
6121,粤BD54279
6122,粤BD54288
6123,粤BD54297
6124,粤BD54305
6125,粤BD54307
6126,粤BD54318
6127,粤BD54319
6128,粤BD54327
6129,粤BD54341
6130,粤BD54349
6131,粤BD54351
6132,粤BD54360
6133,粤BD54365
6134,粤BD54382
6135,粤BD54396
6136,粤BD54401
6137,粤BD54407
6138,粤BD54412
6139,粤BD54416
6140,粤BD54425
6141,粤BD54427
6142,粤BD54429
6143,粤BD54436
6144,粤BD54442
6145,粤BD54443
6146,粤BD54453
6147,粤BD54461
6148,粤BD54462
6149,粤BD54483
6150,粤BD54486
6151,粤BD54487
6152,粤BD54500
6153,粤BD54502
6154,粤BD54505
6155,粤BD54506
6156,粤BD54507
6157,粤BD54508
6158,粤BD54510
6159,粤BD54511
6160,粤BD54515
6161,粤BD54520
6162,粤BD54521
6163,粤BD54529
6164,粤BD54533
6165,粤BD54538
6166,粤BD54539
6167,粤BD54540
6168,粤BD54548
6169,粤BD54549
6170,粤BD54552
6171,粤BD54555
6172,粤BD54556
6173,粤BD54558
6174,粤BD54562
6175,粤BD54568
6176,粤BD54569
6177,粤BD54571
6178,粤BD54572
6179,粤BD54573
6180,粤BD54575
6181,粤BD54576
6182,粤BD54577
6183,粤BD54579
6184,粤BD54581
6185,粤BD54587
6186,粤BD54588
6187,粤BD54591
6188,粤BD54592
6189,粤BD54593
6190,粤BD54598
6191,粤BD54599
6192,粤BD54602
6193,粤BD54607
6194,粤BD54610
6195,粤BD54612
6196,粤BD54621
6197,粤BD54623
6198,粤BD54625
6199,粤BD54627
6200,粤BD54629
6201,粤BD54637
6202,粤BD54641
6203,粤BD54643
6204,粤BD54650
6205,粤BD54651
6206,粤BD54670
6207,粤BD54671
6208,粤BD54672
6209,粤BD54673
6210,粤BD54675
6211,粤BD54677
6212,粤BD54697
6213,粤BD54703
6214,粤BD54713
6215,粤BD54716
6216,粤BD54720
6217,粤BD54728
6218,粤BD54729
6219,粤BD54730
6220,粤BD54731
6221,粤BD54736
6222,粤BD54748
6223,粤BD54765
6224,粤BD54767
6225,粤BD54772
6226,粤BD54773
6227,粤BD54780
6228,粤BD54800
6229,粤BD54808
6230,粤BD54828
6231,粤BD54848
6232,粤BD54851
6233,粤BD54855
6234,粤BD54866
6235,粤BD54870
6236,粤BD54930
6237,粤BD54932
6238,粤BD54941
6239,粤BD54947
6240,粤BD54951
6241,粤BD54957
6242,粤BD55041
6243,粤BD55046
6244,粤BD55070
6245,粤BD55139
6246,粤BD55141
6247,粤BD55147
6248,粤BD55246
6249,粤BD55347
6250,粤BD55402
6251,粤BD55410
6252,粤BD55412
6253,粤BD55415
6254,粤BD55429
6255,粤BD55430
6256,粤BD55431
6257,粤BD55442
6258,粤BD55463
6259,粤BD55471
6260,粤BD55475
6261,粤BD55478
6262,粤BD55482
6263,粤BD55557
6264,粤BD55572
6265,粤BD55580
6266,粤BD55583
6267,粤BD55741
6268,粤BD55743
6269,粤BD55841
6270,粤BD55842
6271,粤BD55847
6272,粤BD55879
6273,粤BD55889
6274,粤BD55941
6275,粤BD55942
6276,粤BD55947
6277,粤BD56017
6278,粤BD56062
6279,粤BD56075
6280,粤BD56140
6281,粤BD56141
6282,粤BD56152
6283,粤BD56160
6284,粤BD56242
6285,粤BD56246
6286,粤BD56247
6287,粤BD56253
6288,粤BD56301
6289,粤BD56302
6290,粤BD56333
6291,粤BD56341
6292,粤BD56358
6293,粤BD56397
6294,粤BD56401
6295,粤BD56408
6296,粤BD56417
6297,粤BD56419
6298,粤BD56437
6299,粤BD56441
6300,粤BD56445
6301,粤BD56451
6302,粤BD56467
6303,粤BD56472
6304,粤BD56490
6305,粤BD56550
6306,粤BD56639
6307,粤BD56647
6308,粤BD56649
6309,粤BD56687
6310,粤BD56702
6311,粤BD56716
6312,粤BD56717
6313,粤BD56749
6314,粤BD56777
6315,粤BD56783
6316,粤BD56785
6317,粤BD56805
6318,粤BD56809
6319,粤BD56826
6320,粤BD56836
6321,粤BD56852
6322,粤BD56876
6323,粤BD56896
6324,粤BD56993
6325,粤BD56996
6326,粤BD57046
6327,粤BD57069
6328,粤BD57141
6329,粤BD57147
6330,粤BD57242
6331,粤BD57300
6332,粤BD57303
6333,粤BD57305
6334,粤BD57309
6335,粤BD57310
6336,粤BD57316
6337,粤BD57317
6338,粤BD57319
6339,粤BD57321
6340,粤BD57325
6341,粤BD57330
6342,粤BD57331
6343,粤BD57333
6344,粤BD57341
6345,粤BD57353
6346,粤BD57359
6347,粤BD57360
6348,粤BD57363
6349,粤BD57381
6350,粤BD57382
6351,粤BD57388
6352,粤BD57391
6353,粤BD57407
6354,粤BD57412
6355,粤BD57426
6356,粤BD57428
6357,粤BD57435
6358,粤BD57436
6359,粤BD57437
6360,粤BD57439
6361,粤BD57443
6362,粤BD57451
6363,粤BD57457
6364,粤BD57462
6365,粤BD57471
6366,粤BD57473
6367,粤BD57476
6368,粤BD57479
6369,粤BD57485
6370,粤BD57487
6371,粤BD57490
6372,粤BD57491
6373,粤BD57492
6374,粤BD57493
6375,粤BD57495
6376,粤BD57540
6377,粤BD57541
6378,粤BD57543
6379,粤BD57602
6380,粤BD57617
6381,粤BD57621
6382,粤BD57642
6383,粤BD57645
6384,粤BD57717
6385,粤BD57719
6386,粤BD57740
6387,粤BD57741
6388,粤BD57742
6389,粤BD57761
6390,粤BD57912
6391,粤BD57940
6392,粤BD57942
6393,粤BD57947
6394,粤BD57949
6395,粤BD57959
6396,粤BD57969
6397,粤BD58040
6398,粤BD58047
6399,粤BD58061
6400,粤BD58063
6401,粤BD58092
6402,粤BD58201
6403,粤BD58215
6404,粤BD58233
6405,粤BD58242
6406,粤BD58246
6407,粤BD58401
6408,粤BD58405
6409,粤BD58412
6410,粤BD58417
6411,粤BD58420
6412,粤BD58422
6413,粤BD58428
6414,粤BD58429
6415,粤BD58431
6416,粤BD58432
6417,粤BD58435
6418,粤BD58436
6419,粤BD58442
6420,粤BD58445
6421,粤BD58456
6422,粤BD58457
6423,粤BD58467
6424,粤BD58472
6425,粤BD58483
6426,粤BD58505
6427,粤BD58511
6428,粤BD58513
6429,粤BD58520
6430,粤BD58528
6431,粤BD58540
6432,粤BD58542
6433,粤BD58555
6434,粤BD58557
6435,粤BD58569
6436,粤BD58572
6437,粤BD58586
6438,粤BD58641
6439,粤BD58751
6440,粤BD58809
6441,粤BD58827
6442,粤BD58901
6443,粤BD58902
6444,粤BD58910
6445,粤BD58911
6446,粤BD58913
6447,粤BD58915
6448,粤BD58919
6449,粤BD58921
6450,粤BD58923
6451,粤BD58925
6452,粤BD58932
6453,粤BD58933
6454,粤BD58935
6455,粤BD58940
6456,粤BD58941
6457,粤BD58942
6458,粤BD58943
6459,粤BD58946
6460,粤BD58947
6461,粤BD58951
6462,粤BD58953
6463,粤BD58960
6464,粤BD58967
6465,粤BD58970
6466,粤BD58971
6467,粤BD58973
6468,粤BD58976
6469,粤BD58977
6470,粤BD58980
6471,粤BD58999
6472,粤BD59000
6473,粤BD59007
6474,粤BD59008
6475,粤BD59017
6476,粤BD59020
6477,粤BD59041
6478,粤BD59042
6479,粤BD59043
6480,粤BD59053
6481,粤BD59066
6482,粤BD59077
6483,粤BD59081
6484,粤BD59099
6485,粤BD59112
6486,粤BD59127
6487,粤BD59141
6488,粤BD59207
6489,粤BD59215
6490,粤BD59225
6491,粤BD59247
6492,粤BD59260
6493,粤BD59263
6494,粤BD59276
6495,粤BD59286
6496,粤BD59290
6497,粤BD59347
6498,粤BD59407
6499,粤BD59417
6500,粤BD59419
6501,粤BD59423
6502,粤BD59425
6503,粤BD59443
6504,粤BD59467
6505,粤BD59468
6506,粤BD59478
6507,粤BD59481
6508,粤BD59499
6509,粤BD59540
6510,粤BD59567
6511,粤BD59673
6512,粤BD59725
6513,粤BD59740
6514,粤BD59743
6515,粤BD59757
6516,粤BD59776
6517,粤BD59901
6518,粤BD59908
6519,粤BD59911
6520,粤BD59919
6521,粤BD59932
6522,粤BD59937
6523,粤BD59945
6524,粤BD59961
6525,粤BD59962
6526,粤BD59967
6527,粤BD59979
6528,粤BD59988
6529,粤BD59998
6530,粤BD60170
6531,粤BD60620
6532,粤BD60623
6533,粤BD60630
6534,粤BD60638
6535,粤BD60657
6536,粤BD60663
6537,粤BD60687
6538,粤BD60693
6539,粤BD60945
6540,粤BD60960
6541,粤BD61053
6542,粤BD61070
6543,粤BD61195
6544,粤BD61286
6545,粤BD61506
6546,粤BD61628
6547,粤BD61685
6548,粤BD61691
6549,粤BD61701
6550,粤BD61705
6551,粤BD61708
6552,粤BD61740
6553,粤BD61885
6554,粤BD62205
6555,粤BD62242
6556,粤BD62248
6557,粤BD62294
6558,粤BD62859
6559,粤BD62884
6560,粤BD62885
6561,粤BD62889
6562,粤BD62894
6563,粤BD62931
6564,粤BD62968
6565,粤BD62977
6566,粤BD62990
6567,粤BD63047
6568,粤BD63059
6569,粤BD63195
6570,粤BD63222
6571,粤BD63253
6572,粤BD63270
6573,粤BD63286
6574,粤BD63287
6575,粤BD63309
6576,粤BD63353
6577,粤BD63375
6578,粤BD63400
6579,粤BD63436
6580,粤BD63460
6581,粤BD63464
6582,粤BD6349
6583,粤BD63710
6584,粤BD63854
6585,粤BD63879
6586,粤BD63894
6587,粤BD64412
6588,粤BD64427
6589,粤BD64500
6590,粤BD64530
6591,粤BD64554
6592,粤BD64584
6593,粤BD6477
6594,粤BD64795
6595,粤BD64812
6596,粤BD64830
6597,粤BD64839
6598,粤BD64958
6599,粤BD64960
6600,粤BD65316
6601,粤BD65335
6602,粤BD65390
6603,粤BD65709
6604,粤BD65710
6605,粤BD65776
6606,粤BD65798
6607,粤BD66251
6608,粤BD66281
6609,粤BD66300
6610,粤BD66326
6611,粤BD66532
6612,粤BD66563
6613,粤BD66634
6614,粤BD66639
6615,粤BD66643
6616,粤BD66645
6617,粤BD66657
6618,粤BD66672
6619,粤BD66673
6620,粤BD66685
6621,粤BD66827
6622,粤BD66840
6623,粤BD66847
6624,粤BD66848
6625,粤BD67223
6626,粤BD67225
6627,粤BD67228
6628,粤BD67229
6629,粤BD67231
6630,粤BD67249
6631,粤BD67258
6632,粤BD67303
6633,粤BD67307
6634,粤BD6734
6635,粤BD67357
6636,粤BD67394
6637,粤BD67716
6638,粤BD67807
6639,粤BD67828
6640,粤BD67868
6641,粤BD67881
6642,粤BD67909
6643,粤BD67924
6644,粤BD67949
6645,粤BD68159
6646,粤BD68168
6647,粤BD68300
6648,粤BD68302
6649,粤BD68329
6650,粤BD68354
6651,粤BD68651
6652,粤BD68692
6653,粤BD68706
6654,粤BD68708
6655,粤BD68709
6656,粤BD68711
6657,粤BD68713
6658,粤BD68715
6659,粤BD68716
6660,粤BD68718
6661,粤BD68719
6662,粤BD68720
6663,粤BD68722
6664,粤BD68723
6665,粤BD68729
6666,粤BD68730
6667,粤BD68731
6668,粤BD68733
6669,粤BD68735
6670,粤BD68737
6671,粤BD68738
6672,粤BD68739
6673,粤BD68740
6674,粤BD68745
6675,粤BD68746
6676,粤BD68748
6677,粤BD68750
6678,粤BD68751
6679,粤BD68753
6680,粤BD68754
6681,粤BD68755
6682,粤BD68759
6683,粤BD68761
6684,粤BD68764
6685,粤BD68765
6686,粤BD68770
6687,粤BD68771
6688,粤BD68772
6689,粤BD68773
6690,粤BD68778
6691,粤BD68780
6692,粤BD68783
6693,粤BD68789
6694,粤BD68790
6695,粤BD68791
6696,粤BD68792
6697,粤BD68793
6698,粤BD68795
6699,粤BD68796
6700,粤BD68797
6701,粤BD68815
6702,粤BD68819
6703,粤BD68859
6704,粤BD68861
6705,粤BD68872
6706,粤BD69102
6707,粤BD69179
6708,粤BD69195
6709,粤BD69225
6710,粤BD69237
6711,粤BD69239
6712,粤BD69260
6713,粤BD69261
6714,粤BD69269
6715,粤BD69284
6716,粤BD69291
6717,粤BD69293
6718,粤BD69296
6719,粤BD69297
6720,粤BD69533
6721,粤BD69542
6722,粤BD69579
6723,粤BD70016
6724,粤BD70097
6725,粤BD70125
6726,粤BD70141
6727,粤BD70142
6728,粤BD70147
6729,粤BD70210
6730,粤BD70242
6731,粤BD70247
6732,粤BD70257
6733,粤BD70343
6734,粤BD70345
6735,粤BD70347
6736,粤BD70349
6737,粤BD70350
6738,粤BD70400
6739,粤BD70401
6740,粤BD70406
6741,粤BD70407
6742,粤BD70417
6743,粤BD70418
6744,粤BD70435
6745,粤BD70439
6746,粤BD70441
6747,粤BD70442
6748,粤BD70451
6749,粤BD70477
6750,粤BD70478
6751,粤BD70489
6752,粤BD70492
6753,粤BD70497
6754,粤BD70541
6755,粤BD70607
6756,粤BD70610
6757,粤BD70612
6758,粤BD70620
6759,粤BD70627
6760,粤BD70631
6761,粤BD70639
6762,粤BD70641
6763,粤BD70643
6764,粤BD70647
6765,粤BD70670
6766,粤BD70671
6767,粤BD70681
6768,粤BD70685
6769,粤BD70695
6770,粤BD70726
6771,粤BD70752
6772,粤BD70776
6773,粤BD70777
6774,粤BD70807
6775,粤BD70817
6776,粤BD70821
6777,粤BD70840
6778,粤BD70841
6779,粤BD70843
6780,粤BD70851
6781,粤BD70877
6782,粤BD70892
6783,粤BD70901
6784,粤BD70907
6785,粤BD70917
6786,粤BD70921
6787,粤BD70941
6788,粤BD70948
6789,粤BD70965
6790,粤BD70978
6791,粤BD70992
6792,粤BD71007
6793,粤BD71027
6794,粤BD71035
6795,粤BD71042
6796,粤BD71049
6797,粤BD71087
6798,粤BD71092
6799,粤BD71093
6800,粤BD71097
6801,粤BD71241
6802,粤BD71246
6803,粤BD71247
6804,粤BD71283
6805,粤BD71400
6806,粤BD71402
6807,粤BD71403
6808,粤BD71408
6809,粤BD71409
6810,粤BD71410
6811,粤BD71411
6812,粤BD71420
6813,粤BD71425
6814,粤BD71426
6815,粤BD71431
6816,粤BD71446
6817,粤BD71447
6818,粤BD71450
6819,粤BD71456
6820,粤BD71463
6821,粤BD71469
6822,粤BD71486
6823,粤BD71496
6824,粤BD71497
6825,粤BD71500
6826,粤BD71503
6827,粤BD71509
6828,粤BD71525
6829,粤BD71529
6830,粤BD71530
6831,粤BD71539
6832,粤BD71540
6833,粤BD71543
6834,粤BD71549
6835,粤BD71556
6836,粤BD71560
6837,粤BD71562
6838,粤BD71563
6839,粤BD71570
6840,粤BD71593
6841,粤BD71705
6842,粤BD71708
6843,粤BD71723
6844,粤BD71735
6845,粤BD71736
6846,粤BD71742
6847,粤BD71746
6848,粤BD71749
6849,粤BD71758
6850,粤BD71761
6851,粤BD71772
6852,粤BD71775
6853,粤BD71776
6854,粤BD71802
6855,粤BD71807
6856,粤BD71813
6857,粤BD71829
6858,粤BD71837
6859,粤BD71840
6860,粤BD71842
6861,粤BD71849
6862,粤BD71855
6863,粤BD71870
6864,粤BD71871
6865,粤BD71872
6866,粤BD71890
6867,粤BD71891
6868,粤BD71910
6869,粤BD71923
6870,粤BD71940
6871,粤BD71941
6872,粤BD71942
6873,粤BD71949
6874,粤BD71951
6875,粤BD71953
6876,粤BD71981
6877,粤BD71997
6878,粤BD72028
6879,粤BD72041
6880,粤BD72066
6881,粤BD72088
6882,粤BD72102
6883,粤BD72103
6884,粤BD72107
6885,粤BD72108
6886,粤BD72117
6887,粤BD72119
6888,粤BD72120
6889,粤BD72125
6890,粤BD72129
6891,粤BD72139
6892,粤BD72140
6893,粤BD72141
6894,粤BD72146
6895,粤BD72149
6896,粤BD72150
6897,粤BD72153
6898,粤BD72156
6899,粤BD72160
6900,粤BD72162
6901,粤BD72163
6902,粤BD72169
6903,粤BD72172
6904,粤BD72175
6905,粤BD72178
6906,粤BD72179
6907,粤BD72180
6908,粤BD72181
6909,粤BD72186
6910,粤BD72190
6911,粤BD72192
6912,粤BD72215
6913,粤BD72219
6914,粤BD72231
6915,粤BD72235
6916,粤BD72237
6917,粤BD72245
6918,粤BD72246
6919,粤BD72250
6920,粤BD72253
6921,粤BD72257
6922,粤BD72258
6923,粤BD72265
6924,粤BD72271
6925,粤BD72298
6926,粤BD72300
6927,粤BD72303
6928,粤BD72307
6929,粤BD72317
6930,粤BD72320
6931,粤BD72328
6932,粤BD72335
6933,粤BD72340
6934,粤BD72341
6935,粤BD72342
6936,粤BD72343
6937,粤BD72346
6938,粤BD72371
6939,粤BD72388
6940,粤BD72403
6941,粤BD72420
6942,粤BD72421
6943,粤BD72430
6944,粤BD72438
6945,粤BD72447
6946,粤BD72450
6947,粤BD72459
6948,粤BD72463
6949,粤BD72468
6950,粤BD72471
6951,粤BD72481
6952,粤BD72491
6953,粤BD72493
6954,粤BD72497
6955,粤BD72501
6956,粤BD72502
6957,粤BD72506
6958,粤BD72509
6959,粤BD72513
6960,粤BD72519
6961,粤BD72523
6962,粤BD72525
6963,粤BD72531
6964,粤BD72532
6965,粤BD72536
6966,粤BD72538
6967,粤BD72542
6968,粤BD72545
6969,粤BD72546
6970,粤BD72549
6971,粤BD72560
6972,粤BD72561
6973,粤BD72562
6974,粤BD72563
6975,粤BD72566
6976,粤BD72567
6977,粤BD72570
6978,粤BD72572
6979,粤BD72573
6980,粤BD72581
6981,粤BD72583
6982,粤BD72590
6983,粤BD72591
6984,粤BD72595
6985,粤BD72596
6986,粤BD72597
6987,粤BD72601
6988,粤BD72603
6989,粤BD72612
6990,粤BD72623
6991,粤BD72637
6992,粤BD72640
6993,粤BD72641
6994,粤BD72645
6995,粤BD72646
6996,粤BD72647
6997,粤BD72650
6998,粤BD72651
6999,粤BD72653
7000,粤BD72659
7001,粤BD72670
7002,粤BD72679
7003,粤BD72695
7004,粤BD72740
7005,粤BD72815
7006,粤BD72843
7007,粤BD72846
7008,粤BD72879
7009,粤BD72902
7010,粤BD72907
7011,粤BD72912
7012,粤BD72916
7013,粤BD72921
7014,粤BD72922
7015,粤BD72925
7016,粤BD72926
7017,粤BD72929
7018,粤BD72933
7019,粤BD72942
7020,粤BD72945
7021,粤BD72946
7022,粤BD72948
7023,粤BD72949
7024,粤BD72958
7025,粤BD72959
7026,粤BD72960
7027,粤BD72961
7028,粤BD72962
7029,粤BD72965
7030,粤BD72967
7031,粤BD72968
7032,粤BD72970
7033,粤BD72973
7034,粤BD72976
7035,粤BD72987
7036,粤BD72999
7037,粤BD73011
7038,粤BD73040
7039,粤BD73041
7040,粤BD73046
7041,粤BD73047
7042,粤BD73051
7043,粤BD73062
7044,粤BD73063
7045,粤BD73069
7046,粤BD73070
7047,粤BD73088
7048,粤BD73092
7049,粤BD73097
7050,粤BD73099
7051,粤BD73107
7052,粤BD73120
7053,粤BD73121
7054,粤BD73123
7055,粤BD73126
7056,粤BD73143
7057,粤BD73151
7058,粤BD73152
7059,粤BD73157
7060,粤BD73167
7061,粤BD73170
7062,粤BD73173
7063,粤BD73178
7064,粤BD73179
7065,粤BD73190
7066,粤BD73201
7067,粤BD73246
7068,粤BD73248
7069,粤BD73261
7070,粤BD73263
7071,粤BD73289
7072,粤BD73292
7073,粤BD73372
7074,粤BD73401
7075,粤BD73403
7076,粤BD73407
7077,粤BD73408
7078,粤BD73409
7079,粤BD73411
7080,粤BD73413
7081,粤BD73421
7082,粤BD73425
7083,粤BD73426
7084,粤BD73432
7085,粤BD73438
7086,粤BD73443
7087,粤BD73448
7088,粤BD73452
7089,粤BD73462
7090,粤BD73468
7091,粤BD73472
7092,粤BD73477
7093,粤BD73481
7094,粤BD73485
7095,粤BD73486
7096,粤BD73490
7097,粤BD73498
7098,粤BD73507
7099,粤BD73527
7100,粤BD73536
7101,粤BD73539
7102,粤BD73540
7103,粤BD73553
7104,粤BD73567
7105,粤BD73578
7106,粤BD73583
7107,粤BD73591
7108,粤BD73610
7109,粤BD73641
7110,粤BD73648
7111,粤BD73710
7112,粤BD73712
7113,粤BD73718
7114,粤BD73721
7115,粤BD73723
7116,粤BD73735
7117,粤BD73736
7118,粤BD73740
7119,粤BD73743
7120,粤BD73750
7121,粤BD73760
7122,粤BD73769
7123,粤BD73772
7124,粤BD73776
7125,粤BD73778
7126,粤BD73780
7127,粤BD73789
7128,粤BD73791
7129,粤BD73792
7130,粤BD73793
7131,粤BD73796
7132,粤BD73803
7133,粤BD73810
7134,粤BD73818
7135,粤BD73841
7136,粤BD73847
7137,粤BD73856
7138,粤BD73865
7139,粤BD73869
7140,粤BD73870
7141,粤BD73871
7142,粤BD73878
7143,粤BD73879
7144,粤BD73891
7145,粤BD73893
7146,粤BD73897
7147,粤BD73898
7148,粤BD73899
7149,粤BD73905
7150,粤BD73907
7151,粤BD73933
7152,粤BD73945
7153,粤BD73946
7154,粤BD73947
7155,粤BD73948
7156,粤BD73949
7157,粤BD73951
7158,粤BD73973
7159,粤BD73978
7160,粤BD73987
7161,粤BD74001
7162,粤BD74002
7163,粤BD74003
7164,粤BD74006
7165,粤BD74007
7166,粤BD74010
7167,粤BD74011
7168,粤BD74015
7169,粤BD74017
7170,粤BD74021
7171,粤BD74030
7172,粤BD74038
7173,粤BD74041
7174,粤BD74045
7175,粤BD74047
7176,粤BD74049
7177,粤BD74055
7178,粤BD74056
7179,粤BD74057
7180,粤BD74060
7181,粤BD74061
7182,粤BD74063
7183,粤BD74068
7184,粤BD74069
7185,粤BD74070
7186,粤BD74071
7187,粤BD74072
7188,粤BD74080
7189,粤BD74081
7190,粤BD74083
7191,粤BD74091
7192,粤BD74095
7193,粤BD74098
7194,粤BD74101
7195,粤BD74105
7196,粤BD74109
7197,粤BD74112
7198,粤BD74113
7199,粤BD74117
7200,粤BD74119
7201,粤BD74126
7202,粤BD74127
7203,粤BD74130
7204,粤BD74131
7205,粤BD74132
7206,粤BD74135
7207,粤BD74138
7208,粤BD74140
7209,粤BD74147
7210,粤BD74148
7211,粤BD74152
7212,粤BD74157
7213,粤BD74160
7214,粤BD74161
7215,粤BD74167
7216,粤BD74169
7217,粤BD74171
7218,粤BD74176
7219,粤BD74180
7220,粤BD74181
7221,粤BD74185
7222,粤BD74191
7223,粤BD74192
7224,粤BD74196
7225,粤BD74201
7226,粤BD74202
7227,粤BD74210
7228,粤BD74212
7229,粤BD74215
7230,粤BD74216
7231,粤BD74219
7232,粤BD74220
7233,粤BD74221
7234,粤BD74231
7235,粤BD74233
7236,粤BD74235
7237,粤BD74237
7238,粤BD74239
7239,粤BD74240
7240,粤BD74241
7241,粤BD74246
7242,粤BD74248
7243,粤BD74249
7244,粤BD74253
7245,粤BD74256
7246,粤BD74262
7247,粤BD74265
7248,粤BD74267
7249,粤BD74268
7250,粤BD74270
7251,粤BD74273
7252,粤BD74280
7253,粤BD74282
7254,粤BD74283
7255,粤BD74285
7256,粤BD74286
7257,粤BD74293
7258,粤BD74295
7259,粤BD74303
7260,粤BD74306
7261,粤BD74312
7262,粤BD74319
7263,粤BD74321
7264,粤BD74325
7265,粤BD74329
7266,粤BD74333
7267,粤BD74337
7268,粤BD74343
7269,粤BD74346
7270,粤BD74347
7271,粤BD74356
7272,粤BD74360
7273,粤BD74367
7274,粤BD74368
7275,粤BD74370
7276,粤BD74373
7277,粤BD74377
7278,粤BD74385
7279,粤BD74386
7280,粤BD74390
7281,粤BD74396
7282,粤BD74406
7283,粤BD74407
7284,粤BD74411
7285,粤BD74413
7286,粤BD74417
7287,粤BD74418
7288,粤BD74429
7289,粤BD74431
7290,粤BD74435
7291,粤BD74437
7292,粤BD74441
7293,粤BD74446
7294,粤BD74451
7295,粤BD74459
7296,粤BD74460
7297,粤BD74461
7298,粤BD74465
7299,粤BD74467
7300,粤BD74477
7301,粤BD74483
7302,粤BD74486
7303,粤BD74487
7304,粤BD74493
7305,粤BD74502
7306,粤BD74505
7307,粤BD74510
7308,粤BD74511
7309,粤BD74512
7310,粤BD74513
7311,粤BD74517
7312,粤BD74518
7313,粤BD74519
7314,粤BD74523
7315,粤BD74525
7316,粤BD74526
7317,粤BD74528
7318,粤BD74529
7319,粤BD74530
7320,粤BD74532
7321,粤BD74536
7322,粤BD74537
7323,粤BD74539
7324,粤BD74540
7325,粤BD74541
7326,粤BD74542
7327,粤BD74546
7328,粤BD74547
7329,粤BD74551
7330,粤BD74561
7331,粤BD74563
7332,粤BD74567
7333,粤BD74580
7334,粤BD74581
7335,粤BD74582
7336,粤BD74585
7337,粤BD74589
7338,粤BD74590
7339,粤BD74592
7340,粤BD74597
7341,粤BD74599
7342,粤BD74602
7343,粤BD74603
7344,粤BD74606
7345,粤BD74608
7346,粤BD74615
7347,粤BD74618
7348,粤BD74619
7349,粤BD74621
7350,粤BD74623
7351,粤BD74628
7352,粤BD74629
7353,粤BD74632
7354,粤BD74638
7355,粤BD74639
7356,粤BD74645
7357,粤BD74646
7358,粤BD74651
7359,粤BD74652
7360,粤BD74656
7361,粤BD74665
7362,粤BD74668
7363,粤BD74670
7364,粤BD74671
7365,粤BD74675
7366,粤BD74676
7367,粤BD74679
7368,粤BD74680
7369,粤BD74682
7370,粤BD74683
7371,粤BD74686
7372,粤BD74687
7373,粤BD74690
7374,粤BD74692
7375,粤BD74693
7376,粤BD74697
7377,粤BD74698
7378,粤BD74703
7379,粤BD74705
7380,粤BD74707
7381,粤BD74709
7382,粤BD74713
7383,粤BD74717
7384,粤BD74721
7385,粤BD74729
7386,粤BD74730
7387,粤BD74732
7388,粤BD74737
7389,粤BD74739
7390,粤BD74740
7391,粤BD74741
7392,粤BD74742
7393,粤BD74745
7394,粤BD74747
7395,粤BD74749
7396,粤BD74752
7397,粤BD74753
7398,粤BD74755
7399,粤BD74758
7400,粤BD74762
7401,粤BD74765
7402,粤BD74769
7403,粤BD74773
7404,粤BD74775
7405,粤BD74776
7406,粤BD74780
7407,粤BD74782
7408,粤BD74783
7409,粤BD74786
7410,粤BD74787
7411,粤BD74789
7412,粤BD74792
7413,粤BD74795
7414,粤BD74796
7415,粤BD74799
7416,粤BD74801
7417,粤BD74806
7418,粤BD74807
7419,粤BD74812
7420,粤BD74815
7421,粤BD74816
7422,粤BD74817
7423,粤BD74826
7424,粤BD74828
7425,粤BD74829
7426,粤BD74835
7427,粤BD74836
7428,粤BD74837
7429,粤BD74840
7430,粤BD74845
7431,粤BD74853
7432,粤BD74857
7433,粤BD74858
7434,粤BD74861
7435,粤BD74870
7436,粤BD74871
7437,粤BD74873
7438,粤BD74877
7439,粤BD74879
7440,粤BD74881
7441,粤BD74891
7442,粤BD74905
7443,粤BD74909
7444,粤BD74915
7445,粤BD74921
7446,粤BD74925
7447,粤BD74926
7448,粤BD74928
7449,粤BD74930
7450,粤BD74942
7451,粤BD74945
7452,粤BD74946
7453,粤BD74947
7454,粤BD74951
7455,粤BD74981
7456,粤BD74985
7457,粤BD75045
7458,粤BD75047
7459,粤BD75051
7460,粤BD75059
7461,粤BD75067
7462,粤BD75085
7463,粤BD75129
7464,粤BD75140
7465,粤BD75142
7466,粤BD75149
7467,粤BD75203
7468,粤BD75207
7469,粤BD75210
7470,粤BD75211
7471,粤BD75212
7472,粤BD75231
7473,粤BD75237
7474,粤BD75238
7475,粤BD75239
7476,粤BD75243
7477,粤BD75246
7478,粤BD75248
7479,粤BD75249
7480,粤BD75252
7481,粤BD75257
7482,粤BD75259
7483,粤BD75265
7484,粤BD75266
7485,粤BD75267
7486,粤BD75270
7487,粤BD75276
7488,粤BD75281
7489,粤BD75282
7490,粤BD75290
7491,粤BD75291
7492,粤BD75293
7493,粤BD75316
7494,粤BD75317
7495,粤BD75318
7496,粤BD75321
7497,粤BD75330
7498,粤BD75332
7499,粤BD75341
7500,粤BD75345
7501,粤BD75346
7502,粤BD75348
7503,粤BD75350
7504,粤BD75357
7505,粤BD75370
7506,粤BD75371
7507,粤BD75372
7508,粤BD75376
7509,粤BD75390
7510,粤BD75392
7511,粤BD75396
7512,粤BD75397
7513,粤BD75402
7514,粤BD75410
7515,粤BD75412
7516,粤BD75417
7517,粤BD75420
7518,粤BD75422
7519,粤BD75425
7520,粤BD75426
7521,粤BD75427
7522,粤BD75435
7523,粤BD75439
7524,粤BD75441
7525,粤BD75443
7526,粤BD75448
7527,粤BD75450
7528,粤BD75457
7529,粤BD75459
7530,粤BD75461
7531,粤BD75462
7532,粤BD75463
7533,粤BD75479
7534,粤BD75481
7535,粤BD75487
7536,粤BD75488
7537,粤BD75492
7538,粤BD75495
7539,粤BD75499
7540,粤BD75541
7541,粤BD75582
7542,粤BD75606
7543,粤BD75607
7544,粤BD75621
7545,粤BD75636
7546,粤BD75641
7547,粤BD75649
7548,粤BD75655
7549,粤BD75657
7550,粤BD75677
7551,粤BD75710
7552,粤BD75721
7553,粤BD75735
7554,粤BD75742
7555,粤BD75747
7556,粤BD75748
7557,粤BD75782
7558,粤BD75796
7559,粤BD75805
7560,粤BD75831
7561,粤BD75840
7562,粤BD75842
7563,粤BD75843
7564,粤BD75850
7565,粤BD75872
7566,粤BD75878
7567,粤BD75903
7568,粤BD75920
7569,粤BD75948
7570,粤BD75949
7571,粤BD75952
7572,粤BD75963
7573,粤BD76027
7574,粤BD76042
7575,粤BD76062
7576,粤BD76075
7577,粤BD76081
7578,粤BD76082
7579,粤BD76119
7580,粤BD76147
7581,粤BD76148
7582,粤BD76149
7583,粤BD76153
7584,粤BD76177
7585,粤BD76187
7586,粤BD76207
7587,粤BD76210
7588,粤BD76212
7589,粤BD76221
7590,粤BD76225
7591,粤BD76233
7592,粤BD76237
7593,粤BD76238
7594,粤BD76242
7595,粤BD76246
7596,粤BD76247
7597,粤BD76252
7598,粤BD76253
7599,粤BD76257
7600,粤BD76267
7601,粤BD76270
7602,粤BD76271
7603,粤BD76272
7604,粤BD76291
7605,粤BD76295
7606,粤BD76296
7607,粤BD76301
7608,粤BD76302
7609,粤BD76311
7610,粤BD76312
7611,粤BD76317
7612,粤BD76325
7613,粤BD76326
7614,粤BD76332
7615,粤BD76335
7616,粤BD76337
7617,粤BD76338
7618,粤BD76342
7619,粤BD76345
7620,粤BD76348
7621,粤BD76352
7622,粤BD76367
7623,粤BD76376
7624,粤BD76382
7625,粤BD76387
7626,粤BD76395
7627,粤BD76397
7628,粤BD76400
7629,粤BD76402
7630,粤BD76409
7631,粤BD76410
7632,粤BD76411
7633,粤BD76419
7634,粤BD76429
7635,粤BD76433
7636,粤BD76441
7637,粤BD76447
7638,粤BD76451
7639,粤BD76455
7640,粤BD76460
7641,粤BD76463
7642,粤BD76470
7643,粤BD76476
7644,粤BD76477
7645,粤BD76482
7646,粤BD76491
7647,粤BD76497
7648,粤BD76502
7649,粤BD76505
7650,粤BD76507
7651,粤BD76511
7652,粤BD76515
7653,粤BD76516
7654,粤BD76521
7655,粤BD76523
7656,粤BD76527
7657,粤BD76530
7658,粤BD76532
7659,粤BD76537
7660,粤BD76543
7661,粤BD76547
7662,粤BD76548
7663,粤BD76549
7664,粤BD76561
7665,粤BD76577
7666,粤BD76580
7667,粤BD76581
7668,粤BD76585
7669,粤BD76587
7670,粤BD76603
7671,粤BD76620
7672,粤BD76629
7673,粤BD76641
7674,粤BD76653
7675,粤BD76665
7676,粤BD76666
7677,粤BD76669
7678,粤BD76703
7679,粤BD76705
7680,粤BD76706
7681,粤BD76707
7682,粤BD76710
7683,粤BD76711
7684,粤BD76713
7685,粤BD76717
7686,粤BD76721
7687,粤BD76729
7688,粤BD76740
7689,粤BD76741
7690,粤BD76747
7691,粤BD76779
7692,粤BD76785
7693,粤BD76793
7694,粤BD76810
7695,粤BD76815
7696,粤BD76819
7697,粤BD76820
7698,粤BD76838
7699,粤BD76842
7700,粤BD76845
7701,粤BD76846
7702,粤BD76851
7703,粤BD76877
7704,粤BD76878
7705,粤BD76895
7706,粤BD76901
7707,粤BD76921
7708,粤BD76922
7709,粤BD76930
7710,粤BD76937
7711,粤BD76943
7712,粤BD76948
7713,粤BD76972
7714,粤BD76979
7715,粤BD76997
7716,粤BD77010
7717,粤BD77015
7718,粤BD77016
7719,粤BD77031
7720,粤BD77036
7721,粤BD77037
7722,粤BD77039
7723,粤BD77042
7724,粤BD77045
7725,粤BD77046
7726,粤BD77048
7727,粤BD77053
7728,粤BD77055
7729,粤BD77057
7730,粤BD77063
7731,粤BD77072
7732,粤BD77081
7733,粤BD77101
7734,粤BD77102
7735,粤BD77115
7736,粤BD77141
7737,粤BD77165
7738,粤BD77173
7739,粤BD77183
7740,粤BD77187
7741,粤BD77212
7742,粤BD77216
7743,粤BD77221
7744,粤BD77242
7745,粤BD77250
7746,粤BD77257
7747,粤BD77270
7748,粤BD77280
7749,粤BD77281
7750,粤BD77290
7751,粤BD77291
7752,粤BD77293
7753,粤BD77301
7754,粤BD77303
7755,粤BD77329
7756,粤BD77340
7757,粤BD77342
7758,粤BD77343
7759,粤BD77352
7760,粤BD77362
7761,粤BD77363
7762,粤BD77403
7763,粤BD77405
7764,粤BD77406
7765,粤BD77410
7766,粤BD77411
7767,粤BD77417
7768,粤BD77422
7769,粤BD77428
7770,粤BD77429
7771,粤BD77438
7772,粤BD77441
7773,粤BD77445
7774,粤BD77446
7775,粤BD77449
7776,粤BD77450
7777,粤BD77451
7778,粤BD77452
7779,粤BD77453
7780,粤BD77457
7781,粤BD77459
7782,粤BD77468
7783,粤BD77471
7784,粤BD77477
7785,粤BD77485
7786,粤BD77486
7787,粤BD77495
7788,粤BD77498
7789,粤BD77602
7790,粤BD77620
7791,粤BD77627
7792,粤BD77648
7793,粤BD77670
7794,粤BD77679
7795,粤BD77683
7796,粤BD77722
7797,粤BD77740
7798,粤BD77745
7799,粤BD77746
7800,粤BD77750
7801,粤BD77757
7802,粤BD77767
7803,粤BD77771
7804,粤BD77782
7805,粤BD77790
7806,粤BD77801
7807,粤BD77802
7808,粤BD77803
7809,粤BD77805
7810,粤BD77819
7811,粤BD77837
7812,粤BD77841
7813,粤BD77843
7814,粤BD77848
7815,粤BD77849
7816,粤BD77852
7817,粤BD77859
7818,粤BD77872
7819,粤BD77893
7820,粤BD77895
7821,粤BD77896
7822,粤BD77900
7823,粤BD77906
7824,粤BD77913
7825,粤BD77919
7826,粤BD77927
7827,粤BD77932
7828,粤BD77942
7829,粤BD77943
7830,粤BD77945
7831,粤BD77946
7832,粤BD77947
7833,粤BD77948
7834,粤BD77952
7835,粤BD77957
7836,粤BD77958
7837,粤BD77963
7838,粤BD77965
7839,粤BD77971
7840,粤BD77972
7841,粤BD77973
7842,粤BD77975
7843,粤BD77977
7844,粤BD77982
7845,粤BD77991
7846,粤BD77993
7847,粤BD77997
7848,粤BD78010
7849,粤BD78032
7850,粤BD78053
7851,粤BD78097
7852,粤BD78105
7853,粤BD78120
7854,粤BD78121
7855,粤BD78133
7856,粤BD78135
7857,粤BD78140
7858,粤BD78143
7859,粤BD78147
7860,粤BD78148
7861,粤BD78150
7862,粤BD78156
7863,粤BD78160
7864,粤BD78161
7865,粤BD78167
7866,粤BD78171
7867,粤BD78175
7868,粤BD78176
7869,粤BD78179
7870,粤BD78182
7871,粤BD78191
7872,粤BD78243
7873,粤BD78250
7874,粤BD78341
7875,粤BD78349
7876,粤BD78400
7877,粤BD78401
7878,粤BD78403
7879,粤BD78405
7880,粤BD78407
7881,粤BD78409
7882,粤BD78412
7883,粤BD78425
7884,粤BD78430
7885,粤BD78432
7886,粤BD78436
7887,粤BD78437
7888,粤BD78440
7889,粤BD78441
7890,粤BD78442
7891,粤BD78445
7892,粤BD78446
7893,粤BD78447
7894,粤BD78449
7895,粤BD78450
7896,粤BD78451
7897,粤BD78456
7898,粤BD78457
7899,粤BD78458
7900,粤BD78462
7901,粤BD78470
7902,粤BD78472
7903,粤BD78473
7904,粤BD78475
7905,粤BD78476
7906,粤BD78478
7907,粤BD78479
7908,粤BD78483
7909,粤BD78486
7910,粤BD78488
7911,粤BD78489
7912,粤BD78490
7913,粤BD78491
7914,粤BD78492
7915,粤BD78498
7916,粤BD78515
7917,粤BD78540
7918,粤BD78542
7919,粤BD78648
7920,粤BD78671
7921,粤BD78673
7922,粤BD78701
7923,粤BD78705
7924,粤BD78718
7925,粤BD78719
7926,粤BD78721
7927,粤BD78723
7928,粤BD78726
7929,粤BD78736
7930,粤BD78742
7931,粤BD78743
7932,粤BD78745
7933,粤BD78748
7934,粤BD78751
7935,粤BD78752
7936,粤BD78753
7937,粤BD78766
7938,粤BD78767
7939,粤BD78772
7940,粤BD78787
7941,粤BD78793
7942,粤BD78940
7943,粤BD78943
7944,粤BD79019
7945,粤BD79021
7946,粤BD79029
7947,粤BD79032
7948,粤BD79036
7949,粤BD79041
7950,粤BD79045
7951,粤BD79048
7952,粤BD79061
7953,粤BD79078
7954,粤BD79081
7955,粤BD79087
7956,粤BD79117
7957,粤BD79120
7958,粤BD79131
7959,粤BD79135
7960,粤BD79137
7961,粤BD79146
7962,粤BD79151
7963,粤BD79161
7964,粤BD79167
7965,粤BD79173
7966,粤BD79177
7967,粤BD79179
7968,粤BD79182
7969,粤BD79183
7970,粤BD79185
7971,粤BD79192
7972,粤BD79241
7973,粤BD79242
7974,粤BD79247
7975,粤BD79250
7976,粤BD79263
7977,粤BD79267
7978,粤BD79270
7979,粤BD79350
7980,粤BD79351
7981,粤BD79352
7982,粤BD79359
7983,粤BD79371
7984,粤BD79377
7985,粤BD79379
7986,粤BD79392
7987,粤BD79420
7988,粤BD79421
7989,粤BD79423
7990,粤BD79426
7991,粤BD79427
7992,粤BD79435
7993,粤BD79436
7994,粤BD79439
7995,粤BD79440
7996,粤BD79442
7997,粤BD79443
7998,粤BD79447
7999,粤BD79448
8000,粤BD79452
8001,粤BD79453
8002,粤BD79455
8003,粤BD79456
8004,粤BD79457
8005,粤BD79465
8006,粤BD79472
8007,粤BD79475
8008,粤BD79477
8009,粤BD79486
8010,粤BD79493
8011,粤BD79495
8012,粤BD79499
8013,粤BD79505
8014,粤BD79506
8015,粤BD79507
8016,粤BD79516
8017,粤BD79517
8018,粤BD79527
8019,粤BD79531
8020,粤BD79555
8021,粤BD79557
8022,粤BD79561
8023,粤BD79562
8024,粤BD79570
8025,粤BD79572
8026,粤BD79575
8027,粤BD79586
8028,粤BD79607
8029,粤BD79630
8030,粤BD79636
8031,粤BD79643
8032,粤BD79646
8033,粤BD79655
8034,粤BD79670
8035,粤BD79679
8036,粤BD79699
8037,粤BD79740
8038,粤BD79746
8039,粤BD79843
8040,粤BD79847
8041,粤BD79848
8042,粤BD79907
8043,粤BD79913
8044,粤BD79921
8045,粤BD79940
8046,粤BD79942
8047,粤BD79947
8048,粤BD79978
8049,粤BD80043
8050,粤BD80047
8051,粤BD80118
8052,粤BD80135
8053,粤BD80138
8054,粤BD80140
8055,粤BD80142
8056,粤BD80146
8057,粤BD80147
8058,粤BD80150
8059,粤BD80152
8060,粤BD80161
8061,粤BD80165
8062,粤BD80167
8063,粤BD80182
8064,粤BD80185
8065,粤BD80187
8066,粤BD80200
8067,粤BD80202
8068,粤BD80206
8069,粤BD80207
8070,粤BD80208
8071,粤BD80213
8072,粤BD80223
8073,粤BD80226
8074,粤BD80227
8075,粤BD80232
8076,粤BD80233
8077,粤BD80235
8078,粤BD80241
8079,粤BD80246
8080,粤BD80247
8081,粤BD80248
8082,粤BD80249
8083,粤BD80251
8084,粤BD80252
8085,粤BD80256
8086,粤BD80258
8087,粤BD80262
8088,粤BD80267
8089,粤BD80270
8090,粤BD80272
8091,粤BD80279
8092,粤BD80288
8093,粤BD80295
8094,粤BD80301
8095,粤BD80302
8096,粤BD80303
8097,粤BD80305
8098,粤BD80311
8099,粤BD80317
8100,粤BD80322
8101,粤BD80325
8102,粤BD80327
8103,粤BD80332
8104,粤BD80340
8105,粤BD80341
8106,粤BD80345
8107,粤BD80356
8108,粤BD80361
8109,粤BD80365
8110,粤BD80370
8111,粤BD80375
8112,粤BD80379
8113,粤BD80381
8114,粤BD80382
8115,粤BD80389
8116,粤BD80402
8117,粤BD80408
8118,粤BD80411
8119,粤BD80416
8120,粤BD80418
8121,粤BD80419
8122,粤BD80420
8123,粤BD80426
8124,粤BD80430
8125,粤BD80432
8126,粤BD80436
8127,粤BD80437
8128,粤BD80438
8129,粤BD80442
8130,粤BD80446
8131,粤BD80456
8132,粤BD80460
8133,粤BD80462
8134,粤BD80465
8135,粤BD80487
8136,粤BD80506
8137,粤BD80507
8138,粤BD80508
8139,粤BD80515
8140,粤BD80519
8141,粤BD80520
8142,粤BD80527
8143,粤BD80528
8144,粤BD80537
8145,粤BD80542
8146,粤BD80547
8147,粤BD80549
8148,粤BD80550
8149,粤BD80557
8150,粤BD80565
8151,粤BD80573
8152,粤BD80576
8153,粤BD80579
8154,粤BD80585
8155,粤BD80587
8156,粤BD80670
8157,粤BD80703
8158,粤BD80706
8159,粤BD80712
8160,粤BD80716
8161,粤BD80726
8162,粤BD80730
8163,粤BD80742
8164,粤BD80743
8165,粤BD80745
8166,粤BD80746
8167,粤BD80747
8168,粤BD80749
8169,粤BD80761
8170,粤BD80767
8171,粤BD80775
8172,粤BD80783
8173,粤BD80789
8174,粤BD80796
8175,粤BD80797
8176,粤BD80827
8177,粤BD80837
8178,粤BD80847
8179,粤BD80849
8180,粤BD80857
8181,粤BD80867
8182,粤BD80871
8183,粤BD81015
8184,粤BD81023
8185,粤BD81035
8186,粤BD81040
8187,粤BD81046
8188,粤BD81049
8189,粤BD81052
8190,粤BD81053
8191,粤BD81059
8192,粤BD81078
8193,粤BD81085
8194,粤BD81097
8195,粤BD81099
8196,粤BD81101
8197,粤BD81103
8198,粤BD81107
8199,粤BD81122
8200,粤BD81125
8201,粤BD81127
8202,粤BD81135
8203,粤BD81152
8204,粤BD81167
8205,粤BD81176
8206,粤BD81180
8207,粤BD81181
8208,粤BD81182
8209,粤BD81185
8210,粤BD81191
8211,粤BD81193
8212,粤BD81196
8213,粤BD81197
8214,粤BD81202
8215,粤BD81241
8216,粤BD81243
8217,粤BD81257
8218,粤BD81262
8219,粤BD81270
8220,粤BD81271
8221,粤BD81273
8222,粤BD81276
8223,粤BD81277
8224,粤BD81292
8225,粤BD81296
8226,粤BD81305
8227,粤BD81311
8228,粤BD81319
8229,粤BD81330
8230,粤BD81338
8231,粤BD81346
8232,粤BD81348
8233,粤BD81355
8234,粤BD81362
8235,粤BD81371
8236,粤BD81375
8237,粤BD81378
8238,粤BD81380
8239,粤BD81381
8240,粤BD81383
8241,粤BD81390
8242,粤BD81399
8243,粤BD81401
8244,粤BD81410
8245,粤BD81411
8246,粤BD81412
8247,粤BD81416
8248,粤BD81421
8249,粤BD81423
8250,粤BD81428
8251,粤BD81437
8252,粤BD81438
8253,粤BD81439
8254,粤BD81441
8255,粤BD81443
8256,粤BD81445
8257,粤BD81446
8258,粤BD81448
8259,粤BD81449
8260,粤BD81451
8261,粤BD81456
8262,粤BD81462
8263,粤BD81466
8264,粤BD81467
8265,粤BD81468
8266,粤BD81480
8267,粤BD81481
8268,粤BD81482
8269,粤BD81487
8270,粤BD81489
8271,粤BD81502
8272,粤BD81505
8273,粤BD81516
8274,粤BD81517
8275,粤BD81522
8276,粤BD81536
8277,粤BD81540
8278,粤BD81543
8279,粤BD81546
8280,粤BD81562
8281,粤BD81571
8282,粤BD81581
8283,粤BD81582
8284,粤BD81596
8285,粤BD81601
8286,粤BD81610
8287,粤BD81635
8288,粤BD81643
8289,粤BD81670
8290,粤BD81672
8291,粤BD81673
8292,粤BD81677
8293,粤BD81681
8294,粤BD81682
8295,粤BD81692
8296,粤BD81703
8297,粤BD81713
8298,粤BD81748
8299,粤BD81759
8300,粤BD81803
8301,粤BD81807
8302,粤BD81812
8303,粤BD81816
8304,粤BD81829
8305,粤BD81837
8306,粤BD81840
8307,粤BD81845
8308,粤BD81878
8309,粤BD81892
8310,粤BD81897
8311,粤BD81920
8312,粤BD81935
8313,粤BD81941
8314,粤BD81942
8315,粤BD81950
8316,粤BD81952
8317,粤BD81957
8318,粤BD81965
8319,粤BD81967
8320,粤BD81977
8321,粤BD81981
8322,粤BD81987
8323,粤BD82001
8324,粤BD82006
8325,粤BD82015
8326,粤BD82018
8327,粤BD82019
8328,粤BD82023
8329,粤BD82028
8330,粤BD82030
8331,粤BD82035
8332,粤BD82036
8333,粤BD82063
8334,粤BD82065
8335,粤BD82069
8336,粤BD82076
8337,粤BD82085
8338,粤BD82087
8339,粤BD82095
8340,粤BD82111
8341,粤BD82112
8342,粤BD82120
8343,粤BD82121
8344,粤BD82123
8345,粤BD82129
8346,粤BD82132
8347,粤BD82133
8348,粤BD82142
8349,粤BD82147
8350,粤BD82148
8351,粤BD82151
8352,粤BD82156
8353,粤BD82157
8354,粤BD82166
8355,粤BD82167
8356,粤BD82178
8357,粤BD82179
8358,粤BD82185
8359,粤BD82190
8360,粤BD82196
8361,粤BD82287
8362,粤BD82301
8363,粤BD82316
8364,粤BD82321
8365,粤BD82322
8366,粤BD82335
8367,粤BD82340
8368,粤BD82346
8369,粤BD82347
8370,粤BD82348
8371,粤BD82365
8372,粤BD82367
8373,粤BD82371
8374,粤BD82375
8375,粤BD82379
8376,粤BD82388
8377,粤BD82392
8378,粤BD82396
8379,粤BD82399
8380,粤BD82403
8381,粤BD82406
8382,粤BD82407
8383,粤BD82408
8384,粤BD82412
8385,粤BD82415
8386,粤BD82427
8387,粤BD82428
8388,粤BD82438
8389,粤BD82443
8390,粤BD82460
8391,粤BD82462
8392,粤BD82470
8393,粤BD82476
8394,粤BD82478
8395,粤BD82486
8396,粤BD82492
8397,粤BD82496
8398,粤BD82503
8399,粤BD82507
8400,粤BD82508
8401,粤BD82510
8402,粤BD82523
8403,粤BD82531
8404,粤BD82535
8405,粤BD82536
8406,粤BD82537
8407,粤BD82541
8408,粤BD82545
8409,粤BD82547
8410,粤BD82551
8411,粤BD82557
8412,粤BD82559
8413,粤BD82562
8414,粤BD82567
8415,粤BD82579
8416,粤BD82581
8417,粤BD82583
8418,粤BD82587
8419,粤BD82592
8420,粤BD82601
8421,粤BD82603
8422,粤BD82605
8423,粤BD82606
8424,粤BD82609
8425,粤BD82611
8426,粤BD82612
8427,粤BD82613
8428,粤BD82616
8429,粤BD82617
8430,粤BD82618
8431,粤BD82621
8432,粤BD82623
8433,粤BD82625
8434,粤BD82626
8435,粤BD82627
8436,粤BD82630
8437,粤BD82631
8438,粤BD82632
8439,粤BD82633
8440,粤BD82635
8441,粤BD82636
8442,粤BD82638
8443,粤BD82640
8444,粤BD82641
8445,粤BD82642
8446,粤BD82643
8447,粤BD82646
8448,粤BD82650
8449,粤BD82651
8450,粤BD82652
8451,粤BD82653
8452,粤BD82655
8453,粤BD82656
8454,粤BD82658
8455,粤BD82661
8456,粤BD82663
8457,粤BD82667
8458,粤BD82669
8459,粤BD82671
8460,粤BD82672
8461,粤BD82673
8462,粤BD82675
8463,粤BD82677
8464,粤BD82679
8465,粤BD82683
8466,粤BD82687
8467,粤BD82690
8468,粤BD82691
8469,粤BD82695
8470,粤BD82696
8471,粤BD82697
8472,粤BD82700
8473,粤BD82701
8474,粤BD82702
8475,粤BD82703
8476,粤BD82705
8477,粤BD82706
8478,粤BD82707
8479,粤BD82708
8480,粤BD82711
8481,粤BD82713
8482,粤BD82716
8483,粤BD82717
8484,粤BD82719
8485,粤BD82720
8486,粤BD82722
8487,粤BD82723
8488,粤BD82725
8489,粤BD82726
8490,粤BD82727
8491,粤BD82728
8492,粤BD82731
8493,粤BD82732
8494,粤BD82733
8495,粤BD82737
8496,粤BD82738
8497,粤BD82741
8498,粤BD82742
8499,粤BD82746
8500,粤BD82748
8501,粤BD82749
8502,粤BD82750
8503,粤BD82751
8504,粤BD82752
8505,粤BD82753
8506,粤BD82756
8507,粤BD82757
8508,粤BD82758
8509,粤BD82759
8510,粤BD82761
8511,粤BD82762
8512,粤BD82766
8513,粤BD82767
8514,粤BD82768
8515,粤BD82769
8516,粤BD82773
8517,粤BD82775
8518,粤BD82777
8519,粤BD82778
8520,粤BD82785
8521,粤BD82787
8522,粤BD82789
8523,粤BD82792
8524,粤BD82796
8525,粤BD82797
8526,粤BD82799
8527,粤BD82808
8528,粤BD82825
8529,粤BD82837
8530,粤BD82840
8531,粤BD82851
8532,粤BD82859
8533,粤BD82867
8534,粤BD82881
8535,粤BD82888
8536,粤BD82895
8537,粤BD82913
8538,粤BD82917
8539,粤BD82922
8540,粤BD82926
8541,粤BD82927
8542,粤BD82935
8543,粤BD82937
8544,粤BD82939
8545,粤BD82940
8546,粤BD82947
8547,粤BD82967
8548,粤BD82972
8549,粤BD82978
8550,粤BD82980
8551,粤BD82986
8552,粤BD82991
8553,粤BD82992
8554,粤BD83100
8555,粤BD83102
8556,粤BD83103
8557,粤BD83110
8558,粤BD83111
8559,粤BD83117
8560,粤BD83118
8561,粤BD83119
8562,粤BD83121
8563,粤BD83126
8564,粤BD83128
8565,粤BD83131
8566,粤BD83138
8567,粤BD83139
8568,粤BD83140
8569,粤BD83142
8570,粤BD83143
8571,粤BD83145
8572,粤BD83147
8573,粤BD83155
8574,粤BD83163
8575,粤BD83169
8576,粤BD83181
8577,粤BD83188
8578,粤BD83190
8579,粤BD83195
8580,粤BD83221
8581,粤BD83240
8582,粤BD83243
8583,粤BD83257
8584,粤BD83260
8585,粤BD83287
8586,粤BD83305
8587,粤BD83315
8588,粤BD83317
8589,粤BD83325
8590,粤BD83326
8591,粤BD83327
8592,粤BD83341
8593,粤BD83345
8594,粤BD83346
8595,粤BD83347
8596,粤BD83358
8597,粤BD83367
8598,粤BD83378
8599,粤BD83380
8600,粤BD83381
8601,粤BD83385
8602,粤BD83387
8603,粤BD83389
8604,粤BD83400
8605,粤BD83406
8606,粤BD83409
8607,粤BD83412
8608,粤BD83416
8609,粤BD83420
8610,粤BD83422
8611,粤BD83423
8612,粤BD83427
8613,粤BD83432
8614,粤BD83440
8615,粤BD83442
8616,粤BD83450
8617,粤BD83452
8618,粤BD83456
8619,粤BD83459
8620,粤BD83463
8621,粤BD83478
8622,粤BD83482
8623,粤BD83487
8624,粤BD83488
8625,粤BD83492
8626,粤BD83495
8627,粤BD83497
8628,粤BD83499
8629,粤BD83501
8630,粤BD83505
8631,粤BD83506
8632,粤BD83507
8633,粤BD83509
8634,粤BD83511
8635,粤BD83513
8636,粤BD83516
8637,粤BD83518
8638,粤BD83523
8639,粤BD83530
8640,粤BD83533
8641,粤BD83535
8642,粤BD83536
8643,粤BD83539
8644,粤BD83541
8645,粤BD83542
8646,粤BD83545
8647,粤BD83548
8648,粤BD83552
8649,粤BD83559
8650,粤BD83572
8651,粤BD83575
8652,粤BD83577
8653,粤BD83578
8654,粤BD83581
8655,粤BD83591
8656,粤BD83593
8657,粤BD83607
8658,粤BD83616
8659,粤BD83625
8660,粤BD83627
8661,粤BD83629
8662,粤BD83635
8663,粤BD83637
8664,粤BD83642
8665,粤BD83643
8666,粤BD83672
8667,粤BD83675
8668,粤BD83677
8669,粤BD83681
8670,粤BD83685
8671,粤BD83706
8672,粤BD83809
8673,粤BD83811
8674,粤BD83815
8675,粤BD83830
8676,粤BD83840
8677,粤BD83841
8678,粤BD83842
8679,粤BD83847
8680,粤BD83848
8681,粤BD83849
8682,粤BD83851
8683,粤BD83861
8684,粤BD83862
8685,粤BD83867
8686,粤BD83875
8687,粤BD83876
8688,粤BD83885
8689,粤BD83890
8690,粤BD83892
8691,粤BD83906
8692,粤BD83907
8693,粤BD83909
8694,粤BD83916
8695,粤BD83917
8696,粤BD83926
8697,粤BD83936
8698,粤BD83940
8699,粤BD83943
8700,粤BD83955
8701,粤BD83958
8702,粤BD83960
8703,粤BD83961
8704,粤BD83970
8705,粤BD83981
8706,粤BD83989
8707,粤BD83996
8708,粤BD83999
8709,粤BD84008
8710,粤BD84012
8711,粤BD84016
8712,粤BD84025
8713,粤BD84029
8714,粤BD84036
8715,粤BD84046
8716,粤BD84058
8717,粤BD84062
8718,粤BD84072
8719,粤BD84077
8720,粤BD84083
8721,粤BD84092
8722,粤BD84093
8723,粤BD84097
8724,粤BD84110
8725,粤BD84113
8726,粤BD84118
8727,粤BD84127
8728,粤BD84129
8729,粤BD84132
8730,粤BD84133
8731,粤BD84137
8732,粤BD84139
8733,粤BD84162
8734,粤BD84167
8735,粤BD84170
8736,粤BD84177
8737,粤BD84178
8738,粤BD84180
8739,粤BD84182
8740,粤BD84183
8741,粤BD84200
8742,粤BD84207
8743,粤BD84209
8744,粤BD84220
8745,粤BD84227
8746,粤BD84247
8747,粤BD84261
8748,粤BD84275
8749,粤BD84278
8750,粤BD84280
8751,粤BD84287
8752,粤BD84289
8753,粤BD84292
8754,粤BD84297
8755,粤BD84301
8756,粤BD84307
8757,粤BD84308
8758,粤BD84309
8759,粤BD84312
8760,粤BD84318
8761,粤BD84319
8762,粤BD84327
8763,粤BD84331
8764,粤BD84332
8765,粤BD84337
8766,粤BD84339
8767,粤BD84341
8768,粤BD84343
8769,粤BD84348
8770,粤BD84351
8771,粤BD84353
8772,粤BD84357
8773,粤BD84361
8774,粤BD84373
8775,粤BD84375
8776,粤BD84378
8777,粤BD84379
8778,粤BD84385
8779,粤BD84386
8780,粤BD84387
8781,粤BD84388
8782,粤BD84396
8783,粤BD84402
8784,粤BD84405
8785,粤BD84406
8786,粤BD84408
8787,粤BD84416
8788,粤BD84421
8789,粤BD84427
8790,粤BD84429
8791,粤BD84430
8792,粤BD84431
8793,粤BD84438
8794,粤BD84439
8795,粤BD84445
8796,粤BD84456
8797,粤BD84457
8798,粤BD84458
8799,粤BD84463
8800,粤BD84467
8801,粤BD84468
8802,粤BD84472
8803,粤BD84475
8804,粤BD84478
8805,粤BD84492
8806,粤BD84493
8807,粤BD84495
8808,粤BD84496
8809,粤BD84497
8810,粤BD84502
8811,粤BD84505
8812,粤BD84510
8813,粤BD84515
8814,粤BD84517
8815,粤BD84521
8816,粤BD84528
8817,粤BD84532
8818,粤BD84535
8819,粤BD84538
8820,粤BD84539
8821,粤BD84540
8822,粤BD84545
8823,粤BD84546
8824,粤BD84547
8825,粤BD84555
8826,粤BD84556
8827,粤BD84562
8828,粤BD84572
8829,粤BD84577
8830,粤BD84591
8831,粤BD84592
8832,粤BD84597
8833,粤BD84600
8834,粤BD84603
8835,粤BD84605
8836,粤BD84621
8837,粤BD84627
8838,粤BD84628
8839,粤BD84629
8840,粤BD84636
8841,粤BD84637
8842,粤BD84638
8843,粤BD84645
8844,粤BD84646
8845,粤BD84648
8846,粤BD84650
8847,粤BD84652
8848,粤BD84659
8849,粤BD84660
8850,粤BD84662
8851,粤BD84667
8852,粤BD84671
8853,粤BD84675
8854,粤BD84678
8855,粤BD84680
8856,粤BD84682
8857,粤BD84686
8858,粤BD84687
8859,粤BD84689
8860,粤BD84693
8861,粤BD84696
8862,粤BD84697
8863,粤BD84699
8864,粤BD84710
8865,粤BD84712
8866,粤BD84713
8867,粤BD84732
8868,粤BD84738
8869,粤BD84740
8870,粤BD84743
8871,粤BD84748
8872,粤BD84759
8873,粤BD84773
8874,粤BD84778
8875,粤BD84790
8876,粤BD84793
8877,粤BD84797
8878,粤BD84802
8879,粤BD84810
8880,粤BD84815
8881,粤BD84816
8882,粤BD84817
8883,粤BD84821
8884,粤BD84825
8885,粤BD84828
8886,粤BD84831
8887,粤BD84836
8888,粤BD84843
8889,粤BD84850
8890,粤BD84852
8891,粤BD84853
8892,粤BD84857
8893,粤BD84863
8894,粤BD84865
8895,粤BD84866
8896,粤BD84875
8897,粤BD84878
8898,粤BD84880
8899,粤BD84888
8900,粤BD84892
8901,粤BD84898
8902,粤BD84900
8903,粤BD84902
8904,粤BD84903
8905,粤BD84905
8906,粤BD84906
8907,粤BD84912
8908,粤BD84913
8909,粤BD84915
8910,粤BD84916
8911,粤BD84919
8912,粤BD84927
8913,粤BD84929
8914,粤BD84932
8915,粤BD84935
8916,粤BD84940
8917,粤BD84941
8918,粤BD84942
8919,粤BD84951
8920,粤BD84955
8921,粤BD84956
8922,粤BD84958
8923,粤BD84960
8924,粤BD84961
8925,粤BD84966
8926,粤BD84967
8927,粤BD84976
8928,粤BD84977
8929,粤BD84979
8930,粤BD84980
8931,粤BD84983
8932,粤BD84993
8933,粤BD84997
8934,粤BD84999
8935,粤BD85000
8936,粤BD85006
8937,粤BD85009
8938,粤BD85012
8939,粤BD85017
8940,粤BD85023
8941,粤BD85026
8942,粤BD85027
8943,粤BD85028
8944,粤BD85032
8945,粤BD85041
8946,粤BD85043
8947,粤BD85046
8948,粤BD85049
8949,粤BD85050
8950,粤BD85056
8951,粤BD85057
8952,粤BD85062
8953,粤BD85065
8954,粤BD85067
8955,粤BD85069
8956,粤BD85071
8957,粤BD85076
8958,粤BD85079
8959,粤BD85082
8960,粤BD85087
8961,粤BD85089
8962,粤BD85090
8963,粤BD85092
8964,粤BD85105
8965,粤BD85109
8966,粤BD85112
8967,粤BD85121
8968,粤BD85122
8969,粤BD85127
8970,粤BD85139
8971,粤BD85148
8972,粤BD85149
8973,粤BD85152
8974,粤BD85165
8975,粤BD85169
8976,粤BD85175
8977,粤BD85179
8978,粤BD85180
8979,粤BD85190
8980,粤BD85196
8981,粤BD85199
8982,粤BD85403
8983,粤BD85407
8984,粤BD85412
8985,粤BD85417
8986,粤BD85428
8987,粤BD85432
8988,粤BD85439
8989,粤BD85440
8990,粤BD85442
8991,粤BD85443
8992,粤BD85450
8993,粤BD85453
8994,粤BD85459
8995,粤BD85472
8996,粤BD85486
8997,粤BD85487
8998,粤BD85488
8999,粤BD85489
9000,粤BD85495
9001,粤BD85502
9002,粤BD85510
9003,粤BD85517
9004,粤BD85519
9005,粤BD85522
9006,粤BD85525
9007,粤BD85530
9008,粤BD85539
9009,粤BD85555
9010,粤BD85565
9011,粤BD85572
9012,粤BD85576
9013,粤BD85577
9014,粤BD85580
9015,粤BD85582
9016,粤BD85595
9017,粤BD85613
9018,粤BD85616
9019,粤BD85619
9020,粤BD85623
9021,粤BD85626
9022,粤BD85629
9023,粤BD85630
9024,粤BD85636
9025,粤BD85638
9026,粤BD85643
9027,粤BD85657
9028,粤BD85667
9029,粤BD85670
9030,粤BD85673
9031,粤BD85677
9032,粤BD85747
9033,粤BD85749
9034,粤BD85753
9035,粤BD85769
9036,粤BD85820
9037,粤BD85822
9038,粤BD85898
9039,粤BD85900
9040,粤BD85910
9041,粤BD85921
9042,粤BD85941
9043,粤BD85948
9044,粤BD85953
9045,粤BD85959
9046,粤BD85963
9047,粤BD85969
9048,粤BD85983
9049,粤BD86013
9050,粤BD86017
9051,粤BD86018
9052,粤BD86027
9053,粤BD86042
9054,粤BD86043
9055,粤BD86046
9056,粤BD86049
9057,粤BD86051
9058,粤BD86052
9059,粤BD86067
9060,粤BD86069
9061,粤BD86073
9062,粤BD86075
9063,粤BD86077
9064,粤BD86089
9065,粤BD86095
9066,粤BD86102
9067,粤BD86107
9068,粤BD86110
9069,粤BD86116
9070,粤BD86129
9071,粤BD86130
9072,粤BD86131
9073,粤BD86132
9074,粤BD86137
9075,粤BD86140
9076,粤BD86141
9077,粤BD86142
9078,粤BD86149
9079,粤BD86165
9080,粤BD86166
9081,粤BD86173
9082,粤BD86179
9083,粤BD86180
9084,粤BD86185
9085,粤BD86192
9086,粤BD86196
9087,粤BD86197
9088,粤BD86200
9089,粤BD86209
9090,粤BD86212
9091,粤BD86220
9092,粤BD86227
9093,粤BD86228
9094,粤BD86237
9095,粤BD86240
9096,粤BD86256
9097,粤BD86262
9098,粤BD86267
9099,粤BD86270
9100,粤BD86272
9101,粤BD86276
9102,粤BD86277
9103,粤BD86278
9104,粤BD86279
9105,粤BD86282
9106,粤BD86286
9107,粤BD86292
9108,粤BD86296
9109,粤BD86302
9110,粤BD86303
9111,粤BD86305
9112,粤BD86307
9113,粤BD86310
9114,粤BD86332
9115,粤BD86335
9116,粤BD86337
9117,粤BD86340
9118,粤BD86343
9119,粤BD86345
9120,粤BD86372
9121,粤BD86412
9122,粤BD86413
9123,粤BD86419
9124,粤BD86425
9125,粤BD86428
9126,粤BD86440
9127,粤BD86448
9128,粤BD86467
9129,粤BD86470
9130,粤BD86472
9131,粤BD86477
9132,粤BD86482
9133,粤BD86488
9134,粤BD86489
9135,粤BD86490
9136,粤BD86493
9137,粤BD86498
9138,粤BD86503
9139,粤BD86508
9140,粤BD86510
9141,粤BD86511
9142,粤BD86515
9143,粤BD86516
9144,粤BD86517
9145,粤BD86518
9146,粤BD86519
9147,粤BD86522
9148,粤BD86529
9149,粤BD86532
9150,粤BD86536
9151,粤BD86537
9152,粤BD86538
9153,粤BD86539
9154,粤BD86540
9155,粤BD86543
9156,粤BD86545
9157,粤BD86548
9158,粤BD86563
9159,粤BD86571
9160,粤BD86573
9161,粤BD86577
9162,粤BD86585
9163,粤BD86587
9164,粤BD86593
9165,粤BD86595
9166,粤BD86602
9167,粤BD86606
9168,粤BD86610
9169,粤BD86612
9170,粤BD86616
9171,粤BD86628
9172,粤BD86629
9173,粤BD86632
9174,粤BD86636
9175,粤BD86645
9176,粤BD86646
9177,粤BD86648
9178,粤BD86656
9179,粤BD86660
9180,粤BD86662
9181,粤BD86663
9182,粤BD86666
9183,粤BD86681
9184,粤BD86683
9185,粤BD86686
9186,粤BD86690
9187,粤BD86697
9188,粤BD86699
9189,粤BD86702
9190,粤BD86705
9191,粤BD86706
9192,粤BD86713
9193,粤BD86716
9194,粤BD86720
9195,粤BD86722
9196,粤BD86731
9197,粤BD86742
9198,粤BD86743
9199,粤BD86745
9200,粤BD86751
9201,粤BD86752
9202,粤BD86753
9203,粤BD86758
9204,粤BD86771
9205,粤BD86775
9206,粤BD86780
9207,粤BD86783
9208,粤BD86796
9209,粤BD86845
9210,粤BD86906
9211,粤BD86930
9212,粤BD86931
9213,粤BD86946
9214,粤BD86948
9215,粤BD86951
9216,粤BD86953
9217,粤BD86959
9218,粤BD86962
9219,粤BD86967
9220,粤BD86976
9221,粤BD86977
9222,粤BD86992
9223,粤BD87000
9224,粤BD87003
9225,粤BD87006
9226,粤BD87007
9227,粤BD87023
9228,粤BD87025
9229,粤BD87031
9230,粤BD87037
9231,粤BD87039
9232,粤BD87040
9233,粤BD87041
9234,粤BD87058
9235,粤BD87062
9236,粤BD87063
9237,粤BD87065
9238,粤BD87066
9239,粤BD87067
9240,粤BD87069
9241,粤BD87070
9242,粤BD87078
9243,粤BD87092
9244,粤BD87102
9245,粤BD87107
9246,粤BD87128
9247,粤BD87140
9248,粤BD87142
9249,粤BD87147
9250,粤BD87148
9251,粤BD87155
9252,粤BD87156
9253,粤BD87157
9254,粤BD87159
9255,粤BD87161
9256,粤BD87162
9257,粤BD87169
9258,粤BD87171
9259,粤BD87175
9260,粤BD87179
9261,粤BD87180
9262,粤BD87188
9263,粤BD87191
9264,粤BD87197
9265,粤BD87202
9266,粤BD87208
9267,粤BD87212
9268,粤BD87217
9269,粤BD87218
9270,粤BD87227
9271,粤BD87232
9272,粤BD87240
9273,粤BD87252
9274,粤BD87256
9275,粤BD87269
9276,粤BD87272
9277,粤BD87291
9278,粤BD87292
9279,粤BD87298
9280,粤BD87301
9281,粤BD87303
9282,粤BD87305
9283,粤BD87337
9284,粤BD87338
9285,粤BD87341
9286,粤BD87343
9287,粤BD87346
9288,粤BD87359
9289,粤BD87365
9290,粤BD87368
9291,粤BD87372
9292,粤BD87377
9293,粤BD87380
9294,粤BD87381
9295,粤BD87382
9296,粤BD87389
9297,粤BD87391
9298,粤BD87398
9299,粤BD87403
9300,粤BD87412
9301,粤BD87413
9302,粤BD87419
9303,粤BD87425
9304,粤BD87430
9305,粤BD87432
9306,粤BD87439
9307,粤BD87443
9308,粤BD87448
9309,粤BD87450
9310,粤BD87462
9311,粤BD87463
9312,粤BD87479
9313,粤BD87480
9314,粤BD87482
9315,粤BD87497
9316,粤BD87500
9317,粤BD87506
9318,粤BD87517
9319,粤BD87530
9320,粤BD87532
9321,粤BD87536
9322,粤BD87537
9323,粤BD87542
9324,粤BD87549
9325,粤BD87551
9326,粤BD87560
9327,粤BD87561
9328,粤BD87562
9329,粤BD87563
9330,粤BD87568
9331,粤BD87571
9332,粤BD87572
9333,粤BD87585
9334,粤BD87596
9335,粤BD87611
9336,粤BD87613
9337,粤BD87622
9338,粤BD87637
9339,粤BD87642
9340,粤BD87647
9341,粤BD87649
9342,粤BD87666
9343,粤BD87669
9344,粤BD87670
9345,粤BD87679
9346,粤BD87685
9347,粤BD87690
9348,粤BD87703
9349,粤BD87706
9350,粤BD87707
9351,粤BD87710
9352,粤BD87717
9353,粤BD87720
9354,粤BD87727
9355,粤BD87729
9356,粤BD87730
9357,粤BD87732
9358,粤BD87742
9359,粤BD87743
9360,粤BD87747
9361,粤BD87769
9362,粤BD87770
9363,粤BD87776
9364,粤BD87780
9365,粤BD87781
9366,粤BD87782
9367,粤BD87786
9368,粤BD87790
9369,粤BD87796
9370,粤BD87799
9371,粤BD88007
9372,粤BD88019
9373,粤BD88021
9374,粤BD88036
9375,粤BD88042
9376,粤BD88046
9377,粤BD88047
9378,粤BD88049
9379,粤BD88072
9380,粤BD88077
9381,粤BD88078
9382,粤BD88079
9383,粤BD88087
9384,粤BD88090
9385,粤BD88095
9386,粤BD88202
9387,粤BD88203
9388,粤BD88222
9389,粤BD88229
9390,粤BD88231
9391,粤BD88238
9392,粤BD88239
9393,粤BD88242
9394,粤BD88246
9395,粤BD88256
9396,粤BD88258
9397,粤BD88269
9398,粤BD88273
9399,粤BD88277
9400,粤BD88280
9401,粤BD88282
9402,粤BD88285
9403,粤BD88288
9404,粤BD88291
9405,粤BD88301
9406,粤BD88306
9407,粤BD88309
9408,粤BD88310
9409,粤BD88311
9410,粤BD88312
9411,粤BD88313
9412,粤BD88315
9413,粤BD88316
9414,粤BD88317
9415,粤BD88320
9416,粤BD88321
9417,粤BD88323
9418,粤BD88327
9419,粤BD88328
9420,粤BD88330
9421,粤BD88332
9422,粤BD88333
9423,粤BD88336
9424,粤BD88337
9425,粤BD88338
9426,粤BD88340
9427,粤BD88341
9428,粤BD88345
9429,粤BD88348
9430,粤BD88349
9431,粤BD88351
9432,粤BD88352
9433,粤BD88355
9434,粤BD88356
9435,粤BD88357
9436,粤BD88358
9437,粤BD88359
9438,粤BD88361
9439,粤BD88362
9440,粤BD88365
9441,粤BD88367
9442,粤BD88368
9443,粤BD88369
9444,粤BD88370
9445,粤BD88372
9446,粤BD88373
9447,粤BD88376
9448,粤BD88378
9449,粤BD88380
9450,粤BD88382
9451,粤BD88387
9452,粤BD88388
9453,粤BD88389
9454,粤BD88390
9455,粤BD88395
9456,粤BD88396
9457,粤BD88397
9458,粤BD88405
9459,粤BD88407
9460,粤BD88413
9461,粤BD88420
9462,粤BD88422
9463,粤BD88425
9464,粤BD88426
9465,粤BD88427
9466,粤BD88436
9467,粤BD88437
9468,粤BD88438
9469,粤BD88443
9470,粤BD88445
9471,粤BD88447
9472,粤BD88449
9473,粤BD88451
9474,粤BD88453
9475,粤BD88460
9476,粤BD88469
9477,粤BD88471
9478,粤BD88477
9479,粤BD88487
9480,粤BD88492
9481,粤BD88493
9482,粤BD88506
9483,粤BD88509
9484,粤BD88518
9485,粤BD88522
9486,粤BD88527
9487,粤BD88533
9488,粤BD88543
9489,粤BD88577
9490,粤BD88586
9491,粤BD88611
9492,粤BD88616
9493,粤BD88618
9494,粤BD88619
9495,粤BD88620
9496,粤BD88621
9497,粤BD88622
9498,粤BD88627
9499,粤BD88629
9500,粤BD88641
9501,粤BD88646
9502,粤BD88650
9503,粤BD88652
9504,粤BD88653
9505,粤BD88661
9506,粤BD88662
9507,粤BD88676
9508,粤BD88679
9509,粤BD88687
9510,粤BD88688
9511,粤BD88692
9512,粤BD88700
9513,粤BD88701
9514,粤BD88703
9515,粤BD88706
9516,粤BD88711
9517,粤BD88713
9518,粤BD88717
9519,粤BD88723
9520,粤BD88725
9521,粤BD88732
9522,粤BD88733
9523,粤BD88736
9524,粤BD88737
9525,粤BD88738
9526,粤BD88739
9527,粤BD88741
9528,粤BD88742
9529,粤BD88743
9530,粤BD88745
9531,粤BD88747
9532,粤BD88748
9533,粤BD88750
9534,粤BD88753
9535,粤BD88755
9536,粤BD88756
9537,粤BD88759
9538,粤BD88762
9539,粤BD88770
9540,粤BD88771
9541,粤BD88772
9542,粤BD88773
9543,粤BD88776
9544,粤BD88780
9545,粤BD88782
9546,粤BD88786
9547,粤BD88787
9548,粤BD88795
9549,粤BD88797
9550,粤BD88799
9551,粤BD88800
9552,粤BD88803
9553,粤BD88808
9554,粤BD88809
9555,粤BD88811
9556,粤BD88815
9557,粤BD88821
9558,粤BD88827
9559,粤BD88829
9560,粤BD88831
9561,粤BD88832
9562,粤BD88833
9563,粤BD88836
9564,粤BD88837
9565,粤BD88840
9566,粤BD88842
9567,粤BD88843
9568,粤BD88847
9569,粤BD88848
9570,粤BD88850
9571,粤BD88851
9572,粤BD88852
9573,粤BD88853
9574,粤BD88856
9575,粤BD88857
9576,粤BD88859
9577,粤BD88860
9578,粤BD88862
9579,粤BD88863
9580,粤BD88865
9581,粤BD88866
9582,粤BD88871
9583,粤BD88873
9584,粤BD88879
9585,粤BD88880
9586,粤BD88881
9587,粤BD88886
9588,粤BD88887
9589,粤BD88890
9590,粤BD88891
9591,粤BD88895
9592,粤BD88910
9593,粤BD88916
9594,粤BD88925
9595,粤BD88937
9596,粤BD88940
9597,粤BD88943
9598,粤BD88946
9599,粤BD88958
9600,粤BD88972
9601,粤BD88978
9602,粤BD88987
9603,粤BD88997
9604,粤BD89047
9605,粤BD89102
9606,粤BD89110
9607,粤BD89120
9608,粤BD89122
9609,粤BD89130
9610,粤BD89141
9611,粤BD89160
9612,粤BD89171
9613,粤BD89185
9614,粤BD89201
9615,粤BD89202
9616,粤BD89207
9617,粤BD89213
9618,粤BD89217
9619,粤BD89222
9620,粤BD89225
9621,粤BD89237
9622,粤BD89246
9623,粤BD89248
9624,粤BD89252
9625,粤BD89255
9626,粤BD89265
9627,粤BD89267
9628,粤BD89269
9629,粤BD89270
9630,粤BD89278
9631,粤BD89286
9632,粤BD89287
9633,粤BD89291
9634,粤BD89292
9635,粤BD89296
9636,粤BD89299
9637,粤BD89430
9638,粤BD89439
9639,粤BD89459
9640,粤BD89498
9641,粤BD89501
9642,粤BD89516
9643,粤BD89520
9644,粤BD89521
9645,粤BD89526
9646,粤BD89531
9647,粤BD89536
9648,粤BD89540
9649,粤BD89550
9650,粤BD89557
9651,粤BD89565
9652,粤BD89579
9653,粤BD89580
9654,粤BD89581
9655,粤BD89585
9656,粤BD89586
9657,粤BD89587
9658,粤BD89591
9659,粤BD89592
9660,粤BD89595
9661,粤BD89598
9662,粤BD89685
9663,粤BD89708
9664,粤BD89713
9665,粤BD89718
9666,粤BD89720
9667,粤BD89726
9668,粤BD89731
9669,粤BD89737
9670,粤BD89741
9671,粤BD89745
9672,粤BD89748
9673,粤BD89755
9674,粤BD89759
9675,粤BD89760
9676,粤BD89763
9677,粤BD89765
9678,粤BD89771
9679,粤BD89776
9680,粤BD89778
9681,粤BD89779
9682,粤BD89780
9683,粤BD89781
9684,粤BD89783
9685,粤BD89786
9686,粤BD89790
9687,粤BD89795
9688,粤BD89797
9689,粤BD89799
9690,粤BD89827
9691,粤BD89923
9692,粤BD89932
9693,粤BD89937
9694,粤BD89942
9695,粤BD89947
9696,粤BD89951
9697,粤BD89953
9698,粤BD89963
9699,粤BD89985
9700,粤BD89998
9701,粤BD90001
9702,粤BD90006
9703,粤BD90013
9704,粤BD90023
9705,粤BD90029
9706,粤BD90032
9707,粤BD90052
9708,粤BD90056
9709,粤BD90057
9710,粤BD90058
9711,粤BD90061
9712,粤BD90062
9713,粤BD90063
9714,粤BD90070
9715,粤BD90071
9716,粤BD90073
9717,粤BD90075
9718,粤BD90076
9719,粤BD90079
9720,粤BD90082
9721,粤BD90100
9722,粤BD90103
9723,粤BD90107
9724,粤BD90108
9725,粤BD90109
9726,粤BD90110
9727,粤BD90111
9728,粤BD90121
9729,粤BD90141
9730,粤BD90147
9731,粤BD90148
9732,粤BD90165
9733,粤BD90170
9734,粤BD90172
9735,粤BD90176
9736,粤BD90182
9737,粤BD90192
9738,粤BD90196
9739,粤BD90213
9740,粤BD90220
9741,粤BD90221
9742,粤BD90222
9743,粤BD90248
9744,粤BD90270
9745,粤BD90291
9746,粤BD90299
9747,粤BD90303
9748,粤BD90312
9749,粤BD90346
9750,粤BD90370
9751,粤BD90371
9752,粤BD90375
9753,粤BD90378
9754,粤BD90401
9755,粤BD90405
9756,粤BD90408
9757,粤BD90410
9758,粤BD90411
9759,粤BD90415
9760,粤BD90417
9761,粤BD90418
9762,粤BD90441
9763,粤BD90446
9764,粤BD90448
9765,粤BD90455
9766,粤BD90466
9767,粤BD90475
9768,粤BD90485
9769,粤BD90489
9770,粤BD90490
9771,粤BD90499
9772,粤BD90500
9773,粤BD90518
9774,粤BD90526
9775,粤BD90528
9776,粤BD90543
9777,粤BD90551
9778,粤BD90556
9779,粤BD90566
9780,粤BD90568
9781,粤BD90573
9782,粤BD90575
9783,粤BD90579
9784,粤BD90580
9785,粤BD90581
9786,粤BD90588
9787,粤BD90590
9788,粤BD90591
9789,粤BD90593
9790,粤BD90597
9791,粤BD90598
9792,粤BD90631
9793,粤BD90702
9794,粤BD90703
9795,粤BD90710
9796,粤BD90712
9797,粤BD90713
9798,粤BD90720
9799,粤BD90721
9800,粤BD90722
9801,粤BD90726
9802,粤BD90727
9803,粤BD90729
9804,粤BD90731
9805,粤BD90738
9806,粤BD90746
9807,粤BD90748
9808,粤BD90750
9809,粤BD90751
9810,粤BD90752
9811,粤BD90760
9812,粤BD90761
9813,粤BD90767
9814,粤BD90771
9815,粤BD90778
9816,粤BD90782
9817,粤BD90785
9818,粤BD90787
9819,粤BD90790
9820,粤BD90791
9821,粤BD90798
9822,粤BD90802
9823,粤BD90805
9824,粤BD90815
9825,粤BD90817
9826,粤BD90825
9827,粤BD90836
9828,粤BD90840
9829,粤BD90842
9830,粤BD90846
9831,粤BD90849
9832,粤BD90850
9833,粤BD90851
9834,粤BD90855
9835,粤BD90857
9836,粤BD90863
9837,粤BD90867
9838,粤BD90869
9839,粤BD90875
9840,粤BD90888
9841,粤BD90890
9842,粤BD90892
9843,粤BD90901
9844,粤BD90922
9845,粤BD90927
9846,粤BD90931
9847,粤BD90933
9848,粤BD90942
9849,粤BD90946
9850,粤BD90949
9851,粤BD90965
9852,粤BD90967
9853,粤BD90971
9854,粤BD90975
9855,粤BD90976
9856,粤BD90977
9857,粤BD90981
9858,粤BD90982
9859,粤BD90983
9860,粤BD90997
9861,粤BD91002
9862,粤BD91007
9863,粤BD91008
9864,粤BD91009
9865,粤BD91011
9866,粤BD91016
9867,粤BD91018
9868,粤BD91023
9869,粤BD91028
9870,粤BD91031
9871,粤BD91032
9872,粤BD91036
9873,粤BD91046
9874,粤BD91067
9875,粤BD91090
9876,粤BD91096
9877,粤BD91200
9878,粤BD91205
9879,粤BD91212
9880,粤BD91215
9881,粤BD91216
9882,粤BD91217
9883,粤BD91219
9884,粤BD91226
9885,粤BD91230
9886,粤BD91231
9887,粤BD91239
9888,粤BD91243
9889,粤BD91249
9890,粤BD91259
9891,粤BD91276
9892,粤BD91296
9893,粤BD91307
9894,粤BD91309
9895,粤BD91310
9896,粤BD91328
9897,粤BD91332
9898,粤BD91335
9899,粤BD91342
9900,粤BD91352
9901,粤BD91358
9902,粤BD91360
9903,粤BD91367
9904,粤BD91377
9905,粤BD91378
9906,粤BD91379
9907,粤BD91382
9908,粤BD91392
9909,粤BD91397
9910,粤BD91398
9911,粤BD91402
9912,粤BD91403
9913,粤BD91405
9914,粤BD91406
9915,粤BD91409
9916,粤BD91410
9917,粤BD91417
9918,粤BD91420
9919,粤BD91423
9920,粤BD91428
9921,粤BD91435
9922,粤BD91449
9923,粤BD91456
9924,粤BD91462
9925,粤BD91467
9926,粤BD91468
9927,粤BD91475
9928,粤BD91478
9929,粤BD91482
9930,粤BD91486
9931,粤BD91502
9932,粤BD91505
9933,粤BD91506
9934,粤BD91515
9935,粤BD91516
9936,粤BD91520
9937,粤BD91522
9938,粤BD91525
9939,粤BD91526
9940,粤BD91532
9941,粤BD91538
9942,粤BD91541
9943,粤BD91542
9944,粤BD91545
9945,粤BD91546
9946,粤BD91565
9947,粤BD91566
9948,粤BD91567
9949,粤BD91573
9950,粤BD91575
9951,粤BD91577
9952,粤BD91580
9953,粤BD91581
9954,粤BD91592
9955,粤BD91593
9956,粤BD91603
9957,粤BD91605
9958,粤BD91607
9959,粤BD91608
9960,粤BD91611
9961,粤BD91613
9962,粤BD91615
9963,粤BD91616
9964,粤BD91621
9965,粤BD91625
9966,粤BD91628
9967,粤BD91630
9968,粤BD91631
9969,粤BD91632
9970,粤BD91637
9971,粤BD91638
9972,粤BD91639
9973,粤BD91641
9974,粤BD91645
9975,粤BD91647
9976,粤BD91655
9977,粤BD91657
9978,粤BD91666
9979,粤BD91668
9980,粤BD91670
9981,粤BD91671
9982,粤BD91676
9983,粤BD91682
9984,粤BD91687
9985,粤BD91691
9986,粤BD91692
9987,粤BD91696
9988,粤BD91707
9989,粤BD91716
9990,粤BD91717
9991,粤BD91718
9992,粤BD91728
9993,粤BD91729
9994,粤BD91730
9995,粤BD91738
9996,粤BD91740
9997,粤BD91745
9998,粤BD91752
9999,粤BD91756
10000,粤BD91757
10001,粤BD91759
10002,粤BD91760
10003,粤BD91770
10004,粤BD91772
10005,粤BD91773
10006,粤BD91777
10007,粤BD91796
10008,粤BD91797
10009,粤BD91800
10010,粤BD91808
10011,粤BD91811
10012,粤BD91815
10013,粤BD91819
10014,粤BD91826
10015,粤BD91835
10016,粤BD91837
10017,粤BD91839
10018,粤BD91841
10019,粤BD91842
10020,粤BD91847
10021,粤BD91848
10022,粤BD91851
10023,粤BD91852
10024,粤BD91856
10025,粤BD91858
10026,粤BD91859
10027,粤BD91865
10028,粤BD91870
10029,粤BD91871
10030,粤BD91872
10031,粤BD91880
10032,粤BD91882
10033,粤BD91886
10034,粤BD91890
10035,粤BD92005
10036,粤BD92019
10037,粤BD92021
10038,粤BD92033
10039,粤BD92037
10040,粤BD92038
10041,粤BD92040
10042,粤BD92041
10043,粤BD92046
10044,粤BD92049
10045,粤BD92051
10046,粤BD92053
10047,粤BD92058
10048,粤BD92060
10049,粤BD92069
10050,粤BD92071
10051,粤BD92072
10052,粤BD92075
10053,粤BD92076
10054,粤BD92082
10055,粤BD92083
10056,粤BD92096
10057,粤BD92097
10058,粤BD92103
10059,粤BD92115
10060,粤BD92126
10061,粤BD92132
10062,粤BD92136
10063,粤BD92140
10064,粤BD92142
10065,粤BD92161
10066,粤BD92162
10067,粤BD92163
10068,粤BD92171
10069,粤BD92176
10070,粤BD92177
10071,粤BD92178
10072,粤BD92180
10073,粤BD92183
10074,粤BD92188
10075,粤BD92191
10076,粤BD92196
10077,粤BD92198
10078,粤BD92305
10079,粤BD92312
10080,粤BD92317
10081,粤BD92320
10082,粤BD92326
10083,粤BD92340
10084,粤BD92342
10085,粤BD92343
10086,粤BD92346
10087,粤BD92348
10088,粤BD92349
10089,粤BD92356
10090,粤BD92357
10091,粤BD92360
10092,粤BD92365
10093,粤BD92372
10094,粤BD92373
10095,粤BD92376
10096,粤BD92378
10097,粤BD92385
10098,粤BD92393
10099,粤BD92402
10100,粤BD92403
10101,粤BD92405
10102,粤BD92412
10103,粤BD92417
10104,粤BD92420
10105,粤BD92421
10106,粤BD92427
10107,粤BD92428
10108,粤BD92449
10109,粤BD92451
10110,粤BD92458
10111,粤BD92462
10112,粤BD92465
10113,粤BD92468
10114,粤BD92472
10115,粤BD92481
10116,粤BD92490
10117,粤BD92492
10118,粤BD92493
10119,粤BD92496
10120,粤BD92502
10121,粤BD92517
10122,粤BD92532
10123,粤BD92537
10124,粤BD92538
10125,粤BD92543
10126,粤BD92548
10127,粤BD92608
10128,粤BD92610
10129,粤BD92616
10130,粤BD92618
10131,粤BD92620
10132,粤BD92621
10133,粤BD92630
10134,粤BD92631
10135,粤BD92639
10136,粤BD92647
10137,粤BD92648
10138,粤BD92649
10139,粤BD92665
10140,粤BD92667
10141,粤BD92673
10142,粤BD92678
10143,粤BD92679
10144,粤BD92680
10145,粤BD92683
10146,粤BD92690
10147,粤BD92698
10148,粤BD92701
10149,粤BD92703
10150,粤BD92706
10151,粤BD92707
10152,粤BD92710
10153,粤BD92711
10154,粤BD92712
10155,粤BD92713
10156,粤BD92715
10157,粤BD92716
10158,粤BD92722
10159,粤BD92723
10160,粤BD92725
10161,粤BD92727
10162,粤BD92728
10163,粤BD92730
10164,粤BD92732
10165,粤BD92735
10166,粤BD92736
10167,粤BD92746
10168,粤BD92747
10169,粤BD92749
10170,粤BD92750
10171,粤BD92756
10172,粤BD92758
10173,粤BD92760
10174,粤BD92762
10175,粤BD92763
10176,粤BD92767
10177,粤BD92768
10178,粤BD92769
10179,粤BD92770
10180,粤BD92772
10181,粤BD92775
10182,粤BD92776
10183,粤BD92778
10184,粤BD92779
10185,粤BD92780
10186,粤BD92781
10187,粤BD92782
10188,粤BD92785
10189,粤BD92787
10190,粤BD92788
10191,粤BD92791
10192,粤BD92793
10193,粤BD92796
10194,粤BD92802
10195,粤BD92807
10196,粤BD92810
10197,粤BD92811
10198,粤BD92816
10199,粤BD92817
10200,粤BD92820
10201,粤BD92822
10202,粤BD92823
10203,粤BD92826
10204,粤BD92832
10205,粤BD92835
10206,粤BD92836
10207,粤BD92837
10208,粤BD92838
10209,粤BD92840
10210,粤BD92842
10211,粤BD92846
10212,粤BD92847
10213,粤BD92848
10214,粤BD92849
10215,粤BD92850
10216,粤BD92853
10217,粤BD92859
10218,粤BD92860
10219,粤BD92861
10220,粤BD92862
10221,粤BD92863
10222,粤BD92867
10223,粤BD92869
10224,粤BD92870
10225,粤BD92871
10226,粤BD92872
10227,粤BD92873
10228,粤BD92875
10229,粤BD92885
10230,粤BD92886
10231,粤BD92887
10232,粤BD92890
10233,粤BD92909
10234,粤BD92917
10235,粤BD92919
10236,粤BD92920
10237,粤BD92922
10238,粤BD92923
10239,粤BD92925
10240,粤BD92928
10241,粤BD92932
10242,粤BD92935
10243,粤BD92940
10244,粤BD92945
10245,粤BD92950
10246,粤BD92951
10247,粤BD92952
10248,粤BD92980
10249,粤BD92989
10250,粤BD92993
10251,粤BD92997
10252,粤BD92999
10253,粤BD93097
10254,粤BD93107
10255,粤BD93129
10256,粤BD93138
10257,粤BD93140
10258,粤BD93141
10259,粤BD93146
10260,粤BD93167
10261,粤BD93170
10262,粤BD93201
10263,粤BD93205
10264,粤BD93220
10265,粤BD93237
10266,粤BD93259
10267,粤BD93263
10268,粤BD93269
10269,粤BD93270
10270,粤BD93276
10271,粤BD93282
10272,粤BD93287
10273,粤BD93289
10274,粤BD93298
10275,粤BD93305
10276,粤BD93311
10277,粤BD93331
10278,粤BD93332
10279,粤BD93333
10280,粤BD93345
10281,粤BD93348
10282,粤BD93357
10283,粤BD93360
10284,粤BD93365
10285,粤BD93367
10286,粤BD93368
10287,粤BD93377
10288,粤BD93381
10289,粤BD93386
10290,粤BD93405
10291,粤BD93409
10292,粤BD93413
10293,粤BD93420
10294,粤BD93436
10295,粤BD93437
10296,粤BD93452
10297,粤BD93456
10298,粤BD93457
10299,粤BD93460
10300,粤BD93461
10301,粤BD93467
10302,粤BD93469
10303,粤BD93470
10304,粤BD93476
10305,粤BD93485
10306,粤BD93488
10307,粤BD93489
10308,粤BD93490
10309,粤BD93491
10310,粤BD93498
10311,粤BD93512
10312,粤BD93515
10313,粤BD93521
10314,粤BD93526
10315,粤BD93531
10316,粤BD93536
10317,粤BD93542
10318,粤BD93545
10319,粤BD93552
10320,粤BD93562
10321,粤BD93573
10322,粤BD93577
10323,粤BD93579
10324,粤BD93580
10325,粤BD93592
10326,粤BD93597
10327,粤BD93600
10328,粤BD93601
10329,粤BD93610
10330,粤BD93631
10331,粤BD93637
10332,粤BD93646
10333,粤BD93657
10334,粤BD93681
10335,粤BD93686
10336,粤BD93690
10337,粤BD93695
10338,粤BD93701
10339,粤BD93712
10340,粤BD93738
10341,粤BD93740
10342,粤BD93742
10343,粤BD93747
10344,粤BD93762
10345,粤BD93767
10346,粤BD93773
10347,粤BD93792
10348,粤BD93807
10349,粤BD93819
10350,粤BD94052
10351,粤BD94059
10352,粤BD94100
10353,粤BD94106
10354,粤BD94107
10355,粤BD94118
10356,粤BD94120
10357,粤BD94125
10358,粤BD94130
10359,粤BD94131
10360,粤BD94137
10361,粤BD94143
10362,粤BD94146
10363,粤BD94148
10364,粤BD94149
10365,粤BD94155
10366,粤BD94159
10367,粤BD94169
10368,粤BD94171
10369,粤BD94179
10370,粤BD94193
10371,粤BD94195
10372,粤BD94207
10373,粤BD94209
10374,粤BD94218
10375,粤BD94230
10376,粤BD94239
10377,粤BD94243
10378,粤BD94246
10379,粤BD94253
10380,粤BD94262
10381,粤BD94273
10382,粤BD94276
10383,粤BD94286
10384,粤BD94305
10385,粤BD94306
10386,粤BD94307
10387,粤BD94308
10388,粤BD94316
10389,粤BD94317
10390,粤BD94327
10391,粤BD94336
10392,粤BD94345
10393,粤BD94361
10394,粤BD94369
10395,粤BD94372
10396,粤BD94393
10397,粤BD94395
10398,粤BD94397
10399,粤BD94401
10400,粤BD94402
10401,粤BD94406
10402,粤BD94413
10403,粤BD94417
10404,粤BD94418
10405,粤BD94422
10406,粤BD94423
10407,粤BD94427
10408,粤BD94447
10409,粤BD94456
10410,粤BD94457
10411,粤BD94460
10412,粤BD94462
10413,粤BD94466
10414,粤BD94467
10415,粤BD94472
10416,粤BD94476
10417,粤BD94478
10418,粤BD94480
10419,粤BD94482
10420,粤BD94491
10421,粤BD94492
10422,粤BD94493
10423,粤BD94497
10424,粤BD94529
10425,粤BD94568
10426,粤BD94602
10427,粤BD94603
10428,粤BD94605
10429,粤BD94607
10430,粤BD94610
10431,粤BD94615
10432,粤BD94622
10433,粤BD94623
10434,粤BD94637
10435,粤BD94639
10436,粤BD94643
10437,粤BD94649
10438,粤BD94659
10439,粤BD94660
10440,粤BD94661
10441,粤BD94663
10442,粤BD94665
10443,粤BD94666
10444,粤BD94668
10445,粤BD94671
10446,粤BD94675
10447,粤BD94677
10448,粤BD94682
10449,粤BD94685
10450,粤BD94686
10451,粤BD94687
10452,粤BD94691
10453,粤BD94692
10454,粤BD94697
10455,粤BD94699
10456,粤BD94700
10457,粤BD94706
10458,粤BD94708
10459,粤BD94710
10460,粤BD94712
10461,粤BD94713
10462,粤BD94719
10463,粤BD94721
10464,粤BD94726
10465,粤BD94730
10466,粤BD94731
10467,粤BD94732
10468,粤BD94735
10469,粤BD94736
10470,粤BD94737
10471,粤BD94739
10472,粤BD94740
10473,粤BD94749
10474,粤BD94756
10475,粤BD94760
10476,粤BD94763
10477,粤BD94766
10478,粤BD94769
10479,粤BD94776
10480,粤BD94778
10481,粤BD94780
10482,粤BD94782
10483,粤BD94783
10484,粤BD94791
10485,粤BD94792
10486,粤BD94796
10487,粤BD94797
10488,粤BD94801
10489,粤BD94802
10490,粤BD94807
10491,粤BD94808
10492,粤BD94811
10493,粤BD94817
10494,粤BD94819
10495,粤BD94836
10496,粤BD94838
10497,粤BD94841
10498,粤BD94852
10499,粤BD94853
10500,粤BD94859
10501,粤BD94867
10502,粤BD94873
10503,粤BD94877
10504,粤BD94883
10505,粤BD94885
10506,粤BD94887
10507,粤BD94888
10508,粤BD94892
10509,粤BD94893
10510,粤BD94903
10511,粤BD94908
10512,粤BD94910
10513,粤BD94913
10514,粤BD94915
10515,粤BD94917
10516,粤BD94922
10517,粤BD94923
10518,粤BD94932
10519,粤BD94933
10520,粤BD94938
10521,粤BD94940
10522,粤BD94952
10523,粤BD94965
10524,粤BD94968
10525,粤BD94979
10526,粤BD94980
10527,粤BD94997
10528,粤BD94998
10529,粤BD95007
10530,粤BD95100
10531,粤BD95102
10532,粤BD95106
10533,粤BD95107
10534,粤BD95109
10535,粤BD95111
10536,粤BD95116
10537,粤BD95117
10538,粤BD95119
10539,粤BD95122
10540,粤BD95131
10541,粤BD95135
10542,粤BD95136
10543,粤BD95139
10544,粤BD95143
10545,粤BD95146
10546,粤BD95150
10547,粤BD95151
10548,粤BD95152
10549,粤BD95161
10550,粤BD95163
10551,粤BD95166
10552,粤BD95168
10553,粤BD95169
10554,粤BD95177
10555,粤BD95180
10556,粤BD95185
10557,粤BD95186
10558,粤BD95191
10559,粤BD95193
10560,粤BD95195
10561,粤BD95201
10562,粤BD95216
10563,粤BD95222
10564,粤BD95223
10565,粤BD95225
10566,粤BD95229
10567,粤BD95238
10568,粤BD95240
10569,粤BD95241
10570,粤BD95245
10571,粤BD95246
10572,粤BD95250
10573,粤BD95253
10574,粤BD95258
10575,粤BD95260
10576,粤BD95265
10577,粤BD95269
10578,粤BD95273
10579,粤BD95277
10580,粤BD95281
10581,粤BD95296
10582,粤BD95306
10583,粤BD95308
10584,粤BD95312
10585,粤BD95313
10586,粤BD95315
10587,粤BD95316
10588,粤BD95318
10589,粤BD95319
10590,粤BD95328
10591,粤BD95340
10592,粤BD95345
10593,粤BD95346
10594,粤BD95352
10595,粤BD95356
10596,粤BD95359
10597,粤BD95360
10598,粤BD95363
10599,粤BD95367
10600,粤BD95368
10601,粤BD95371
10602,粤BD95378
10603,粤BD95380
10604,粤BD95382
10605,粤BD95387
10606,粤BD95425
10607,粤BD95426
10608,粤BD95429
10609,粤BD95445
10610,粤BD95451
10611,粤BD95452
10612,粤BD95455
10613,粤BD95456
10614,粤BD95463
10615,粤BD95467
10616,粤BD95469
10617,粤BD95488
10618,粤BD95500
10619,粤BD95501
10620,粤BD95503
10621,粤BD95507
10622,粤BD95508
10623,粤BD95510
10624,粤BD95511
10625,粤BD95512
10626,粤BD95516
10627,粤BD95517
10628,粤BD95518
10629,粤BD95521
10630,粤BD95522
10631,粤BD95523
10632,粤BD95525
10633,粤BD95526
10634,粤BD95527
10635,粤BD95530
10636,粤BD95531
10637,粤BD95532
10638,粤BD95535
10639,粤BD95539
10640,粤BD95540
10641,粤BD95541
10642,粤BD95543
10643,粤BD95545
10644,粤BD95547
10645,粤BD95548
10646,粤BD95549
10647,粤BD95552
10648,粤BD95555
10649,粤BD95558
10650,粤BD95561
10651,粤BD95563
10652,粤BD95565
10653,粤BD95567
10654,粤BD95568
10655,粤BD95570
10656,粤BD95572
10657,粤BD95573
10658,粤BD95575
10659,粤BD95576
10660,粤BD95578
10661,粤BD95579
10662,粤BD95581
10663,粤BD95582
10664,粤BD95586
10665,粤BD95588
10666,粤BD95590
10667,粤BD95592
10668,粤BD95593
10669,粤BD95597
10670,粤BD95607
10671,粤BD95617
10672,粤BD95621
10673,粤BD95623
10674,粤BD95632
10675,粤BD95637
10676,粤BD95647
10677,粤BD95651
10678,粤BD95662
10679,粤BD95672
10680,粤BD95676
10681,粤BD95678
10682,粤BD95685
10683,粤BD95703
10684,粤BD95706
10685,粤BD95707
10686,粤BD95710
10687,粤BD95712
10688,粤BD95717
10689,粤BD95725
10690,粤BD95730
10691,粤BD95731
10692,粤BD95733
10693,粤BD95741
10694,粤BD95747
10695,粤BD95748
10696,粤BD95749
10697,粤BD95751
10698,粤BD95757
10699,粤BD95760
10700,粤BD95762
10701,粤BD95773
10702,粤BD95780
10703,粤BD95781
10704,粤BD95785
10705,粤BD95788
10706,粤BD95797
10707,粤BD95805
10708,粤BD95829
10709,粤BD95832
10710,粤BD95833
10711,粤BD95837
10712,粤BD95840
10713,粤BD95847
10714,粤BD95849
10715,粤BD95866
10716,粤BD95869
10717,粤BD95885
10718,粤BD95887
10719,粤BD95888
10720,粤BD95899
10721,粤BD95909
10722,粤BD95913
10723,粤BD95915
10724,粤BD95918
10725,粤BD95935
10726,粤BD95941
10727,粤BD95949
10728,粤BD95952
10729,粤BD95975
10730,粤BD95978
10731,粤BD95997
10732,粤BD96006
10733,粤BD96008
10734,粤BD96009
10735,粤BD96019
10736,粤BD96025
10737,粤BD96030
10738,粤BD96040
10739,粤BD96046
10740,粤BD96047
10741,粤BD96052
10742,粤BD96056
10743,粤BD96057
10744,粤BD96060
10745,粤BD96063
10746,粤BD96078
10747,粤BD96081
10748,粤BD96087
10749,粤BD96090
10750,粤BD96215
10751,粤BD96221
10752,粤BD96223
10753,粤BD96230
10754,粤BD96232
10755,粤BD96235
10756,粤BD96241
10757,粤BD96246
10758,粤BD96255
10759,粤BD96257
10760,粤BD96258
10761,粤BD96271
10762,粤BD96286
10763,粤BD96295
10764,粤BD96302
10765,粤BD96309
10766,粤BD96310
10767,粤BD96311
10768,粤BD96317
10769,粤BD96319
10770,粤BD96321
10771,粤BD96333
10772,粤BD96339
10773,粤BD96359
10774,粤BD96363
10775,粤BD96368
10776,粤BD96372
10777,粤BD96377
10778,粤BD96387
10779,粤BD96399
10780,粤BD96402
10781,粤BD96403
10782,粤BD96405
10783,粤BD96411
10784,粤BD96412
10785,粤BD96413
10786,粤BD96416
10787,粤BD96419
10788,粤BD96420
10789,粤BD96422
10790,粤BD96423
10791,粤BD96426
10792,粤BD96429
10793,粤BD96430
10794,粤BD96433
10795,粤BD96439
10796,粤BD96441
10797,粤BD96447
10798,粤BD96449
10799,粤BD96452
10800,粤BD96453
10801,粤BD96455
10802,粤BD96458
10803,粤BD96459
10804,粤BD96461
10805,粤BD96462
10806,粤BD96466
10807,粤BD96467
10808,粤BD96468
10809,粤BD96475
10810,粤BD96482
10811,粤BD96487
10812,粤BD96488
10813,粤BD96490
10814,粤BD96492
10815,粤BD96496
10816,粤BD96501
10817,粤BD96507
10818,粤BD96511
10819,粤BD96518
10820,粤BD96519
10821,粤BD96523
10822,粤BD96527
10823,粤BD96530
10824,粤BD96531
10825,粤BD96532
10826,粤BD96533
10827,粤BD96545
10828,粤BD96549
10829,粤BD96553
10830,粤BD96560
10831,粤BD96567
10832,粤BD96570
10833,粤BD96571
10834,粤BD96573
10835,粤BD96583
10836,粤BD96587
10837,粤BD96595
10838,粤BD96597
10839,粤BD96601
10840,粤BD96602
10841,粤BD96603
10842,粤BD96606
10843,粤BD96607
10844,粤BD96608
10845,粤BD96615
10846,粤BD96617
10847,粤BD96623
10848,粤BD96626
10849,粤BD96629
10850,粤BD96637
10851,粤BD96646
10852,粤BD96647
10853,粤BD96648
10854,粤BD96650
10855,粤BD96655
10856,粤BD96670
10857,粤BD96671
10858,粤BD96677
10859,粤BD96680
10860,粤BD96688
10861,粤BD96695
10862,粤BD96723
10863,粤BD96727
10864,粤BD96742
10865,粤BD96743
10866,粤BD96753
10867,粤BD96759
10868,粤BD96769
10869,粤BD96772
10870,粤BD96792
10871,粤BD96806
10872,粤BD96811
10873,粤BD96812
10874,粤BD96819
10875,粤BD96820
10876,粤BD96827
10877,粤BD96846
10878,粤BD96847
10879,粤BD96860
10880,粤BD96862
10881,粤BD96871
10882,粤BD96873
10883,粤BD96877
10884,粤BD96879
10885,粤BD96887
10886,粤BD96888
10887,粤BD96891
10888,粤BD96892
10889,粤BD96896
10890,粤BD96898
10891,粤BD96940
10892,粤BD97002
10893,粤BD97005
10894,粤BD97025
10895,粤BD97028
10896,粤BD97032
10897,粤BD97036
10898,粤BD97040
10899,粤BD97045
10900,粤BD97056
10901,粤BD97059
10902,粤BD97061
10903,粤BD97082
10904,粤BD97090
10905,粤BD97095
10906,粤BD97102
10907,粤BD97109
10908,粤BD97120
10909,粤BD97122
10910,粤BD97123
10911,粤BD97129
10912,粤BD97137
10913,粤BD97140
10914,粤BD97145
10915,粤BD97146
10916,粤BD97148
10917,粤BD97157
10918,粤BD97159
10919,粤BD97181
10920,粤BD97192
10921,粤BD97301
10922,粤BD97303
10923,粤BD97305
10924,粤BD97308
10925,粤BD97310
10926,粤BD97311
10927,粤BD97312
10928,粤BD97313
10929,粤BD97316
10930,粤BD97317
10931,粤BD97323
10932,粤BD97327
10933,粤BD97333
10934,粤BD97340
10935,粤BD97353
10936,粤BD97360
10937,粤BD97370
10938,粤BD97371
10939,粤BD97380
10940,粤BD97383
10941,粤BD97389
10942,粤BD97397
10943,粤BD97400
10944,粤BD97402
10945,粤BD97403
10946,粤BD97418
10947,粤BD97421
10948,粤BD97423
10949,粤BD97425
10950,粤BD97427
10951,粤BD97428
10952,粤BD97431
10953,粤BD97432
10954,粤BD97433
10955,粤BD97436
10956,粤BD97438
10957,粤BD97440
10958,粤BD97447
10959,粤BD97450
10960,粤BD97456
10961,粤BD97459
10962,粤BD97463
10963,粤BD97466
10964,粤BD97473
10965,粤BD97476
10966,粤BD97479
10967,粤BD97480
10968,粤BD97483
10969,粤BD97485
10970,粤BD97496
10971,粤BD97499
10972,粤BD97503
10973,粤BD97507
10974,粤BD97508
10975,粤BD97509
10976,粤BD97513
10977,粤BD97520
10978,粤BD97522
10979,粤BD97527
10980,粤BD97542
10981,粤BD97545
10982,粤BD97557
10983,粤BD97558
10984,粤BD97565
10985,粤BD97567
10986,粤BD97570
10987,粤BD97572
10988,粤BD97579
10989,粤BD97580
10990,粤BD97581
10991,粤BD97585
10992,粤BD97590
10993,粤BD97593
10994,粤BD97595
10995,粤BD97635
10996,粤BD97710
10997,粤BD97711
10998,粤BD97718
10999,粤BD97719
11000,粤BD97721
11001,粤BD97723
11002,粤BD97728
11003,粤BD97733
11004,粤BD97735
11005,粤BD97742
11006,粤BD97747
11007,粤BD97757
11008,粤BD97760
11009,粤BD97762
11010,粤BD97766
11011,粤BD97770
11012,粤BD97778
11013,粤BD97793
11014,粤BD97807
11015,粤BD97830
11016,粤BD97847
11017,粤BD97907
11018,粤BD97925
11019,粤BD97927
11020,粤BD97928
11021,粤BD97943
11022,粤BD97945
11023,粤BD97947
11024,粤BD97949
11025,粤BD97950
11026,粤BD97952
11027,粤BD97955
11028,粤BD97957
11029,粤BD97959
11030,粤BD97965
11031,粤BD97966
11032,粤BD97983
11033,粤BD97989
11034,粤BD98011
11035,粤BD98015
11036,粤BD98016
11037,粤BD98017
11038,粤BD98036
11039,粤BD98043
11040,粤BD98045
11041,粤BD98049
11042,粤BD98050
11043,粤BD98051
11044,粤BD98053
11045,粤BD98061
11046,粤BD98065
11047,粤BD98067
11048,粤BD98070
11049,粤BD98071
11050,粤BD98096
11051,粤BD98097
11052,粤BD98170
11053,粤BD98203
11054,粤BD98207
11055,粤BD98210
11056,粤BD98215
11057,粤BD98216
11058,粤BD98217
11059,粤BD98238
11060,粤BD98240
11061,粤BD98241
11062,粤BD98246
11063,粤BD98251
11064,粤BD98252
11065,粤BD98255
11066,粤BD98262
11067,粤BD98263
11068,粤BD98277
11069,粤BD98280
11070,粤BD98287
11071,粤BD98292
11072,粤BD98317
11073,粤BD98335
11074,粤BD98342
11075,粤BD98402
11076,粤BD98409
11077,粤BD98417
11078,粤BD98419
11079,粤BD98421
11080,粤BD98436
11081,粤BD98445
11082,粤BD98455
11083,粤BD98456
11084,粤BD98465
11085,粤BD98471
11086,粤BD98476
11087,粤BD98477
11088,粤BD98480
11089,粤BD98481
11090,粤BD98493
11091,粤BD98507
11092,粤BD98530
11093,粤BD98531
11094,粤BD98539
11095,粤BD98540
11096,粤BD98547
11097,粤BD98550
11098,粤BD98551
11099,粤BD98553
11100,粤BD98555
11101,粤BD98560
11102,粤BD98570
11103,粤BD98572
11104,粤BD98573
11105,粤BD98593
11106,粤BD98597
11107,粤BD98645
11108,粤BD98701
11109,粤BD98708
11110,粤BD98709
11111,粤BD98712
11112,粤BD98720
11113,粤BD98723
11114,粤BD98727
11115,粤BD98733
11116,粤BD98736
11117,粤BD98740
11118,粤BD98745
11119,粤BD98749
11120,粤BD98750
11121,粤BD98751
11122,粤BD98755
11123,粤BD98758
11124,粤BD98762
11125,粤BD98765
11126,粤BD98767
11127,粤BD98776
11128,粤BD98780
11129,粤BD98782
11130,粤BD98785
11131,粤BD98792
11132,粤BD98795
11133,粤BD98797
11134,粤BD98799
11135,粤BD98800
11136,粤BD98835
11137,粤BD98837
11138,粤BD98848
11139,粤BD98856
11140,粤BD98923
11141,粤BD98947
11142,粤BD98970
11143,粤BD99000
11144,粤BD99001
11145,粤BD99002
11146,粤BD99005
11147,粤BD99009
11148,粤BD99010
11149,粤BD99011
11150,粤BD99012
11151,粤BD99013
11152,粤BD99019
11153,粤BD99020
11154,粤BD99021
11155,粤BD99022
11156,粤BD99027
11157,粤BD99032
11158,粤BD99036
11159,粤BD99037
11160,粤BD99040
11161,粤BD99042
11162,粤BD99043
11163,粤BD99045
11164,粤BD99047
11165,粤BD99050
11166,粤BD99055
11167,粤BD99056
11168,粤BD99057
11169,粤BD99059
11170,粤BD99067
11171,粤BD99070
11172,粤BD99071
11173,粤BD99075
11174,粤BD99077
11175,粤BD99080
11176,粤BD99082
11177,粤BD99086
11178,粤BD99093
11179,粤BD99095
11180,粤BD99098
11181,粤BD99100
11182,粤BD99102
11183,粤BD99105
11184,粤BD99110
11185,粤BD99112
11186,粤BD99117
11187,粤BD99120
11188,粤BD99125
11189,粤BD99127
11190,粤BD99129
11191,粤BD99131
11192,粤BD99137
11193,粤BD99140
11194,粤BD99143
11195,粤BD99151
11196,粤BD99155
11197,粤BD99159
11198,粤BD99160
11199,粤BD99161
11200,粤BD99162
11201,粤BD99163
11202,粤BD99166
11203,粤BD99167
11204,粤BD99171
11205,粤BD99172
11206,粤BD99179
11207,粤BD99182
11208,粤BD99183
11209,粤BD99185
11210,粤BD99186
11211,粤BD99190
11212,粤BD99193
11213,粤BD99198
11214,粤BD99203
11215,粤BD99308
11216,粤BD99316
11217,粤BD99325
11218,粤BD99332
11219,粤BD99333
11220,粤BD99335
11221,粤BD99340
11222,粤BD99343
11223,粤BD99348
11224,粤BD99377
11225,粤BD99395
11226,粤BD99398
11227,粤BD99400
11228,粤BD99407
11229,粤BD99408
11230,粤BD99416
11231,粤BD99422
11232,粤BD99423
11233,粤BD99429
11234,粤BD99430
11235,粤BD99431
11236,粤BD99432
11237,粤BD99437
11238,粤BD99440
11239,粤BD99442
11240,粤BD99445
11241,粤BD99447
11242,粤BD99449
11243,粤BD99452
11244,粤BD99457
11245,粤BD99458
11246,粤BD99462
11247,粤BD99466
11248,粤BD99469
11249,粤BD99470
11250,粤BD99471
11251,粤BD99478
11252,粤BD99480
11253,粤BD99482
11254,粤BD99492
11255,粤BD99503
11256,粤BD99507
11257,粤BD99509
11258,粤BD99515
11259,粤BD99526
11260,粤BD99528
11261,粤BD99535
11262,粤BD99537
11263,粤BD99545
11264,粤BD99546
11265,粤BD99549
11266,粤BD99551
11267,粤BD99562
11268,粤BD99570
11269,粤BD99575
11270,粤BD99577
11271,粤BD99578
11272,粤BD99581
11273,粤BD99593
11274,粤BD99602
11275,粤BD99610
11276,粤BD99612
11277,粤BD99615
11278,粤BD99623
11279,粤BD99627
11280,粤BD99638
11281,粤BD99642
11282,粤BD99650
11283,粤BD99657
11284,粤BD99663
11285,粤BD99673
11286,粤BD99675
11287,粤BD99676
11288,粤BD99678
11289,粤BD99687
11290,粤BD99693
11291,粤BD99695
11292,粤BD99705
11293,粤BD99706
11294,粤BD99707
11295,粤BD99721
11296,粤BD99725
11297,粤BD99726
11298,粤BD99727
11299,粤BD99728
11300,粤BD99738
11301,粤BD99739
11302,粤BD99741
11303,粤BD99746
11304,粤BD99747
11305,粤BD99748
11306,粤BD99749
11307,粤BD99763
11308,粤BD99766
11309,粤BD99767
11310,粤BD99771
11311,粤BD99773
11312,粤BD99775
11313,粤BD99776
11314,粤BD99777
11315,粤BD99778
11316,粤BD99782
11317,粤BD99787
11318,粤BD99909
11319,粤BD99912
11320,粤BD99915
11321,粤BD99921
11322,粤BD99931
11323,粤BD99936
11324,粤BD99942
11325,粤BD99943
11326,粤BD99947
11327,粤BD99955
11328,粤BD99963
11329,粤BD99966
11330,粤BD99969
11331,粤BD99970
11332,粤BD99971
11333,粤BD99972
11334,粤BD99976
11335,粤BD99982
11336,粤BD99987
11337,粤BD99988
11338,粤BDA0027
11339,粤BDA0141
11340,粤BDA0145
11341,粤BDA0161
11342,粤BDA0287
11343,粤BDA0313
11344,粤BDA0367
11345,粤BDA0391
11346,粤BDA0503
11347,粤BDA0533
11348,粤BDA0566
11349,粤BDA0577
11350,粤BDA0671
11351,粤BDA0675
11352,粤BDA0726
11353,粤BDA0746
11354,粤BDA0750
11355,粤BDA0952
11356,粤BDA1001
11357,粤BDA1006
11358,粤BDA1007
11359,粤BDA1013
11360,粤BDA1018
11361,粤BDA1023
11362,粤BDA1029
11363,粤BDA1032
11364,粤BDA1035
11365,粤BDA1039
11366,粤BDA1040
11367,粤BDA1045
11368,粤BDA1048
11369,粤BDA1050
11370,粤BDA1055
11371,粤BDA1059
11372,粤BDA1062
11373,粤BDA1076
11374,粤BDA1085
11375,粤BDA1089
11376,粤BDA1097
11377,粤BDA1099
11378,粤BDA1139
11379,粤BDA1166
11380,粤BDA1201
11381,粤BDA1203
11382,粤BDA1208
11383,粤BDA1209
11384,粤BDA1210
11385,粤BDA1216
11386,粤BDA1217
11387,粤BDA1236
11388,粤BDA1239
11389,粤BDA1248
11390,粤BDA1250
11391,粤BDA1256
11392,粤BDA1263
11393,粤BDA1265
11394,粤BDA1267
11395,粤BDA1269
11396,粤BDA1271
11397,粤BDA1272
11398,粤BDA1281
11399,粤BDA1287
11400,粤BDA1288
11401,粤BDA1290
11402,粤BDA1291
11403,粤BDA1293
11404,粤BDA1296
11405,粤BDA1297
11406,粤BDA1298
11407,粤BDA1310
11408,粤BDA1337
11409,粤BDA1351
11410,粤BDA1362
11411,粤BDA1372
11412,粤BDA1375
11413,粤BDA1378
11414,粤BDA1392
11415,粤BDA1433
11416,粤BDA1507
11417,粤BDA1542
11418,粤BDA1546
11419,粤BDA1565
11420,粤BDA1576
11421,粤BDA1587
11422,粤BDA1597
11423,粤BDA1613
11424,粤BDA1637
11425,粤BDA1675
11426,粤BDA1679
11427,粤BDA1690
11428,粤BDA1701
11429,粤BDA1702
11430,粤BDA1723
11431,粤BDA1765
11432,粤BDA1798
11433,粤BDA1813
11434,粤BDA1819
11435,粤BDA1838
11436,粤BDA1852
11437,粤BDA1857
11438,粤BDA1862
11439,粤BDA1863
11440,粤BDA1865
11441,粤BDA1885
11442,粤BDA1892
11443,粤BDA1900
11444,粤BDA1912
11445,粤BDA1921
11446,粤BDA1935
11447,粤BDA1948
11448,粤BDA1967
11449,粤BDA1973
11450,粤BDA2016
11451,粤BDA2017
11452,粤BDA2046
11453,粤BDA2048
11454,粤BDA2049
11455,粤BDA2063
11456,粤BDA2065
11457,粤BDA2078
11458,粤BDA2101
11459,粤BDA2113
11460,粤BDA2115
11461,粤BDA2116
11462,粤BDA2119
11463,粤BDA2128
11464,粤BDA2129
11465,粤BDA2135
11466,粤BDA2136
11467,粤BDA2138
11468,粤BDA2142
11469,粤BDA2150
11470,粤BDA2155
11471,粤BDA2156
11472,粤BDA2158
11473,粤BDA2160
11474,粤BDA2168
11475,粤BDA2172
11476,粤BDA2177
11477,粤BDA2178
11478,粤BDA2181
11479,粤BDA2183
11480,粤BDA2185
11481,粤BDA2192
11482,粤BDA2196
11483,粤BDA2250
11484,粤BDA2330
11485,粤BDA2367
11486,粤BDA2377
11487,粤BDA2392
11488,粤BDA2411
11489,粤BDA2413
11490,粤BDA2418
11491,粤BDA2419
11492,粤BDA2420
11493,粤BDA2421
11494,粤BDA2425
11495,粤BDA2430
11496,粤BDA2440
11497,粤BDA2442
11498,粤BDA2443
11499,粤BDA2445
11500,粤BDA2446
11501,粤BDA2449
11502,粤BDA2453
11503,粤BDA2457
11504,粤BDA2460
11505,粤BDA2469
11506,粤BDA2470
11507,粤BDA2471
11508,粤BDA2476
11509,粤BDA2477
11510,粤BDA2482
11511,粤BDA2485
11512,粤BDA2491
11513,粤BDA2493
11514,粤BDA2497
11515,粤BDA2578
11516,粤BDA2602
11517,粤BDA2603
11518,粤BDA2605
11519,粤BDA2606
11520,粤BDA2607
11521,粤BDA2608
11522,粤BDA2609
11523,粤BDA2611
11524,粤BDA2613
11525,粤BDA2615
11526,粤BDA2616
11527,粤BDA2617
11528,粤BDA2619
11529,粤BDA2620
11530,粤BDA2621
11531,粤BDA2623
11532,粤BDA2629
11533,粤BDA2632
11534,粤BDA2633
11535,粤BDA2635
11536,粤BDA2636
11537,粤BDA2641
11538,粤BDA2645
11539,粤BDA2649
11540,粤BDA2652
11541,粤BDA2653
11542,粤BDA2655
11543,粤BDA2657
11544,粤BDA2659
11545,粤BDA2667
11546,粤BDA2670
11547,粤BDA2671
11548,粤BDA2673
11549,粤BDA2675
11550,粤BDA2677
11551,粤BDA2679
11552,粤BDA2683
11553,粤BDA2685
11554,粤BDA2686
11555,粤BDA2689
11556,粤BDA2692
11557,粤BDA2693
11558,粤BDA2695
11559,粤BDA2696
11560,粤BDA2702
11561,粤BDA2715
11562,粤BDA2719
11563,粤BDA2722
11564,粤BDA2731
11565,粤BDA2735
11566,粤BDA2739
11567,粤BDA2743
11568,粤BDA2749
11569,粤BDA2761
11570,粤BDA2767
11571,粤BDA2771
11572,粤BDA2775
11573,粤BDA2776
11574,粤BDA2778
11575,粤BDA2780
11576,粤BDA2785
11577,粤BDA2786
11578,粤BDA2792
11579,粤BDA2801
11580,粤BDA2803
11581,粤BDA2805
11582,粤BDA2806
11583,粤BDA2807
11584,粤BDA2808
11585,粤BDA2809
11586,粤BDA2810
11587,粤BDA2812
11588,粤BDA2813
11589,粤BDA2815
11590,粤BDA2816
11591,粤BDA2817
11592,粤BDA2818
11593,粤BDA2825
11594,粤BDA2826
11595,粤BDA2827
11596,粤BDA2829
11597,粤BDA2832
11598,粤BDA2835
11599,粤BDA2836
11600,粤BDA2837
11601,粤BDA2838
11602,粤BDA2839
11603,粤BDA2840
11604,粤BDA2841
11605,粤BDA2842
11606,粤BDA2843
11607,粤BDA2845
11608,粤BDA2847
11609,粤BDA2848
11610,粤BDA2852
11611,粤BDA2853
11612,粤BDA2857
11613,粤BDA2858
11614,粤BDA2859
11615,粤BDA2860
11616,粤BDA2863
11617,粤BDA2866
11618,粤BDA2867
11619,粤BDA2871
11620,粤BDA2872
11621,粤BDA2875
11622,粤BDA2877
11623,粤BDA2879
11624,粤BDA2880
11625,粤BDA2881
11626,粤BDA2882
11627,粤BDA2885
11628,粤BDA2887
11629,粤BDA2889
11630,粤BDA2892
11631,粤BDA2893
11632,粤BDA2897
11633,粤BDA2899
11634,粤BDA2923
11635,粤BDA2931
11636,粤BDA2933
11637,粤BDA2938
11638,粤BDA2939
11639,粤BDA3037
11640,粤BDA3075
11641,粤BDA3230
11642,粤BDA3241
11643,粤BDA3249
11644,粤BDA3278
11645,粤BDA3291
11646,粤BDA3310
11647,粤BDA3356
11648,粤BDA3359
11649,粤BDA3407
11650,粤BDA3412
11651,粤BDA3413
11652,粤BDA3416
11653,粤BDA3422
11654,粤BDA3425
11655,粤BDA3437
11656,粤BDA3442
11657,粤BDA3443
11658,粤BDA3455
11659,粤BDA3458
11660,粤BDA3463
11661,粤BDA3465
11662,粤BDA3468
11663,粤BDA3469
11664,粤BDA3471
11665,粤BDA3473
11666,粤BDA3475
11667,粤BDA3477
11668,粤BDA3479
11669,粤BDA3482
11670,粤BDA3487
11671,粤BDA3497
11672,粤BDA3498
11673,粤BDA3500
11674,粤BDA3501
11675,粤BDA3502
11676,粤BDA3505
11677,粤BDA3510
11678,粤BDA3515
11679,粤BDA3518
11680,粤BDA3519
11681,粤BDA3520
11682,粤BDA3525
11683,粤BDA3527
11684,粤BDA3528
11685,粤BDA3529
11686,粤BDA3531
11687,粤BDA3532
11688,粤BDA3538
11689,粤BDA3539
11690,粤BDA3541
11691,粤BDA3542
11692,粤BDA3546
11693,粤BDA3550
11694,粤BDA3553
11695,粤BDA3555
11696,粤BDA3556
11697,粤BDA3557
11698,粤BDA3560
11699,粤BDA3561
11700,粤BDA3565
11701,粤BDA3566
11702,粤BDA3567
11703,粤BDA3569
11704,粤BDA3570
11705,粤BDA3571
11706,粤BDA3572
11707,粤BDA3582
11708,粤BDA3583
11709,粤BDA3585
11710,粤BDA3586
11711,粤BDA3587
11712,粤BDA3590
11713,粤BDA3591
11714,粤BDA3592
11715,粤BDA3596
11716,粤BDA3597
11717,粤BDA3598
11718,粤BDA3599
11719,粤BDA3626
11720,粤BDA3627
11721,粤BDA3663
11722,粤BDA3705
11723,粤BDA3715
11724,粤BDA3720
11725,粤BDA3740
11726,粤BDA3745
11727,粤BDA3792
11728,粤BDA3893
11729,粤BDA3905
11730,粤BDA3907
11731,粤BDA3921
11732,粤BDA3922
11733,粤BDA3927
11734,粤BDA3929
11735,粤BDA3935
11736,粤BDA3937
11737,粤BDA3940
11738,粤BDA3946
11739,粤BDA3947
11740,粤BDA3953
11741,粤BDA3955
11742,粤BDA3958
11743,粤BDA3961
11744,粤BDA3965
11745,粤BDA3967
11746,粤BDA3970
11747,粤BDA3977
11748,粤BDA3990
11749,粤BDA3995
11750,粤BDA3996
11751,粤BDA4009
11752,粤BDA4079
11753,粤BDA4085
11754,粤BDA4125
11755,粤BDA4152
11756,粤BDA4185
11757,粤BDA4299
11758,粤BDA4461
11759,粤BDA4501
11760,粤BDA4503
11761,粤BDA4512
11762,粤BDA4613
11763,粤BDA4632
11764,粤BDA4716
11765,粤BDA4725
11766,粤BDA4757
11767,粤BDA4775
11768,粤BDA4813
11769,粤BDA4835
11770,粤BDA4841
11771,粤BDA4850
11772,粤BDA4918
11773,粤BDA4926
11774,粤BDA4939
11775,粤BDA4942
11776,粤BDA4983
11777,粤BDA4995
11778,粤BDA5041
11779,粤BDA5102
11780,粤BDA5109
11781,粤BDA5110
11782,粤BDA5121
11783,粤BDA5137
11784,粤BDA5141
11785,粤BDA5147
11786,粤BDA5148
11787,粤BDA5157
11788,粤BDA5158
11789,粤BDA5162
11790,粤BDA5163
11791,粤BDA5165
11792,粤BDA5170
11793,粤BDA5172
11794,粤BDA5175
11795,粤BDA5176
11796,粤BDA5177
11797,粤BDA5180
11798,粤BDA5185
11799,粤BDA5189
11800,粤BDA5191
11801,粤BDA5198
11802,粤BDA5206
11803,粤BDA5227
11804,粤BDA5230
11805,粤BDA5232
11806,粤BDA5280
11807,粤BDA5286
11808,粤BDA5292
11809,粤BDA5298
11810,粤BDA5306
11811,粤BDA5400
11812,粤BDA5403
11813,粤BDA5410
11814,粤BDA5411
11815,粤BDA5435
11816,粤BDA5439
11817,粤BDA5457
11818,粤BDA5502
11819,粤BDA5503
11820,粤BDA5506
11821,粤BDA5508
11822,粤BDA5511
11823,粤BDA5518
11824,粤BDA5525
11825,粤BDA5528
11826,粤BDA5529
11827,粤BDA5535
11828,粤BDA5536
11829,粤BDA5538
11830,粤BDA5541
11831,粤BDA5545
11832,粤BDA5547
11833,粤BDA5548
11834,粤BDA5549
11835,粤BDA5556
11836,粤BDA5562
11837,粤BDA5572
11838,粤BDA5575
11839,粤BDA5578
11840,粤BDA5579
11841,粤BDA5582
11842,粤BDA5587
11843,粤BDA5590
11844,粤BDA5593
11845,粤BDA5610
11846,粤BDA5623
11847,粤BDA5630
11848,粤BDA5652
11849,粤BDA5705
11850,粤BDA5709
11851,粤BDA5710
11852,粤BDA5712
11853,粤BDA5716
11854,粤BDA5721
11855,粤BDA5723
11856,粤BDA5725
11857,粤BDA5729
11858,粤BDA5733
11859,粤BDA5743
11860,粤BDA5745
11861,粤BDA5746
11862,粤BDA5747
11863,粤BDA5749
11864,粤BDA5750
11865,粤BDA5753
11866,粤BDA5763
11867,粤BDA5765
11868,粤BDA5771
11869,粤BDA5772
11870,粤BDA5780
11871,粤BDA5781
11872,粤BDA5783
11873,粤BDA5787
11874,粤BDA5792
11875,粤BDA5793
11876,粤BDA5795
11877,粤BDA5796
11878,粤BDA5799
11879,粤BDA5801
11880,粤BDA5803
11881,粤BDA5805
11882,粤BDA5818
11883,粤BDA5831
11884,粤BDA5835
11885,粤BDA5837
11886,粤BDA5841
11887,粤BDA5842
11888,粤BDA5845
11889,粤BDA5865
11890,粤BDA5867
11891,粤BDA5882
11892,粤BDA5941
11893,粤BDA5948
11894,粤BDA5972
11895,粤BDA6025
11896,粤BDA6057
11897,粤BDA6080
11898,粤BDA6092
11899,粤BDA6217
11900,粤BDA6343
11901,粤BDA6416
11902,粤BDA6439
11903,粤BDA6450
11904,粤BDA6461
11905,粤BDA6486
11906,粤BDA6512
11907,粤BDA6517
11908,粤BDA6617
11909,粤BDA6703
11910,粤BDA6731
11911,粤BDA6743
11912,粤BDA6770
11913,粤BDA6773
11914,粤BDA6775
11915,粤BDA6776
11916,粤BDA6789
11917,粤BDA6898
11918,粤BDA6907
11919,粤BDA6910
11920,粤BDA6919
11921,粤BDA6932
11922,粤BDA6936
11923,粤BDA6942
11924,粤BDA6965
11925,粤BDA6975
11926,粤BDA7013
11927,粤BDA7019
11928,粤BDA7023
11929,粤BDA7052
11930,粤BDA7061
11931,粤BDA7075
11932,粤BDA7091
11933,粤BDA7095
11934,粤BDA7101
11935,粤BDA7102
11936,粤BDA7106
11937,粤BDA7108
11938,粤BDA7110
11939,粤BDA7113
11940,粤BDA7115
11941,粤BDA7117
11942,粤BDA7118
11943,粤BDA7121
11944,粤BDA7123
11945,粤BDA7127
11946,粤BDA7128
11947,粤BDA7129
11948,粤BDA7130
11949,粤BDA7132
11950,粤BDA7133
11951,粤BDA7135
11952,粤BDA7136
11953,粤BDA7138
11954,粤BDA7139
11955,粤BDA7141
11956,粤BDA7142
11957,粤BDA7143
11958,粤BDA7145
11959,粤BDA7147
11960,粤BDA7150
11961,粤BDA7152
11962,粤BDA7155
11963,粤BDA7159
11964,粤BDA7160
11965,粤BDA7161
11966,粤BDA7163
11967,粤BDA7165
11968,粤BDA7166
11969,粤BDA7167
11970,粤BDA7168
11971,粤BDA7172
11972,粤BDA7175
11973,粤BDA7178
11974,粤BDA7180
11975,粤BDA7181
11976,粤BDA7182
11977,粤BDA7183
11978,粤BDA7185
11979,粤BDA7186
11980,粤BDA7187
11981,粤BDA7190
11982,粤BDA7193
11983,粤BDA7195
11984,粤BDA7196
11985,粤BDA7199
11986,粤BDA7203
11987,粤BDA7219
11988,粤BDA7241
11989,粤BDA7263
11990,粤BDA7297
11991,粤BDA7317
11992,粤BDA7413
11993,粤BDA7506
11994,粤BDA7508
11995,粤BDA7527
11996,粤BDA7559
11997,粤BDA7591
11998,粤BDA7598
11999,粤BDA7638
12000,粤BDA7649
12001,粤BDA7752
12002,粤BDA7762
12003,粤BDA7837
12004,粤BDA7917
12005,粤BDA7923
12006,粤BDA7936
12007,粤BDA7946
12008,粤BDA7963
12009,粤BDA8045
12010,粤BDA8306
12011,粤BDA8310
12012,粤BDA8317
12013,粤BDA8319
12014,粤BDA8320
12015,粤BDA8325
12016,粤BDA8335
12017,粤BDA8341
12018,粤BDA8342
12019,粤BDA8346
12020,粤BDA8347
12021,粤BDA8350
12022,粤BDA8352
12023,粤BDA8355
12024,粤BDA8356
12025,粤BDA8357
12026,粤BDA8359
12027,粤BDA8361
12028,粤BDA8372
12029,粤BDA8375
12030,粤BDA8376
12031,粤BDA8379
12032,粤BDA8380
12033,粤BDA8391
12034,粤BDA8392
12035,粤BDA8393
12036,粤BDA8409
12037,粤BDA8416
12038,粤BDA8420
12039,粤BDA8426
12040,粤BDA8433
12041,粤BDA8438
12042,粤BDA8440
12043,粤BDA8447
12044,粤BDA8448
12045,粤BDA8449
12046,粤BDA8455
12047,粤BDA8457
12048,粤BDA8458
12049,粤BDA8462
12050,粤BDA8467
12051,粤BDA8468
12052,粤BDA8470
12053,粤BDA8479
12054,粤BDA8481
12055,粤BDA8483
12056,粤BDA8488
12057,粤BDA8490
12058,粤BDA8491
12059,粤BDA8501
12060,粤BDA8509
12061,粤BDA8518
12062,粤BDA8526
12063,粤BDA8527
12064,粤BDA8538
12065,粤BDA8545
12066,粤BDA8547
12067,粤BDA8550
12068,粤BDA8562
12069,粤BDA8567
12070,粤BDA8576
12071,粤BDA8578
12072,粤BDA8659
12073,粤BDA8735
12074,粤BDA8736
12075,粤BDA8739
12076,粤BDA8745
12077,粤BDA8752
12078,粤BDA8791
12079,粤BDA8810
12080,粤BDA8811
12081,粤BDA8817
12082,粤BDA8818
12083,粤BDA8831
12084,粤BDA8842
12085,粤BDA8851
12086,粤BDA8858
12087,粤BDA8866
12088,粤BDA8869
12089,粤BDA8879
12090,粤BDA8907
12091,粤BDA9017
12092,粤BDA9025
12093,粤BDA9045
12094,粤BDA9071
12095,粤BDA9119
12096,粤BDA9173
12097,粤BDA9181
12098,粤BDA9183
12099,粤BDA9188
12100,粤BDA9202
12101,粤BDA9241
12102,粤BDA9262
12103,粤BDA9270
12104,粤BDA9287
12105,粤BDA9376
12106,粤BDA9381
12107,粤BDA9422
12108,粤BDA9438
12109,粤BDA9473
12110,粤BDA9517
12111,粤BDA9525
12112,粤BDA9543
12113,粤BDA9552
12114,粤BDA9577
12115,粤BDA9703
12116,粤BDA9721
12117,粤BDA9730
12118,粤BDA9741
12119,粤BDA9752
12120,粤BDA9772
12121,粤BDA9935
12122,粤BDA9953
12123,粤BDA9981
12124,粤BDA9993
12125,粤BDB0046
12126,粤BDB0081
12127,粤BDB0113
12128,粤BDB0173
12129,粤BDB0178
12130,粤BDB0309
12131,粤BDB0517
12132,粤BDB0548
12133,粤BDB0590
12134,粤BDB0607
12135,粤BDB0627
12136,粤BDB0645
12137,粤BDB0673
12138,粤BDB0675
12139,粤BDB0710
12140,粤BDB0712
12141,粤BDB0716
12142,粤BDB0727
12143,粤BDB0730
12144,粤BDB0731
12145,粤BDB0736
12146,粤BDB0741
12147,粤BDB0757
12148,粤BDB0758
12149,粤BDB0761
12150,粤BDB0762
12151,粤BDB0772
12152,粤BDB0776
12153,粤BDB0782
12154,粤BDB0783
12155,粤BDB0786
12156,粤BDB0790
12157,粤BDB0791
12158,粤BDB0792
12159,粤BDB0827
12160,粤BDB0901
12161,粤BDB0915
12162,粤BDB0952
12163,粤BDB0962
12164,粤BDB0985
12165,粤BDB1000
12166,粤BDB1001
12167,粤BDB1036
12168,粤BDB1099
12169,粤BDB1103
12170,粤BDB1132
12171,粤BDB1142
12172,粤BDB1150
12173,粤BDB1160
12174,粤BDB1173
12175,粤BDB1242
12176,粤BDB1319
12177,粤BDB1371
12178,粤BDB1402
12179,粤BDB1406
12180,粤BDB1410
12181,粤BDB1426
12182,粤BDB1429
12183,粤BDB1459
12184,粤BDB1470
12185,粤BDB1483
12186,粤BDB1489
12187,粤BDB1516
12188,粤BDB1556
12189,粤BDB1565
12190,粤BDB1841
12191,粤BDB1898
12192,粤BDB1955
12193,粤BDB1959
12194,粤BDB1961
12195,粤BDB2111
12196,粤BDB2127
12197,粤BDB2128
12198,粤BDB2138
12199,粤BDB2142
12200,粤BDB2168
12201,粤BDB2176
12202,粤BDB2178
12203,粤BDB2189
12204,粤BDB2197
12205,粤BDB2428
12206,粤BDB2455
12207,粤BDB2483
12208,粤BDB2511
12209,粤BDB2513
12210,粤BDB2521
12211,粤BDB2533
12212,粤BDB2548
12213,粤BDB2549
12214,粤BDB2565
12215,粤BDB2576
12216,粤BDB2582
12217,粤BDB2599
12218,粤BDB2623
12219,粤BDB2642
12220,粤BDB2672
12221,粤BDB2673
12222,粤BDB2721
12223,粤BDB2722
12224,粤BDB2759
12225,粤BDB2761
12226,粤BDB2840
12227,粤BDB2843
12228,粤BDB2846
12229,粤BDB2848
12230,粤BDB2849
12231,粤BDB2852
12232,粤BDB2853
12233,粤BDB2856
12234,粤BDB2861
12235,粤BDB2867
12236,粤BDB2878
12237,粤BDB2887
12238,粤BDB2895
12239,粤BDB2896
12240,粤BDB2920
12241,粤BDB2975
12242,粤BDB3056
12243,粤BDB3117
12244,粤BDB3197
12245,粤BDB3309
12246,粤BDB3346
12247,粤BDB3353
12248,粤BDB3362
12249,粤BDB3403
12250,粤BDB3418
12251,粤BDB3482
12252,粤BDB3507
12253,粤BDB3698
12254,粤BDB3711
12255,粤BDB3720
12256,粤BDB3772
12257,粤BDB3782
12258,粤BDB3790
12259,粤BDB3870
12260,粤BDB3873
12261,粤BDB3877
12262,粤BDB3907
12263,粤BDB4000
12264,粤BDB4016
12265,粤BDB4053
12266,粤BDB4102
12267,粤BDB4103
12268,粤BDB4113
12269,粤BDB4115
12270,粤BDB4127
12271,粤BDB4139
12272,粤BDB4140
12273,粤BDB4145
12274,粤BDB4155
12275,粤BDB4167
12276,粤BDB4168
12277,粤BDB4180
12278,粤BDB4186
12279,粤BDB4197
12280,粤BDB4275
12281,粤BDB4603
12282,粤BDB4667
12283,粤BDB4760
12284,粤BDB4765
12285,粤BDB4775
12286,粤BDB4812
12287,粤BDB4830
12288,粤BDB4895
12289,粤BDB4898
12290,粤BDB4980
12291,粤BDB4990
12292,粤BDB4992
12293,粤BDB5046
12294,粤BDB5148
12295,粤BDB5156
12296,粤BDB5160
12297,粤BDB5163
12298,粤BDB5168
12299,粤BDB5176
12300,粤BDB5182
12301,粤BDB5201
12302,粤BDB5209
12303,粤BDB5211
12304,粤BDB5213
12305,粤BDB5231
12306,粤BDB5257
12307,粤BDB5268
12308,粤BDB5389
12309,粤BDB5460
12310,粤BDB5490
12311,粤BDB5506
12312,粤BDB5520
12313,粤BDB5531
12314,粤BDB5537
12315,粤BDB5543
12316,粤BDB5553
12317,粤BDB5557
12318,粤BDB5558
12319,粤BDB5561
12320,粤BDB5567
12321,粤BDB5578
12322,粤BDB5583
12323,粤BDB5592
12324,粤BDB5622
12325,粤BDB5643
12326,粤BDB5660
12327,粤BDB5662
12328,粤BDB5902
12329,粤BDB5907
12330,粤BDB5909
12331,粤BDB5913
12332,粤BDB5917
12333,粤BDB5918
12334,粤BDB5922
12335,粤BDB5927
12336,粤BDB5930
12337,粤BDB5938
12338,粤BDB5941
12339,粤BDB5943
12340,粤BDB5947
12341,粤BDB5949
12342,粤BDB5955
12343,粤BDB5957
12344,粤BDB5958
12345,粤BDB5967
12346,粤BDB5972
12347,粤BDB5976
12348,粤BDB5981
12349,粤BDB5987
12350,粤BDB5990
12351,粤BDB6001
12352,粤BDB6018
12353,粤BDB6025
12354,粤BDB6032
12355,粤BDB6043
12356,粤BDB6080
12357,粤BDB6093
12358,粤BDB6099
12359,粤BDB6231
12360,粤BDB6270
12361,粤BDB6283
12362,粤BDB6295
12363,粤BDB6349
12364,粤BDB6537
12365,粤BDB6627
12366,粤BDB6660
12367,粤BDB6662
12368,粤BDB6679
12369,粤BDB6688
12370,粤BDB6700
12371,粤BDB6705
12372,粤BDB6736
12373,粤BDB6775
12374,粤BDB6790
12375,粤BDB6793
12376,粤BDB6796
12377,粤BDB6801
12378,粤BDB6809
12379,粤BDB6812
12380,粤BDB6813
12381,粤BDB6815
12382,粤BDB6827
12383,粤BDB6831
12384,粤BDB6833
12385,粤BDB6835
12386,粤BDB6839
12387,粤BDB6840
12388,粤BDB6843
12389,粤BDB6845
12390,粤BDB6849
12391,粤BDB6850
12392,粤BDB6852
12393,粤BDB6853
12394,粤BDB6871
12395,粤BDB6877
12396,粤BDB6885
12397,粤BDB6886
12398,粤BDB6888
12399,粤BDB6889
12400,粤BDB6896
12401,粤BDB6912
12402,粤BDB6937
12403,粤BDB6948
12404,粤BDB6976
12405,粤BDB7053
12406,粤BDB7107
12407,粤BDB7109
12408,粤BDB7116
12409,粤BDB7131
12410,粤BDB7136
12411,粤BDB7137
12412,粤BDB7155
12413,粤BDB7186
12414,粤BDB7189
12415,粤BDB7231
12416,粤BDB7286
12417,粤BDB7312
12418,粤BDB7343
12419,粤BDB7367
12420,粤BDB7403
12421,粤BDB7405
12422,粤BDB7407
12423,粤BDB7413
12424,粤BDB7417
12425,粤BDB7418
12426,粤BDB7421
12427,粤BDB7422
12428,粤BDB7423
12429,粤BDB7446
12430,粤BDB7459
12431,粤BDB7477
12432,粤BDB7486
12433,粤BDB7491
12434,粤BDB7492
12435,粤BDB7499
12436,粤BDB7513
12437,粤BDB7597
12438,粤BDB7611
12439,粤BDB7702
12440,粤BDB7703
12441,粤BDB7726
12442,粤BDB7727
12443,粤BDB7728
12444,粤BDB7739
12445,粤BDB7759
12446,粤BDB7801
12447,粤BDB7802
12448,粤BDB7805
12449,粤BDB7811
12450,粤BDB7815
12451,粤BDB7816
12452,粤BDB7819
12453,粤BDB7825
12454,粤BDB7829
12455,粤BDB7836
12456,粤BDB7837
12457,粤BDB7840
12458,粤BDB7841
12459,粤BDB7848
12460,粤BDB7850
12461,粤BDB7851
12462,粤BDB7853
12463,粤BDB7856
12464,粤BDB7859
12465,粤BDB7861
12466,粤BDB7865
12467,粤BDB7881
12468,粤BDB7882
12469,粤BDB7889
12470,粤BDB7896
12471,粤BDB7899
12472,粤BDB7926
12473,粤BDB7937
12474,粤BDB7951
12475,粤BDB8072
12476,粤BDB8203
12477,粤BDB8206
12478,粤BDB8213
12479,粤BDB8217
12480,粤BDB8227
12481,粤BDB8261
12482,粤BDB8275
12483,粤BDB8308
12484,粤BDB8409
12485,粤BDB8410
12486,粤BDB8415
12487,粤BDB8418
12488,粤BDB8420
12489,粤BDB8422
12490,粤BDB8427
12491,粤BDB8431
12492,粤BDB8433
12493,粤BDB8437
12494,粤BDB8438
12495,粤BDB8445
12496,粤BDB8452
12497,粤BDB8453
12498,粤BDB8455
12499,粤BDB8458
12500,粤BDB8459
12501,粤BDB8460
12502,粤BDB8462
12503,粤BDB8465
12504,粤BDB8466
12505,粤BDB8469
12506,粤BDB8470
12507,粤BDB8475
12508,粤BDB8487
12509,粤BDB8491
12510,粤BDB8492
12511,粤BDB8495
12512,粤BDB8498
12513,粤BDB8499
12514,粤BDB8502
12515,粤BDB8503
12516,粤BDB8505
12517,粤BDB8513
12518,粤BDB8515
12519,粤BDB8519
12520,粤BDB8522
12521,粤BDB8529
12522,粤BDB8533
12523,粤BDB8538
12524,粤BDB8546
12525,粤BDB8548
12526,粤BDB8550
12527,粤BDB8563
12528,粤BDB8565
12529,粤BDB8576
12530,粤BDB8581
12531,粤BDB8583
12532,粤BDB8586
12533,粤BDB8589
12534,粤BDB8592
12535,粤BDB8593
12536,粤BDB8596
12537,粤BDB8613
12538,粤BDB8696
12539,粤BDB8700
12540,粤BDB8701
12541,粤BDB8703
12542,粤BDB8707
12543,粤BDB8708
12544,粤BDB8716
12545,粤BDB8725
12546,粤BDB8729
12547,粤BDB8732
12548,粤BDB8738
12549,粤BDB8743
12550,粤BDB8760
12551,粤BDB8765
12552,粤BDB8767
12553,粤BDB8769
12554,粤BDB8776
12555,粤BDB8798
12556,粤BDB8845
12557,粤BDB8850
12558,粤BDB8901
12559,粤BDB8927
12560,粤BDB8969
12561,粤BDB8982
12562,粤BDB9007
12563,粤BDB9019
12564,粤BDB9036
12565,粤BDB9039
12566,粤BDB9048
12567,粤BDB9053
12568,粤BDB9061
12569,粤BDB9067
12570,粤BDB9071
12571,粤BDB9076
12572,粤BDB9077
12573,粤BDB9079
12574,粤BDB9083
12575,粤BDB9091
12576,粤BDB9092
12577,粤BDB9093
12578,粤BDB9102
12579,粤BDB9107
12580,粤BDB9113
12581,粤BDB9120
12582,粤BDB9123
12583,粤BDB9128
12584,粤BDB9130
12585,粤BDB9135
12586,粤BDB9140
12587,粤BDB9145
12588,粤BDB9148
12589,粤BDB9149
12590,粤BDB9167
12591,粤BDB9169
12592,粤BDB9178
12593,粤BDB9182
12594,粤BDB9273
12595,粤BDB9332
12596,粤BDB9375
12597,粤BDB9445
12598,粤BDB9506
12599,粤BDB9619
12600,粤BDB9651
12601,粤BDB9660
12602,粤BDB9706
12603,粤BDB9707
12604,粤BDB9708
12605,粤BDB9709
12606,粤BDB9710
12607,粤BDB9711
12608,粤BDB9712
12609,粤BDB9715
12610,粤BDB9718
12611,粤BDB9720
12612,粤BDB9723
12613,粤BDB9727
12614,粤BDB9728
12615,粤BDB9731
12616,粤BDB9737
12617,粤BDB9746
12618,粤BDB9747
12619,粤BDB9748
12620,粤BDB9753
12621,粤BDB9757
12622,粤BDB9760
12623,粤BDB9762
12624,粤BDB9763
12625,粤BDB9768
12626,粤BDB9769
12627,粤BDB9770
12628,粤BDB9775
12629,粤BDB9780
12630,粤BDB9785
12631,粤BDB9788
12632,粤BDB9793
12633,粤BDB9795
12634,粤BDB9909
12635,粤BDB9911
12636,粤BDB9927
12637,粤BDB9929
12638,粤BDB9945
12639,粤BDB9958
12640,粤BDB9967
12641,粤BDB9993
12642,粤BDC0048
12643,粤BDC0105
12644,粤BDC0121
12645,粤BDC0122
12646,粤BDC0126
12647,粤BDC0135
12648,粤BDC0142
12649,粤BDC0148
12650,粤BDC0171
12651,粤BDC0173
12652,粤BDC0178
12653,粤BDC0179
12654,粤BDC0182
12655,粤BDC0190
12656,粤BDC0193
12657,粤BDC0195
12658,粤BDC0197
12659,粤BDC0237
12660,粤BDC0250
12661,粤BDC0272
12662,粤BDC0322
12663,粤BDC0379
12664,粤BDC0428
12665,粤BDC0432
12666,粤BDC0436
12667,粤BDC0455
12668,粤BDC0460
12669,粤BDC0467
12670,粤BDC0496
12671,粤BDC0501
12672,粤BDC0505
12673,粤BDC0510
12674,粤BDC0511
12675,粤BDC0515
12676,粤BDC0521
12677,粤BDC0523
12678,粤BDC0529
12679,粤BDC0535
12680,粤BDC0536
12681,粤BDC0540
12682,粤BDC0545
12683,粤BDC0546
12684,粤BDC0548
12685,粤BDC0558
12686,粤BDC0563
12687,粤BDC0565
12688,粤BDC0567
12689,粤BDC0571
12690,粤BDC0573
12691,粤BDC0575
12692,粤BDC0576
12693,粤BDC0586
12694,粤BDC0591
12695,粤BDC0592
12696,粤BDC0593
12697,粤BDC0595
12698,粤BDC0598
12699,粤BDC0609
12700,粤BDC0611
12701,粤BDC0637
12702,粤BDC0642
12703,粤BDC0657
12704,粤BDC0700
12705,粤BDC0729
12706,粤BDC0736
12707,粤BDC0790
12708,粤BDC0971
12709,粤BDC1046
12710,粤BDC1071
12711,粤BDC1076
12712,粤BDC1083
12713,粤BDC1143
12714,粤BDC1175
12715,粤BDC1225
12716,粤BDC1250
12717,粤BDC1257
12718,粤BDC1279
12719,粤BDC1282
12720,粤BDC1315
12721,粤BDC1331
12722,粤BDC1346
12723,粤BDC1349
12724,粤BDC1359
12725,粤BDC1366
12726,粤BDC1370
12727,粤BDC1372
12728,粤BDC1373
12729,粤BDC1385
12730,粤BDC1455
12731,粤BDC1458
12732,粤BDC1461
12733,粤BDC1462
12734,粤BDC1536
12735,粤BDC1542
12736,粤BDC1556
12737,粤BDC1578
12738,粤BDC1637
12739,粤BDC1640
12740,粤BDC1672
12741,粤BDC1675
12742,粤BDC1701
12743,粤BDC1703
12744,粤BDC1733
12745,粤BDC1741
12746,粤BDC1748
12747,粤BDC1761
12748,粤BDC1763
12749,粤BDC1765
12750,粤BDC1782
12751,粤BDC1795
12752,粤BDC1802
12753,粤BDC1837
12754,粤BDC1842
12755,粤BDC1846
12756,粤BDC1847
12757,粤BDC1848
12758,粤BDC1857
12759,粤BDC1871
12760,粤BDC1905
12761,粤BDC1910
12762,粤BDC1937
12763,粤BDC1946
12764,粤BDC1963
12765,粤BDC1971
12766,粤BDC2025
12767,粤BDC2041
12768,粤BDC2056
12769,粤BDC2071
12770,粤BDC2078
12771,粤BDC2080
12772,粤BDC2086
12773,粤BDC2091
12774,粤BDC2095
12775,粤BDC2126
12776,粤BDC2147
12777,粤BDC2157
12778,粤BDC2230
12779,粤BDC2260
12780,粤BDC2305
12781,粤BDC2306
12782,粤BDC2322
12783,粤BDC2327
12784,粤BDC2341
12785,粤BDC2342
12786,粤BDC2348
12787,粤BDC2352
12788,粤BDC2356
12789,粤BDC2367
12790,粤BDC2372
12791,粤BDC2378
12792,粤BDC2387
12793,粤BDC2391
12794,粤BDC2406
12795,粤BDC2422
12796,粤BDC2451
12797,粤BDC2457
12798,粤BDC2462
12799,粤BDC2467
12800,粤BDC2483
12801,粤BDC2485
12802,粤BDC2492
12803,粤BDC2496
12804,粤BDC2540
12805,粤BDC2571
12806,粤BDC2595
12807,粤BDC2627
12808,粤BDC2660
12809,粤BDC2681
12810,粤BDC2701
12811,粤BDC2706
12812,粤BDC2711
12813,粤BDC2712
12814,粤BDC2713
12815,粤BDC2723
12816,粤BDC2725
12817,粤BDC2726
12818,粤BDC2729
12819,粤BDC2736
12820,粤BDC2739
12821,粤BDC2742
12822,粤BDC2746
12823,粤BDC2750
12824,粤BDC2756
12825,粤BDC2768
12826,粤BDC2769
12827,粤BDC2770
12828,粤BDC2771
12829,粤BDC2779
12830,粤BDC2780
12831,粤BDC2781
12832,粤BDC2792
12833,粤BDC2795
12834,粤BDC2897
12835,粤BDC2945
12836,粤BDC3042
12837,粤BDC3045
12838,粤BDC3049
12839,粤BDC3071
12840,粤BDC3217
12841,粤BDC3249
12842,粤BDC3257
12843,粤BDC3276
12844,粤BDC3277
12845,粤BDC3291
12846,粤BDC3293
12847,粤BDC3295
12848,粤BDC3297
12849,粤BDC3371
12850,粤BDC3372
12851,粤BDC3405
12852,粤BDC3406
12853,粤BDC3410
12854,粤BDC3427
12855,粤BDC3438
12856,粤BDC3461
12857,粤BDC3467
12858,粤BDC3495
12859,粤BDC3502
12860,粤BDC3505
12861,粤BDC3506
12862,粤BDC3507
12863,粤BDC3513
12864,粤BDC3517
12865,粤BDC3520
12866,粤BDC3531
12867,粤BDC3532
12868,粤BDC3537
12869,粤BDC3538
12870,粤BDC3542
12871,粤BDC3546
12872,粤BDC3549
12873,粤BDC3560
12874,粤BDC3565
12875,粤BDC3572
12876,粤BDC3576
12877,粤BDC3582
12878,粤BDC3587
12879,粤BDC3592
12880,粤BDC3599
12881,粤BDC3617
12882,粤BDC3802
12883,粤BDC3831
12884,粤BDC3832
12885,粤BDC3848
12886,粤BDC3857
12887,粤BDC3858
12888,粤BDC3859
12889,粤BDC3867
12890,粤BDC3871
12891,粤BDC3872
12892,粤BDC3942
12893,粤BDC3952
12894,粤BDC3975
12895,粤BDC4012
12896,粤BDC4015
12897,粤BDC4027
12898,粤BDC4072
12899,粤BDC4082
12900,粤BDC4092
12901,粤BDC4132
12902,粤BDC4147
12903,粤BDC4195
12904,粤BDC4213
12905,粤BDC4237
12906,粤BDC4242
12907,粤BDC4249
12908,粤BDC4293
12909,粤BDC4312
12910,粤BDC4316
12911,粤BDC4317
12912,粤BDC4318
12913,粤BDC4321
12914,粤BDC4330
12915,粤BDC4336
12916,粤BDC4337
12917,粤BDC4339
12918,粤BDC4342
12919,粤BDC4347
12920,粤BDC4358
12921,粤BDC4359
12922,粤BDC4368
12923,粤BDC4375
12924,粤BDC4376
12925,粤BDC4379
12926,粤BDC4382
12927,粤BDC4386
12928,粤BDC4399
12929,粤BDC4436
12930,粤BDC4458
12931,粤BDC4487
12932,粤BDC4492
12933,粤BDC4501
12934,粤BDC4502
12935,粤BDC4509
12936,粤BDC4510
12937,粤BDC4523
12938,粤BDC4525
12939,粤BDC4530
12940,粤BDC4537
12941,粤BDC4546
12942,粤BDC4556
12943,粤BDC4558
12944,粤BDC4560
12945,粤BDC4566
12946,粤BDC4568
12947,粤BDC4587
12948,粤BDC4592
12949,粤BDC4597
12950,粤BDC4598
12951,粤BDC4622
12952,粤BDC4638
12953,粤BDC4645
12954,粤BDC4672
12955,粤BDC4696
12956,粤BDC4743
12957,粤BDC4751
12958,粤BDC4769
12959,粤BDC4782
12960,粤BDC4793
12961,粤BDC4847
12962,粤BDC4855
12963,粤BDC4866
12964,粤BDC4872
12965,粤BDC4893
12966,粤BDC4908
12967,粤BDC4913
12968,粤BDC4918
12969,粤BDC4920
12970,粤BDC4946
12971,粤BDC4949
12972,粤BDC4967
12973,粤BDC4978
12974,粤BDC4990
12975,粤BDC4997
12976,粤BDC5073
12977,粤BDC5076
12978,粤BDC5139
12979,粤BDC5167
12980,粤BDC5192
12981,粤BDC5206
12982,粤BDC5217
12983,粤BDC5245
12984,粤BDC5252
12985,粤BDC5256
12986,粤BDC5269
12987,粤BDC5270
12988,粤BDC5275
12989,粤BDC5277
12990,粤BDC5278
12991,粤BDC5279
12992,粤BDC5280
12993,粤BDC5287
12994,粤BDC5297
12995,粤BDC5340
12996,粤BDC5343
12997,粤BDC5346
12998,粤BDC5387
12999,粤BDC5415
13000,粤BDC5432
13001,粤BDC5452
13002,粤BDC5487
13003,粤BDC5511
13004,粤BDC5540
13005,粤BDC5541
13006,粤BDC5542
13007,粤BDC5558
13008,粤BDC5561
13009,粤BDC5603
13010,粤BDC5606
13011,粤BDC5615
13012,粤BDC5638
13013,粤BDC5673
13014,粤BDC5695
13015,粤BDC5699
13016,粤BDC5702
13017,粤BDC5705
13018,粤BDC5707
13019,粤BDC5709
13020,粤BDC5710
13021,粤BDC5713
13022,粤BDC5716
13023,粤BDC5722
13024,粤BDC5729
13025,粤BDC5730
13026,粤BDC5733
13027,粤BDC5735
13028,粤BDC5748
13029,粤BDC5759
13030,粤BDC5760
13031,粤BDC5762
13032,粤BDC5763
13033,粤BDC5770
13034,粤BDC5773
13035,粤BDC5778
13036,粤BDC5779
13037,粤BDC5780
13038,粤BDC5782
13039,粤BDC5787
13040,粤BDC5795
13041,粤BDC5803
13042,粤BDC5812
13043,粤BDC5819
13044,粤BDC5827
13045,粤BDC5830
13046,粤BDC5837
13047,粤BDC5843
13048,粤BDC5867
13049,粤BDC5870
13050,粤BDC5872
13051,粤BDC5875
13052,粤BDC5879
13053,粤BDC5880
13054,粤BDC5891
13055,粤BDC5896
13056,粤BDC5911
13057,粤BDC5926
13058,粤BDC5963
13059,粤BDC6015
13060,粤BDC6025
13061,粤BDC6027
13062,粤BDC6057
13063,粤BDC6078
13064,粤BDC6089
13065,粤BDC6092
13066,粤BDC6099
13067,粤BDC6102
13068,粤BDC6117
13069,粤BDC6125
13070,粤BDC6152
13071,粤BDC6156
13072,粤BDC6173
13073,粤BDC6175
13074,粤BDC6176
13075,粤BDC6201
13076,粤BDC6277
13077,粤BDC6298
13078,粤BDC6406
13079,粤BDC6410
13080,粤BDC6429
13081,粤BDC6451
13082,粤BDC6460
13083,粤BDC6479
13084,粤BDC6500
13085,粤BDC6557
13086,粤BDC6706
13087,粤BDC6727
13088,粤BDC6728
13089,粤BDC6730
13090,粤BDC6735
13091,粤BDC6760
13092,粤BDC6793
13093,粤BDC6843
13094,粤BDC6875
13095,粤BDC6893
13096,粤BDC7013
13097,粤BDC7026
13098,粤BDC7037
13099,粤BDC7045
13100,粤BDC7048
13101,粤BDC7052
13102,粤BDC7056
13103,粤BDC7057
13104,粤BDC7062
13105,粤BDC7066
13106,粤BDC7069
13107,粤BDC7073
13108,粤BDC7076
13109,粤BDC7079
13110,粤BDC7105
13111,粤BDC7112
13112,粤BDC7119
13113,粤BDC7122
13114,粤BDC7142
13115,粤BDC7177
13116,粤BDC7185
13117,粤BDC7192
13118,粤BDC7215
13119,粤BDC7216
13120,粤BDC7219
13121,粤BDC7237
13122,粤BDC7238
13123,粤BDC7239
13124,粤BDC7245
13125,粤BDC7249
13126,粤BDC7250
13127,粤BDC7256
13128,粤BDC7257
13129,粤BDC7260
13130,粤BDC7262
13131,粤BDC7265
13132,粤BDC7276
13133,粤BDC7279
13134,粤BDC7281
13135,粤BDC7282
13136,粤BDC7285
13137,粤BDC7290
13138,粤BDC7293
13139,粤BDC7296
13140,粤BDC7303
13141,粤BDC7315
13142,粤BDC7320
13143,粤BDC7332
13144,粤BDC7339
13145,粤BDC7350
13146,粤BDC7351
13147,粤BDC7362
13148,粤BDC7367
13149,粤BDC7378
13150,粤BDC7396
13151,粤BDC7415
13152,粤BDC7447
13153,粤BDC7451
13154,粤BDC7453
13155,粤BDC7461
13156,粤BDC7462
13157,粤BDC7470
13158,粤BDC7482
13159,粤BDC7490
13160,粤BDC7491
13161,粤BDC7498
13162,粤BDC7506
13163,粤BDC7507
13164,粤BDC7508
13165,粤BDC7509
13166,粤BDC7511
13167,粤BDC7512
13168,粤BDC7523
13169,粤BDC7526
13170,粤BDC7529
13171,粤BDC7537
13172,粤BDC7539
13173,粤BDC7545
13174,粤BDC7548
13175,粤BDC7553
13176,粤BDC7555
13177,粤BDC7565
13178,粤BDC7567
13179,粤BDC7570
13180,粤BDC7576
13181,粤BDC7578
13182,粤BDC7580
13183,粤BDC7581
13184,粤BDC7583
13185,粤BDC7585
13186,粤BDC7586
13187,粤BDC7587
13188,粤BDC7590
13189,粤BDC7592
13190,粤BDC7708
13191,粤BDC7742
13192,粤BDC7802
13193,粤BDC7805
13194,粤BDC7811
13195,粤BDC7812
13196,粤BDC7815
13197,粤BDC7817
13198,粤BDC7820
13199,粤BDC7826
13200,粤BDC7830
13201,粤BDC7835
13202,粤BDC7836
13203,粤BDC7837
13204,粤BDC7867
13205,粤BDC7871
13206,粤BDC7873
13207,粤BDC7875
13208,粤BDC7892
13209,粤BDC7897
13210,粤BDC7921
13211,粤BDC7941
13212,粤BDC7952
13213,粤BDC7961
13214,粤BDC7972
13215,粤BDC7975
13216,粤BDC8041
13217,粤BDC8042
13218,粤BDC8045
13219,粤BDC8075
13220,粤BDC8127
13221,粤BDC8135
13222,粤BDC8140
13223,粤BDC8145
13224,粤BDC8167
13225,粤BDC8171
13226,粤BDC8172
13227,粤BDC8173
13228,粤BDC8181
13229,粤BDC8197
13230,粤BDC8291
13231,粤BDC8307
13232,粤BDC8311
13233,粤BDC8315
13234,粤BDC8317
13235,粤BDC8320
13236,粤BDC8321
13237,粤BDC8325
13238,粤BDC8335
13239,粤BDC8342
13240,粤BDC8345
13241,粤BDC8350
13242,粤BDC8351
13243,粤BDC8361
13244,粤BDC8363
13245,粤BDC8371
13246,粤BDC8372
13247,粤BDC8375
13248,粤BDC8376
13249,粤BDC8378
13250,粤BDC8389
13251,粤BDC8392
13252,粤BDC8396
13253,粤BDC8459
13254,粤BDC8470
13255,粤BDC8507
13256,粤BDC8509
13257,粤BDC8511
13258,粤BDC8519
13259,粤BDC8526
13260,粤BDC8531
13261,粤BDC8539
13262,粤BDC8572
13263,粤BDC8583
13264,粤BDC8593
13265,粤BDC8625
13266,粤BDC8626
13267,粤BDC8627
13268,粤BDC8647
13269,粤BDC8668
13270,粤BDC8699
13271,粤BDC8715
13272,粤BDC8716
13273,粤BDC8726
13274,粤BDC8727
13275,粤BDC8728
13276,粤BDC8737
13277,粤BDC8738
13278,粤BDC8739
13279,粤BDC8742
13280,粤BDC8745
13281,粤BDC8749
13282,粤BDC8751
13283,粤BDC8761
13284,粤BDC8762
13285,粤BDC8770
13286,粤BDC8772
13287,粤BDC8796
13288,粤BDC8800
13289,粤BDC8801
13290,粤BDC8802
13291,粤BDC8817
13292,粤BDC8827
13293,粤BDC8847
13294,粤BDC8863
13295,粤BDC8871
13296,粤BDC8875
13297,粤BDC8886
13298,粤BDC8896
13299,粤BDC8905
13300,粤BDC8918
13301,粤BDC8919
13302,粤BDC8926
13303,粤BDC8927
13304,粤BDC8932
13305,粤BDC8938
13306,粤BDC8978
13307,粤BDC9036
13308,粤BDC9137
13309,粤BDC9170
13310,粤BDC9215
13311,粤BDC9217
13312,粤BDC9221
13313,粤BDC9235
13314,粤BDC9243
13315,粤BDC9245
13316,粤BDC9255
13317,粤BDC9265
13318,粤BDC9272
13319,粤BDC9278
13320,粤BDC9290
13321,粤BDC9297
13322,粤BDC9327
13323,粤BDC9348
13324,粤BDC9349
13325,粤BDC9357
13326,粤BDC9362
13327,粤BDC9369
13328,粤BDC9372
13329,粤BDC9401
13330,粤BDC9425
13331,粤BDC9478
13332,粤BDC9485
13333,粤BDC9491
13334,粤BDC9510
13335,粤BDC9556
13336,粤BDC9589
13337,粤BDC9606
13338,粤BDC9616
13339,粤BDC9618
13340,粤BDC9620
13341,粤BDC9621
13342,粤BDC9627
13343,粤BDC9630
13344,粤BDC9633
13345,粤BDC9638
13346,粤BDC9642
13347,粤BDC9649
13348,粤BDC9667
13349,粤BDC9669
13350,粤BDC9677
13351,粤BDC9687
13352,粤BDC9695
13353,粤BDC9715
13354,粤BDC9721
13355,粤BDC9731
13356,粤BDC9732
13357,粤BDC9735
13358,粤BDC9738
13359,粤BDC9751
13360,粤BDC9762
13361,粤BDC9767
13362,粤BDC9796
13363,粤BDC9837
13364,粤BDC9846
13365,粤BDC9847
13366,粤BDC9857
13367,粤BDC9912
13368,粤BDC9942
13369,粤BDC9963
13370,粤BDD0002
13371,粤BDD0012
13372,粤BDD0019
13373,粤BDD0031
13374,粤BDD0035
13375,粤BDD0040
13376,粤BDD0043
13377,粤BDD0051
13378,粤BDD0055
13379,粤BDD0060
13380,粤BDD0071
13381,粤BDD0080
13382,粤BDD0089
13383,粤BDD0105
13384,粤BDD0120
13385,粤BDD0121
13386,粤BDD0130
13387,粤BDD0131
13388,粤BDD0135
13389,粤BDD0140
13390,粤BDD0143
13391,粤BDD0147
13392,粤BDD0150
13393,粤BDD0157
13394,粤BDD0162
13395,粤BDD0167
13396,粤BDD0170
13397,粤BDD0175
13398,粤BDD0178
13399,粤BDD0180
13400,粤BDD0182
13401,粤BDD0191
13402,粤BDD0200
13403,粤BDD0201
13404,粤BDD0205
13405,粤BDD0206
13406,粤BDD0216
13407,粤BDD0217
13408,粤BDD0223
13409,粤BDD0231
13410,粤BDD0245
13411,粤BDD0246
13412,粤BDD0252
13413,粤BDD0258
13414,粤BDD0259
13415,粤BDD0261
13416,粤BDD0267
13417,粤BDD0272
13418,粤BDD0276
13419,粤BDD0278
13420,粤BDD0287
13421,粤BDD0295
13422,粤BDD0296
13423,粤BDD0297
13424,粤BDD0302
13425,粤BDD0311
13426,粤BDD0312
13427,粤BDD0325
13428,粤BDD0327
13429,粤BDD0332
13430,粤BDD0337
13431,粤BDD0341
13432,粤BDD0345
13433,粤BDD0346
13434,粤BDD0350
13435,粤BDD0357
13436,粤BDD0381
13437,粤BDD0382
13438,粤BDD0385
13439,粤BDD0387
13440,粤BDD0390
13441,粤BDD0396
13442,粤BDD0418
13443,粤BDD0419
13444,粤BDD0430
13445,粤BDD0436
13446,粤BDD0437
13447,粤BDD0438
13448,粤BDD0446
13449,粤BDD0456
13450,粤BDD0463
13451,粤BDD0468
13452,粤BDD0478
13453,粤BDD0483
13454,粤BDD0486
13455,粤BDD0487
13456,粤BDD0490
13457,粤BDD0496
13458,粤BDD0501
13459,粤BDD0503
13460,粤BDD0507
13461,粤BDD0508
13462,粤BDD0513
13463,粤BDD0516
13464,粤BDD0526
13465,粤BDD0528
13466,粤BDD0530
13467,粤BDD0532
13468,粤BDD0535
13469,粤BDD0536
13470,粤BDD0541
13471,粤BDD0542
13472,粤BDD0545
13473,粤BDD0551
13474,粤BDD0561
13475,粤BDD0565
13476,粤BDD0572
13477,粤BDD0575
13478,粤BDD0576
13479,粤BDD0577
13480,粤BDD0578
13481,粤BDD0597
13482,粤BDD0612
13483,粤BDD0625
13484,粤BDD0640
13485,粤BDD0649
13486,粤BDD0657
13487,粤BDD0672
13488,粤BDD0679
13489,粤BDD0687
13490,粤BDD0695
13491,粤BDD0706
13492,粤BDD0721
13493,粤BDD0752
13494,粤BDD0753
13495,粤BDD0756
13496,粤BDD0757
13497,粤BDD0761
13498,粤BDD0776
13499,粤BDD0780
13500,粤BDD0782
13501,粤BDD0783
13502,粤BDD0789
13503,粤BDD0796
13504,粤BDD0797
13505,粤BDD0805
13506,粤BDD0818
13507,粤BDD0827
13508,粤BDD0840
13509,粤BDD0841
13510,粤BDD0846
13511,粤BDD0853
13512,粤BDD0856
13513,粤BDD0859
13514,粤BDD0867
13515,粤BDD0871
13516,粤BDD0873
13517,粤BDD0875
13518,粤BDD0891
13519,粤BDD0895
13520,粤BDD0901
13521,粤BDD0903
13522,粤BDD0907
13523,粤BDD0936
13524,粤BDD0940
13525,粤BDD0945
13526,粤BDD0947
13527,粤BDD0952
13528,粤BDD0967
13529,粤BDD0971
13530,粤BDD0981
13531,粤BDD0987
13532,粤BDD1015
13533,粤BDD1019
13534,粤BDD1021
13535,粤BDD1025
13536,粤BDD1027
13537,粤BDD1030
13538,粤BDD1031
13539,粤BDD1036
13540,粤BDD1037
13541,粤BDD1040
13542,粤BDD1051
13543,粤BDD1059
13544,粤BDD1065
13545,粤BDD1067
13546,粤BDD1076
13547,粤BDD1079
13548,粤BDD1101
13549,粤BDD1105
13550,粤BDD1120
13551,粤BDD1131
13552,粤BDD1145
13553,粤BDD1146
13554,粤BDD1153
13555,粤BDD1161
13556,粤BDD1173
13557,粤BDD1188
13558,粤BDD1196
13559,粤BDD1199
13560,粤BDD1202
13561,粤BDD1203
13562,粤BDD1205
13563,粤BDD1206
13564,粤BDD1228
13565,粤BDD1242
13566,粤BDD1243
13567,粤BDD1265
13568,粤BDD1272
13569,粤BDD1277
13570,粤BDD1302
13571,粤BDD1313
13572,粤BDD1317
13573,粤BDD1318
13574,粤BDD1326
13575,粤BDD1329
13576,粤BDD1331
13577,粤BDD1332
13578,粤BDD1333
13579,粤BDD1336
13580,粤BDD1349
13581,粤BDD1360
13582,粤BDD1365
13583,粤BDD1366
13584,粤BDD1367
13585,粤BDD1368
13586,粤BDD1372
13587,粤BDD1375
13588,粤BDD1378
13589,粤BDD1397
13590,粤BDD1412
13591,粤BDD1422
13592,粤BDD1425
13593,粤BDD1430
13594,粤BDD1435
13595,粤BDD1436
13596,粤BDD1440
13597,粤BDD1450
13598,粤BDD1466
13599,粤BDD1470
13600,粤BDD1485
13601,粤BDD1488
13602,粤BDD1491
13603,粤BDD1496
13604,粤BDD1508
13605,粤BDD1516
13606,粤BDD1537
13607,粤BDD1539
13608,粤BDD1547
13609,粤BDD1551
13610,粤BDD1560
13611,粤BDD1572
13612,粤BDD1579
13613,粤BDD1581
13614,粤BDD1585
13615,粤BDD1587
13616,粤BDD1591
13617,粤BDD1609
13618,粤BDD1671
13619,粤BDD1676
13620,粤BDD1687
13621,粤BDD1705
13622,粤BDD1708
13623,粤BDD1712
13624,粤BDD1718
13625,粤BDD1722
13626,粤BDD1727
13627,粤BDD1729
13628,粤BDD1730
13629,粤BDD1738
13630,粤BDD1739
13631,粤BDD1746
13632,粤BDD1749
13633,粤BDD1750
13634,粤BDD1755
13635,粤BDD1756
13636,粤BDD1769
13637,粤BDD1773
13638,粤BDD1779
13639,粤BDD1782
13640,粤BDD1796
13641,粤BDD1817
13642,粤BDD1821
13643,粤BDD1827
13644,粤BDD1839
13645,粤BDD1842
13646,粤BDD1845
13647,粤BDD1850
13648,粤BDD1856
13649,粤BDD1857
13650,粤BDD1862
13651,粤BDD1865
13652,粤BDD1872
13653,粤BDD1879
13654,粤BDD1888
13655,粤BDD1891
13656,粤BDD1902
13657,粤BDD1925
13658,粤BDD1929
13659,粤BDD1935
13660,粤BDD1955
13661,粤BDD1957
13662,粤BDD1962
13663,粤BDD1968
13664,粤BDD1970
13665,粤BDD1972
13666,粤BDD1975
13667,粤BDD1993
13668,粤BDD1996
13669,粤BDD2007
13670,粤BDD2018
13671,粤BDD2025
13672,粤BDD2032
13673,粤BDD2039
13674,粤BDD2048
13675,粤BDD2055
13676,粤BDD2057
13677,粤BDD2058
13678,粤BDD2067
13679,粤BDD2072
13680,粤BDD2075
13681,粤BDD2093
13682,粤BDD2129
13683,粤BDD2132
13684,粤BDD2147
13685,粤BDD2152
13686,粤BDD2162
13687,粤BDD2163
13688,粤BDD2165
13689,粤BDD2169
13690,粤BDD2171
13691,粤BDD2176
13692,粤BDD2182
13693,粤BDD2185
13694,粤BDD2186
13695,粤BDD2195
13696,粤BDD2208
13697,粤BDD2209
13698,粤BDD2230
13699,粤BDD2236
13700,粤BDD2249
13701,粤BDD2252
13702,粤BDD2253
13703,粤BDD2258
13704,粤BDD2260
13705,粤BDD2265
13706,粤BDD2266
13707,粤BDD2268
13708,粤BDD2269
13709,粤BDD2279
13710,粤BDD2285
13711,粤BDD2286
13712,粤BDD2297
13713,粤BDD2306
13714,粤BDD2309
13715,粤BDD2310
13716,粤BDD2315
13717,粤BDD2337
13718,粤BDD2343
13719,粤BDD2349
13720,粤BDD2362
13721,粤BDD2396
13722,粤BDD2409
13723,粤BDD2422
13724,粤BDD2428
13725,粤BDD2437
13726,粤BDD2445
13727,粤BDD2448
13728,粤BDD2451
13729,粤BDD2456
13730,粤BDD2458
13731,粤BDD2468
13732,粤BDD2486
13733,粤BDD2489
13734,粤BDD2496
13735,粤BDD2498
13736,粤BDD2499
13737,粤BDD2525
13738,粤BDD2557
13739,粤BDD2613
13740,粤BDD2619
13741,粤BDD2621
13742,粤BDD2643
13743,粤BDD2646
13744,粤BDD2650
13745,粤BDD2679
13746,粤BDD2697
13747,粤BDD2731
13748,粤BDD2732
13749,粤BDD2770
13750,粤BDD2785
13751,粤BDD2800
13752,粤BDD2802
13753,粤BDD2805
13754,粤BDD2806
13755,粤BDD2807
13756,粤BDD2809
13757,粤BDD2813
13758,粤BDD2825
13759,粤BDD2827
13760,粤BDD2828
13761,粤BDD2833
13762,粤BDD2836
13763,粤BDD2843
13764,粤BDD2845
13765,粤BDD2848
13766,粤BDD2850
13767,粤BDD2851
13768,粤BDD2853
13769,粤BDD2855
13770,粤BDD2857
13771,粤BDD2860
13772,粤BDD2870
13773,粤BDD2892
13774,粤BDD2901
13775,粤BDD2922
13776,粤BDD2930
13777,粤BDD2933
13778,粤BDD2935
13779,粤BDD2937
13780,粤BDD2983
13781,粤BDD2987
13782,粤BDD3041
13783,粤BDD3052
13784,粤BDD3105
13785,粤BDD3106
13786,粤BDD3121
13787,粤BDD3135
13788,粤BDD3139
13789,粤BDD3147
13790,粤BDD3148
13791,粤BDD3150
13792,粤BDD3157
13793,粤BDD3159
13794,粤BDD3165
13795,粤BDD3170
13796,粤BDD3175
13797,粤BDD3176
13798,粤BDD3188
13799,粤BDD3190
13800,粤BDD3193
13801,粤BDD3197
13802,粤BDD3213
13803,粤BDD3223
13804,粤BDD3227
13805,粤BDD3231
13806,粤BDD3239
13807,粤BDD3242
13808,粤BDD3253
13809,粤BDD3257
13810,粤BDD3260
13811,粤BDD3265
13812,粤BDD3267
13813,粤BDD3269
13814,粤BDD3276
13815,粤BDD3278
13816,粤BDD3279
13817,粤BDD3287
13818,粤BDD3297
13819,粤BDD3315
13820,粤BDD3316
13821,粤BDD3323
13822,粤BDD3329
13823,粤BDD3332
13824,粤BDD3346
13825,粤BDD3358
13826,粤BDD3367
13827,粤BDD3375
13828,粤BDD3376
13829,粤BDD3378
13830,粤BDD3385
13831,粤BDD3387
13832,粤BDD3389
13833,粤BDD3392
13834,粤BDD3396
13835,粤BDD3401
13836,粤BDD3402
13837,粤BDD3420
13838,粤BDD3429
13839,粤BDD3435
13840,粤BDD3448
13841,粤BDD3459
13842,粤BDD3470
13843,粤BDD3480
13844,粤BDD3481
13845,粤BDD3482
13846,粤BDD3489
13847,粤BDD3497
13848,粤BDD3512
13849,粤BDD3513
13850,粤BDD3518
13851,粤BDD3526
13852,粤BDD3550
13853,粤BDD3557
13854,粤BDD3559
13855,粤BDD3563
13856,粤BDD3570
13857,粤BDD3572
13858,粤BDD3575
13859,粤BDD3576
13860,粤BDD3581
13861,粤BDD3592
13862,粤BDD3593
13863,粤BDD3595
13864,粤BDD3701
13865,粤BDD3709
13866,粤BDD3713
13867,粤BDD3727
13868,粤BDD3729
13869,粤BDD3735
13870,粤BDD3738
13871,粤BDD3751
13872,粤BDD3759
13873,粤BDD3766
13874,粤BDD3768
13875,粤BDD3779
13876,粤BDD3787
13877,粤BDD3789
13878,粤BDD3842
13879,粤BDD3875
13880,粤BDD3897
13881,粤BDD3902
13882,粤BDD3906
13883,粤BDD3911
13884,粤BDD3917
13885,粤BDD3921
13886,粤BDD3925
13887,粤BDD3928
13888,粤BDD3940
13889,粤BDD3941
13890,粤BDD3945
13891,粤BDD3952
13892,粤BDD3957
13893,粤BDD3959
13894,粤BDD3962
13895,粤BDD3972
13896,粤BDD3990
13897,粤BDD3992
13898,粤BDD4026
13899,粤BDD4032
13900,粤BDD4040
13901,粤BDD4055
13902,粤BDD4059
13903,粤BDD4070
13904,粤BDD4078
13905,粤BDD4079
13906,粤BDD4081
13907,粤BDD4082
13908,粤BDD4091
13909,粤BDD4107
13910,粤BDD4123
13911,粤BDD4162
13912,粤BDD4205
13913,粤BDD4209
13914,粤BDD4218
13915,粤BDD4219
13916,粤BDD4245
13917,粤BDD4256
13918,粤BDD4262
13919,粤BDD4263
13920,粤BDD4266
13921,粤BDD4269
13922,粤BDD4289
13923,粤BDD4306
13924,粤BDD4328
13925,粤BDD4339
13926,粤BDD4343
13927,粤BDD4345
13928,粤BDD4348
13929,粤BDD4358
13930,粤BDD4369
13931,粤BDD4377
13932,粤BDD4389
13933,粤BDD4396
13934,粤BDD4421
13935,粤BDD4435
13936,粤BDD4451
13937,粤BDD4456
13938,粤BDD4507
13939,粤BDD4510
13940,粤BDD4519
13941,粤BDD4523
13942,粤BDD4533
13943,粤BDD4536
13944,粤BDD4550
13945,粤BDD4566
13946,粤BDD4569
13947,粤BDD4581
13948,粤BDD4606
13949,粤BDD4607
13950,粤BDD4622
13951,粤BDD4635
13952,粤BDD4643
13953,粤BDD4645
13954,粤BDD4648
13955,粤BDD4650
13956,粤BDD4652
13957,粤BDD4656
13958,粤BDD4681
13959,粤BDD4683
13960,粤BDD4692
13961,粤BDD4695
13962,粤BDD4708
13963,粤BDD4715
13964,粤BDD4722
13965,粤BDD4728
13966,粤BDD4729
13967,粤BDD4768
13968,粤BDD4773
13969,粤BDD4789
13970,粤BDD4796
13971,粤BDD4798
13972,粤BDD4799
13973,粤BDD4865
13974,粤BDD4872
13975,粤BDD4890
13976,粤BDD4901
13977,粤BDD4906
13978,粤BDD4908
13979,粤BDD4919
13980,粤BDD4926
13981,粤BDD4929
13982,粤BDD4936
13983,粤BDD4945
13984,粤BDD4951
13985,粤BDD4952
13986,粤BDD4957
13987,粤BDD4958
13988,粤BDD4971
13989,粤BDD4982
13990,粤BDD4983
13991,粤BDD4985
13992,粤BDD4989
13993,粤BDD4993
13994,粤BDD5067
13995,粤BDD5106
13996,粤BDD5108
13997,粤BDD5109
13998,粤BDD5113
13999,粤BDD5117
14000,粤BDD5119
14001,粤BDD5125
14002,粤BDD5137
14003,粤BDD5152
14004,粤BDD5156
14005,粤BDD5162
14006,粤BDD5165
14007,粤BDD5169
14008,粤BDD5179
14009,粤BDD5187
14010,粤BDD5188
14011,粤BDD5191
14012,粤BDD5205
14013,粤BDD5209
14014,粤BDD5210
14015,粤BDD5218
14016,粤BDD5235
14017,粤BDD5245
14018,粤BDD5258
14019,粤BDD5259
14020,粤BDD5275
14021,粤BDD5276
14022,粤BDD5277
14023,粤BDD5287
14024,粤BDD5290
14025,粤BDD5291
14026,粤BDD5292
14027,粤BDD5295
14028,粤BDD5297
14029,粤BDD5307
14030,粤BDD5311
14031,粤BDD5320
14032,粤BDD5325
14033,粤BDD5330
14034,粤BDD5337
14035,粤BDD5348
14036,粤BDD5357
14037,粤BDD5358
14038,粤BDD5375
14039,粤BDD5379
14040,粤BDD5381
14041,粤BDD5397
14042,粤BDD5401
14043,粤BDD5409
14044,粤BDD5421
14045,粤BDD5423
14046,粤BDD5448
14047,粤BDD5467
14048,粤BDD5468
14049,粤BDD5470
14050,粤BDD5472
14051,粤BDD5475
14052,粤BDD5480
14053,粤BDD5485
14054,粤BDD5489
14055,粤BDD5512
14056,粤BDD5601
14057,粤BDD5602
14058,粤BDD5605
14059,粤BDD5607
14060,粤BDD5610
14061,粤BDD5617
14062,粤BDD5627
14063,粤BDD5628
14064,粤BDD5631
14065,粤BDD5651
14066,粤BDD5657
14067,粤BDD5668
14068,粤BDD5673
14069,粤BDD5679
14070,粤BDD5683
14071,粤BDD5691
14072,粤BDD5693
14073,粤BDD5715
14074,粤BDD5716
14075,粤BDD5717
14076,粤BDD5721
14077,粤BDD5727
14078,粤BDD5732
14079,粤BDD5752
14080,粤BDD5762
14081,粤BDD5763
14082,粤BDD5770
14083,粤BDD5778
14084,粤BDD5780
14085,粤BDD5781
14086,粤BDD5792
14087,粤BDD5798
14088,粤BDD5816
14089,粤BDD5822
14090,粤BDD5835
14091,粤BDD5837
14092,粤BDD5845
14093,粤BDD5849
14094,粤BDD5857
14095,粤BDD5860
14096,粤BDD5861
14097,粤BDD5867
14098,粤BDD5877
14099,粤BDD5878
14100,粤BDD5891
14101,粤BDD5901
14102,粤BDD5902
14103,粤BDD5906
14104,粤BDD5909
14105,粤BDD5913
14106,粤BDD5915
14107,粤BDD5921
14108,粤BDD5925
14109,粤BDD5929
14110,粤BDD5932
14111,粤BDD5936
14112,粤BDD5939
14113,粤BDD5940
14114,粤BDD5941
14115,粤BDD5949
14116,粤BDD5959
14117,粤BDD5963
14118,粤BDD5977
14119,粤BDD5979
14120,粤BDD5981
14121,粤BDD5987
14122,粤BDD5992
14123,粤BDD5997
14124,粤BDD6005
14125,粤BDD6016
14126,粤BDD6020
14127,粤BDD6025
14128,粤BDD6027
14129,粤BDD6031
14130,粤BDD6036
14131,粤BDD6037
14132,粤BDD6055
14133,粤BDD6058
14134,粤BDD6059
14135,粤BDD6071
14136,粤BDD6079
14137,粤BDD6082
14138,粤BDD6083
14139,粤BDD6092
14140,粤BDD6093
14141,粤BDD6097
14142,粤BDD6099
14143,粤BDD6105
14144,粤BDD6106
14145,粤BDD6109
14146,粤BDD6117
14147,粤BDD6125
14148,粤BDD6126
14149,粤BDD6135
14150,粤BDD6139
14151,粤BDD6150
14152,粤BDD6153
14153,粤BDD6160
14154,粤BDD6161
14155,粤BDD6170
14156,粤BDD6172
14157,粤BDD6173
14158,粤BDD6179
14159,粤BDD6185
14160,粤BDD6186
14161,粤BDD6189
14162,粤BDD6192
14163,粤BDD6195
14164,粤BDD6198
14165,粤BDD6201
14166,粤BDD6208
14167,粤BDD6210
14168,粤BDD6212
14169,粤BDD6225
14170,粤BDD6236
14171,粤BDD6237
14172,粤BDD6242
14173,粤BDD6252
14174,粤BDD6257
14175,粤BDD6259
14176,粤BDD6267
14177,粤BDD6268
14178,粤BDD6270
14179,粤BDD6273
14180,粤BDD6283
14181,粤BDD6295
14182,粤BDD6316
14183,粤BDD6317
14184,粤BDD6319
14185,粤BDD6346
14186,粤BDD6357
14187,粤BDD6367
14188,粤BDD6379
14189,粤BDD6382
14190,粤BDD6391
14191,粤BDD6412
14192,粤BDD6417
14193,粤BDD6418
14194,粤BDD6430
14195,粤BDD6442
14196,粤BDD6446
14197,粤BDD6451
14198,粤BDD6462
14199,粤BDD6471
14200,粤BDD6479
14201,粤BDD6485
14202,粤BDD6496
14203,粤BDD6500
14204,粤BDD6502
14205,粤BDD6516
14206,粤BDD6517
14207,粤BDD6518
14208,粤BDD6522
14209,粤BDD6535
14210,粤BDD6541
14211,粤BDD6548
14212,粤BDD6558
14213,粤BDD6559
14214,粤BDD6562
14215,粤BDD6577
14216,粤BDD6599
14217,粤BDD6608
14218,粤BDD6617
14219,粤BDD6630
14220,粤BDD6632
14221,粤BDD6646
14222,粤BDD6648
14223,粤BDD6701
14224,粤BDD6716
14225,粤BDD6722
14226,粤BDD6728
14227,粤BDD6731
14228,粤BDD6733
14229,粤BDD6738
14230,粤BDD6741
14231,粤BDD6748
14232,粤BDD6751
14233,粤BDD6752
14234,粤BDD6770
14235,粤BDD6771
14236,粤BDD6772
14237,粤BDD6775
14238,粤BDD6776
14239,粤BDD6796
14240,粤BDD6802
14241,粤BDD6815
14242,粤BDD6817
14243,粤BDD6829
14244,粤BDD6833
14245,粤BDD6836
14246,粤BDD6840
14247,粤BDD6842
14248,粤BDD6856
14249,粤BDD6865
14250,粤BDD6867
14251,粤BDD6869
14252,粤BDD6872
14253,粤BDD6876
14254,粤BDD6880
14255,粤BDD6885
14256,粤BDD6893
14257,粤BDD6896
14258,粤BDD6903
14259,粤BDD6906
14260,粤BDD6907
14261,粤BDD6910
14262,粤BDD6915
14263,粤BDD6917
14264,粤BDD6920
14265,粤BDD6936
14266,粤BDD6937
14267,粤BDD6948
14268,粤BDD6949
14269,粤BDD6951
14270,粤BDD6952
14271,粤BDD6959
14272,粤BDD6960
14273,粤BDD6967
14274,粤BDD6975
14275,粤BDD6987
14276,粤BDD6993
14277,粤BDD7001
14278,粤BDD7011
14279,粤BDD7012
14280,粤BDD7015
14281,粤BDD7020
14282,粤BDD7021
14283,粤BDD7025
14284,粤BDD7029
14285,粤BDD7030
14286,粤BDD7033
14287,粤BDD7051
14288,粤BDD7060
14289,粤BDD7061
14290,粤BDD7063
14291,粤BDD7071
14292,粤BDD7072
14293,粤BDD7076
14294,粤BDD7091
14295,粤BDD7092
14296,粤BDD7096
14297,粤BDD7097
14298,粤BDD7108
14299,粤BDD7112
14300,粤BDD7116
14301,粤BDD7136
14302,粤BDD7140
14303,粤BDD7152
14304,粤BDD7165
14305,粤BDD7167
14306,粤BDD7176
14307,粤BDD7182
14308,粤BDD7192
14309,粤BDD7201
14310,粤BDD7207
14311,粤BDD7208
14312,粤BDD7220
14313,粤BDD7237
14314,粤BDD7238
14315,粤BDD7239
14316,粤BDD7241
14317,粤BDD7250
14318,粤BDD7257
14319,粤BDD7269
14320,粤BDD7271
14321,粤BDD7280
14322,粤BDD7281
14323,粤BDD7283
14324,粤BDD7287
14325,粤BDD7292
14326,粤BDD7297
14327,粤BDD7299
14328,粤BDD7301
14329,粤BDD7307
14330,粤BDD7312
14331,粤BDD7315
14332,粤BDD7316
14333,粤BDD7317
14334,粤BDD7321
14335,粤BDD7323
14336,粤BDD7325
14337,粤BDD7329
14338,粤BDD7336
14339,粤BDD7340
14340,粤BDD7356
14341,粤BDD7358
14342,粤BDD7365
14343,粤BDD7366
14344,粤BDD7367
14345,粤BDD7368
14346,粤BDD7371
14347,粤BDD7379
14348,粤BDD7381
14349,粤BDD7382
14350,粤BDD7386
14351,粤BDD7389
14352,粤BDD7392
14353,粤BDD7399
14354,粤BDD7406
14355,粤BDD7409
14356,粤BDD7445
14357,粤BDD7446
14358,粤BDD7488
14359,粤BDD7501
14360,粤BDD7502
14361,粤BDD7512
14362,粤BDD7529
14363,粤BDD7531
14364,粤BDD7532
14365,粤BDD7539
14366,粤BDD7542
14367,粤BDD7572
14368,粤BDD7582
14369,粤BDD7587
14370,粤BDD7605
14371,粤BDD7610
14372,粤BDD7615
14373,粤BDD7621
14374,粤BDD7627
14375,粤BDD7630
14376,粤BDD7637
14377,粤BDD7645
14378,粤BDD7649
14379,粤BDD7656
14380,粤BDD7658
14381,粤BDD7659
14382,粤BDD7677
14383,粤BDD7682
14384,粤BDD7683
14385,粤BDD7689
14386,粤BDD7690
14387,粤BDD7696
14388,粤BDD7697
14389,粤BDD7705
14390,粤BDD7707
14391,粤BDD7709
14392,粤BDD7723
14393,粤BDD7726
14394,粤BDD7731
14395,粤BDD7738
14396,粤BDD7775
14397,粤BDD7785
14398,粤BDD7796
14399,粤BDD7797
14400,粤BDD7820
14401,粤BDD7825
14402,粤BDD7832
14403,粤BDD7842
14404,粤BDD7849
14405,粤BDD7876
14406,粤BDD7878
14407,粤BDD7987
14408,粤BDD7995
14409,粤BDD7999
14410,粤BDD8017
14411,粤BDD8043
14412,粤BDD8045
14413,粤BDD8051
14414,粤BDD8052
14415,粤BDD8072
14416,粤BDD8076
14417,粤BDD8078
14418,粤BDD8081
14419,粤BDD8095
14420,粤BDD8101
14421,粤BDD8102
14422,粤BDD8105
14423,粤BDD8109
14424,粤BDD8110
14425,粤BDD8113
14426,粤BDD8127
14427,粤BDD8140
14428,粤BDD8150
14429,粤BDD8153
14430,粤BDD8159
14431,粤BDD8165
14432,粤BDD8168
14433,粤BDD8176
14434,粤BDD8182
14435,粤BDD8198
14436,粤BDD8205
14437,粤BDD8215
14438,粤BDD8220
14439,粤BDD8230
14440,粤BDD8233
14441,粤BDD8241
14442,粤BDD8246
14443,粤BDD8248
14444,粤BDD8266
14445,粤BDD8267
14446,粤BDD8271
14447,粤BDD8276
14448,粤BDD8288
14449,粤BDD8313
14450,粤BDD8319
14451,粤BDD8327
14452,粤BDD8331
14453,粤BDD8342
14454,粤BDD8346
14455,粤BDD8348
14456,粤BDD8352
14457,粤BDD8359
14458,粤BDD8360
14459,粤BDD8370
14460,粤BDD8375
14461,粤BDD8385
14462,粤BDD8393
14463,粤BDD8401
14464,粤BDD8406
14465,粤BDD8407
14466,粤BDD8422
14467,粤BDD8425
14468,粤BDD8426
14469,粤BDD8429
14470,粤BDD8437
14471,粤BDD8439
14472,粤BDD8440
14473,粤BDD8442
14474,粤BDD8446
14475,粤BDD8450
14476,粤BDD8452
14477,粤BDD8455
14478,粤BDD8462
14479,粤BDD8465
14480,粤BDD8472
14481,粤BDD8480
14482,粤BDD8492
14483,粤BDD8499
14484,粤BDD8517
14485,粤BDD8521
14486,粤BDD8542
14487,粤BDD8576
14488,粤BDD8597
14489,粤BDD8603
14490,粤BDD8605
14491,粤BDD8606
14492,粤BDD8609
14493,粤BDD8611
14494,粤BDD8613
14495,粤BDD8657
14496,粤BDD8662
14497,粤BDD8667
14498,粤BDD8686
14499,粤BDD8699
14500,粤BDD8710
14501,粤BDD8739
14502,粤BDD8742
14503,粤BDD8748
14504,粤BDD8751
14505,粤BDD8752
14506,粤BDD8761
14507,粤BDD8765
14508,粤BDD8867
14509,粤BDD8905
14510,粤BDD8906
14511,粤BDD8913
14512,粤BDD8921
14513,粤BDD8923
14514,粤BDD8925
14515,粤BDD8942
14516,粤BDD8953
14517,粤BDD8957
14518,粤BDD8958
14519,粤BDD8975
14520,粤BDD9048
14521,粤BDD9076
14522,粤BDD9101
14523,粤BDD9117
14524,粤BDD9120
14525,粤BDD9129
14526,粤BDD9132
14527,粤BDD9146
14528,粤BDD9155
14529,粤BDD9157
14530,粤BDD9166
14531,粤BDD9172
14532,粤BDD9175
14533,粤BDD9176
14534,粤BDD9179
14535,粤BDD9182
14536,粤BDD9186
14537,粤BDD9211
14538,粤BDD9227
14539,粤BDD9231
14540,粤BDD9245
14541,粤BDD9248
14542,粤BDD9252
14543,粤BDD9261
14544,粤BDD9272
14545,粤BDD9276
14546,粤BDD9303
14547,粤BDD9316
14548,粤BDD9328
14549,粤BDD9329
14550,粤BDD9332
14551,粤BDD9335
14552,粤BDD9351
14553,粤BDD9355
14554,粤BDD9356
14555,粤BDD9362
14556,粤BDD9363
14557,粤BDD9376
14558,粤BDD9379
14559,粤BDD9382
14560,粤BDD9390
14561,粤BDD9448
14562,粤BDD9475
14563,粤BDD9478
14564,粤BDD9496
14565,粤BDD9508
14566,粤BDD9509
14567,粤BDD9512
14568,粤BDD9517
14569,粤BDD9521
14570,粤BDD9523
14571,粤BDD9525
14572,粤BDD9528
14573,粤BDD9529
14574,粤BDD9532
14575,粤BDD9533
14576,粤BDD9536
14577,粤BDD9548
14578,粤BDD9555
14579,粤BDD9559
14580,粤BDD9560
14581,粤BDD9563
14582,粤BDD9566
14583,粤BDD9570
14584,粤BDD9575
14585,粤BDD9576
14586,粤BDD9580
14587,粤BDD9590
14588,粤BDD9592
14589,粤BDD9595
14590,粤BDD9596
14591,粤BDD9599
14592,粤BDD9602
14593,粤BDD9606
14594,粤BDD9610
14595,粤BDD9611
14596,粤BDD9632
14597,粤BDD9635
14598,粤BDD9639
14599,粤BDD9646
14600,粤BDD9650
14601,粤BDD9659
14602,粤BDD9670
14603,粤BDD9691
14604,粤BDD9695
14605,粤BDD9701
14606,粤BDD9702
14607,粤BDD9709
14608,粤BDD9712
14609,粤BDD9716
14610,粤BDD9717
14611,粤BDD9721
14612,粤BDD9730
14613,粤BDD9731
14614,粤BDD9732
14615,粤BDD9737
14616,粤BDD9739
14617,粤BDD9750
14618,粤BDD9751
14619,粤BDD9755
14620,粤BDD9756
14621,粤BDD9758
14622,粤BDD9759
14623,粤BDD9761
14624,粤BDD9765
14625,粤BDD9772
14626,粤BDD9780
14627,粤BDD9783
14628,粤BDD9792
14629,粤BDD9796
14630,粤BDD9797
14631,粤BDD9808
14632,粤BDD9812
14633,粤BDD9817
14634,粤BDD9826
14635,粤BDD9830
14636,粤BDD9832
14637,粤BDD9836
14638,粤BDD9837
14639,粤BDD9843
14640,粤BDD9848
14641,粤BDD9852
14642,粤BDD9863
14643,粤BDD9871
14644,粤BDD9872
14645,粤BDD9876
14646,粤BDD9887
14647,粤BDD9892
14648,粤BDD9897
14649,粤BDE0113
14650,粤BDE0149
14651,粤BDE0150
14652,粤BDE0175
14653,粤BDE0200
14654,粤BDE0228
14655,粤BDE0238
14656,粤BDE0250
14657,粤BDE0272
14658,粤BDE0279
14659,粤BDE0285
14660,粤BDE0291
14661,粤BDE0295
14662,粤BDE0350
14663,粤BDE0352
14664,粤BDE0362
14665,粤BDE0372
14666,粤BDE0373
14667,粤BDE0387
14668,粤BDE0402
14669,粤BDE0425
14670,粤BDE0429
14671,粤BDE0436
14672,粤BDE0439
14673,粤BDE0440
14674,粤BDE0445
14675,粤BDE0446
14676,粤BDE0452
14677,粤BDE0461
14678,粤BDE0467
14679,粤BDE0482
14680,粤BDE0507
14681,粤BDE0531
14682,粤BDE0536
14683,粤BDE0557
14684,粤BDE0561
14685,粤BDE0570
14686,粤BDE0577
14687,粤BDE0592
14688,粤BDE0600
14689,粤BDE0601
14690,粤BDE0609
14691,粤BDE0611
14692,粤BDE0619
14693,粤BDE0627
14694,粤BDE0652
14695,粤BDE0660
14696,粤BDE0662
14697,粤BDE0663
14698,粤BDE0668
14699,粤BDE0671
14700,粤BDE0688
14701,粤BDE0691
14702,粤BDE0703
14703,粤BDE0705
14704,粤BDE0715
14705,粤BDE0717
14706,粤BDE0725
14707,粤BDE0733
14708,粤BDE0737
14709,粤BDE0747
14710,粤BDE0749
14711,粤BDE0757
14712,粤BDE0760
14713,粤BDE0762
14714,粤BDE0763
14715,粤BDE0767
14716,粤BDE0770
14717,粤BDE0771
14718,粤BDE0779
14719,粤BDE0781
14720,粤BDE0791
14721,粤BDE0842
14722,粤BDE0871
14723,粤BDE0877
14724,粤BDE0912
14725,粤BDE0917
14726,粤BDE0920
14727,粤BDE0925
14728,粤BDE0927
14729,粤BDE0930
14730,粤BDE0936
14731,粤BDE0956
14732,粤BDE0959
14733,粤BDE0961
14734,粤BDE0970
14735,粤BDE0983
14736,粤BDE0989
14737,粤BDE0990
14738,粤BDE1035
14739,粤BDE1039
14740,粤BDE1063
14741,粤BDE1082
14742,粤BDE1202
14743,粤BDE1217
14744,粤BDE1245
14745,粤BDE1257
14746,粤BDE1357
14747,粤BDE1395
14748,粤BDE1436
14749,粤BDE1452
14750,粤BDE1479
14751,粤BDE1485
14752,粤BDE1489
14753,粤BDE1498
14754,粤BDE1521
14755,粤BDE1526
14756,粤BDE1527
14757,粤BDE1548
14758,粤BDE1557
14759,粤BDE1702
14760,粤BDE1703
14761,粤BDE1706
14762,粤BDE1708
14763,粤BDE1709
14764,粤BDE1723
14765,粤BDE1725
14766,粤BDE1727
14767,粤BDE1731
14768,粤BDE1735
14769,粤BDE1736
14770,粤BDE1752
14771,粤BDE1758
14772,粤BDE1767
14773,粤BDE1769
14774,粤BDE1785
14775,粤BDE1792
14776,粤BDE1793
14777,粤BDE1795
14778,粤BDE1798
14779,粤BDE1802
14780,粤BDE1819
14781,粤BDE1830
14782,粤BDE1833
14783,粤BDE1842
14784,粤BDE1843
14785,粤BDE1846
14786,粤BDE1852
14787,粤BDE1870
14788,粤BDE1871
14789,粤BDE1949
14790,粤BDE2125
14791,粤BDE2199
14792,粤BDE2202
14793,粤BDE2203
14794,粤BDE2211
14795,粤BDE2223
14796,粤BDE2227
14797,粤BDE2235
14798,粤BDE2247
14799,粤BDE2257
14800,粤BDE2259
14801,粤BDE2267
14802,粤BDE2269
14803,粤BDE2275
14804,粤BDE2277
14805,粤BDE2282
14806,粤BDE2289
14807,粤BDE2292
14808,粤BDE2310
14809,粤BDE2315
14810,粤BDE2320
14811,粤BDE2330
14812,粤BDE2339
14813,粤BDE2340
14814,粤BDE2351
14815,粤BDE2352
14816,粤BDE2371
14817,粤BDE2372
14818,粤BDE2391
14819,粤BDE2392
14820,粤BDE2443
14821,粤BDE2476
14822,粤BDE2496
14823,粤BDE2499
14824,粤BDE2507
14825,粤BDE2512
14826,粤BDE2523
14827,粤BDE2532
14828,粤BDE2538
14829,粤BDE2560
14830,粤BDE2561
14831,粤BDE2562
14832,粤BDE2573
14833,粤BDE2587
14834,粤BDE2591
14835,粤BDE2592
14836,粤BDE2596
14837,粤BDE2946
14838,粤BDE3069
14839,粤BDE3102
14840,粤BDE3195
14841,粤BDE3208
14842,粤BDE3229
14843,粤BDE3230
14844,粤BDE3259
14845,粤BDE3377
14846,粤BDE3501
14847,粤BDE3506
14848,粤BDE3517
14849,粤BDE3527
14850,粤BDE3575
14851,粤BDE3577
14852,粤BDE3579
14853,粤BDE3641
14854,粤BDE3708
14855,粤BDE3719
14856,粤BDE3725
14857,粤BDE3767
14858,粤BDE3775
14859,粤BDE3779
14860,粤BDE3825
14861,粤BDE3859
14862,粤BDE3871
14863,粤BDE3902
14864,粤BDE3903
14865,粤BDE3911
14866,粤BDE3913
14867,粤BDE3925
14868,粤BDE3932
14869,粤BDE3935
14870,粤BDE3940
14871,粤BDE3971
14872,粤BDE3981
14873,粤BDE3983
14874,粤BDE4001
14875,粤BDE4006
14876,粤BDE4008
14877,粤BDE4010
14878,粤BDE4059
14879,粤BDE4062
14880,粤BDE4066
14881,粤BDE4080
14882,粤BDE4083
14883,粤BDE4086
14884,粤BDE4120
14885,粤BDE4125
14886,粤BDE4132
14887,粤BDE4138
14888,粤BDE4140
14889,粤BDE4145
14890,粤BDE4153
14891,粤BDE4155
14892,粤BDE4191
14893,粤BDE4201
14894,粤BDE4202
14895,粤BDE4205
14896,粤BDE4225
14897,粤BDE4236
14898,粤BDE4250
14899,粤BDE4252
14900,粤BDE4255
14901,粤BDE4260
14902,粤BDE4285
14903,粤BDE4289
14904,粤BDE4291
14905,粤BDE4316
14906,粤BDE4318
14907,粤BDE4332
14908,粤BDE4335
14909,粤BDE4351
14910,粤BDE4377
14911,粤BDE4379
14912,粤BDE4419
14913,粤BDE4439
14914,粤BDE4458
14915,粤BDE4468
14916,粤BDE4499
14917,粤BDE4520
14918,粤BDE4545
14919,粤BDE4561
14920,粤BDE4626
14921,粤BDE4649
14922,粤BDE4656
14923,粤BDE4665
14924,粤BDE4667
14925,粤BDE4679
14926,粤BDE4820
14927,粤BDE4839
14928,粤BDE4876
14929,粤BDE4882
14930,粤BDE4883
14931,粤BDE4899
14932,粤BDE4906
14933,粤BDE4909
14934,粤BDE4946
14935,粤BDE4953
14936,粤BDE4958
14937,粤BDE4960
14938,粤BDE4978
14939,粤BDE4979
14940,粤BDE4980
14941,粤BDE4993
14942,粤BDE4997
14943,粤BDE5017
14944,粤BDE5029
14945,粤BDE5030
14946,粤BDE5033
14947,粤BDE5035
14948,粤BDE5037
14949,粤BDE5040
14950,粤BDE5049
14951,粤BDE5050
14952,粤BDE5053
14953,粤BDE5055
14954,粤BDE5065
14955,粤BDE5066
14956,粤BDE5091
14957,粤BDE5096
14958,粤BDE5105
14959,粤BDE5112
14960,粤BDE5137
14961,粤BDE5179
14962,粤BDE5203
14963,粤BDE5206
14964,粤BDE5211
14965,粤BDE5230
14966,粤BDE5240
14967,粤BDE5250
14968,粤BDE5251
14969,粤BDE5257
14970,粤BDE5259
14971,粤BDE5262
14972,粤BDE5269
14973,粤BDE5270
14974,粤BDE5275
14975,粤BDE5286
14976,粤BDE5297
14977,粤BDE5302
14978,粤BDE5307
14979,粤BDE5309
14980,粤BDE5311
14981,粤BDE5312
14982,粤BDE5317
14983,粤BDE5327
14984,粤BDE5328
14985,粤BDE5338
14986,粤BDE5347
14987,粤BDE5352
14988,粤BDE5357
14989,粤BDE5360
14990,粤BDE5365
14991,粤BDE5388
14992,粤BDE5391
14993,粤BDE5392
14994,粤BDE5397
14995,粤BDE5421
14996,粤BDE5479
14997,粤BDE5480
14998,粤BDE5495
14999,粤BDE5507
15000,粤BDE5537
15001,粤BDE5542
15002,粤BDE5545
15003,粤BDE5579
15004,粤BDE5587
15005,粤BDE5597
15006,粤BDE5600
15007,粤BDE5602
15008,粤BDE5603
15009,粤BDE5607
15010,粤BDE5615
15011,粤BDE5617
15012,粤BDE5637
15013,粤BDE5640
15014,粤BDE5646
15015,粤BDE5648
15016,粤BDE5650
15017,粤BDE5655
15018,粤BDE5657
15019,粤BDE5669
15020,粤BDE5675
15021,粤BDE5687
15022,粤BDE5695
15023,粤BDE5699
15024,粤BDE5729
15025,粤BDE5771
15026,粤BDE5902
15027,粤BDE5925
15028,粤BDE5927
15029,粤BDE5949
15030,粤BDE5961
15031,粤BDE6015
15032,粤BDE6023
15033,粤BDE6077
15034,粤BDE6101
15035,粤BDE6102
15036,粤BDE6117
15037,粤BDE6120
15038,粤BDE6132
15039,粤BDE6159
15040,粤BDE6175
15041,粤BDE6176
15042,粤BDE6187
15043,粤BDE6195
15044,粤BDE6197
15045,粤BDE6305
15046,粤BDE6319
15047,粤BDE6340
15048,粤BDE6345
15049,粤BDE6351
15050,粤BDE6371
15051,粤BDE6379
15052,粤BDE6402
15053,粤BDE6421
15054,粤BDE6428
15055,粤BDE6442
15056,粤BDE6452
15057,粤BDE6468
15058,粤BDE6478
15059,粤BDE6485
15060,粤BDE6500
15061,粤BDE6507
15062,粤BDE6509
15063,粤BDE6519
15064,粤BDE6532
15065,粤BDE6535
15066,粤BDE6537
15067,粤BDE6538
15068,粤BDE6540
15069,粤BDE6562
15070,粤BDE6569
15071,粤BDE6570
15072,粤BDE6575
15073,粤BDE6579
15074,粤BDE6580
15075,粤BDE6596
15076,粤BDE6642
15077,粤BDE6646
15078,粤BDE6700
15079,粤BDE6706
15080,粤BDE6709
15081,粤BDE6710
15082,粤BDE6716
15083,粤BDE6719
15084,粤BDE6721
15085,粤BDE6733
15086,粤BDE6735
15087,粤BDE6739
15088,粤BDE6740
15089,粤BDE6758
15090,粤BDE6759
15091,粤BDE6761
15092,粤BDE6765
15093,粤BDE6768
15094,粤BDE6770
15095,粤BDE6772
15096,粤BDE6776
15097,粤BDE6777
15098,粤BDE6786
15099,粤BDE6787
15100,粤BDE6790
15101,粤BDE6793
15102,粤BDE6795
15103,粤BDE6849
15104,粤BDE7012
15105,粤BDE7016
15106,粤BDE7017
15107,粤BDE7022
15108,粤BDE7037
15109,粤BDE7038
15110,粤BDE7046
15111,粤BDE7050
15112,粤BDE7052
15113,粤BDE7071
15114,粤BDE7075
15115,粤BDE7078
15116,粤BDE7083
15117,粤BDE7130
15118,粤BDE7202
15119,粤BDE7211
15120,粤BDE7221
15121,粤BDE7225
15122,粤BDE7226
15123,粤BDE7237
15124,粤BDE7255
15125,粤BDE7259
15126,粤BDE7260
15127,粤BDE7290
15128,粤BDE7295
15129,粤BDE7296
15130,粤BDE7299
15131,粤BDE7300
15132,粤BDE7316
15133,粤BDE7318
15134,粤BDE7319
15135,粤BDE7322
15136,粤BDE7323
15137,粤BDE7326
15138,粤BDE7327
15139,粤BDE7330
15140,粤BDE7331
15141,粤BDE7352
15142,粤BDE7355
15143,粤BDE7360
15144,粤BDE7365
15145,粤BDE7368
15146,粤BDE7369
15147,粤BDE7375
15148,粤BDE7381
15149,粤BDE7393
15150,粤BDE7395
15151,粤BDE7396
15152,粤BDE7418
15153,粤BDE7437
15154,粤BDE7441
15155,粤BDE7466
15156,粤BDE7468
15157,粤BDE7469
15158,粤BDE7509
15159,粤BDE7511
15160,粤BDE7519
15161,粤BDE7526
15162,粤BDE7528
15163,粤BDE7537
15164,粤BDE7555
15165,粤BDE7563
15166,粤BDE7565
15167,粤BDE7580
15168,粤BDE7581
15169,粤BDE7583
15170,粤BDE7590
15171,粤BDE7591
15172,粤BDE7596
15173,粤BDE7598
15174,粤BDE7675
15175,粤BDE7685
15176,粤BDE7806
15177,粤BDE7825
15178,粤BDE7826
15179,粤BDE7835
15180,粤BDE7853
15181,粤BDE7863
15182,粤BDE7872
15183,粤BDE7876
15184,粤BDE7887
15185,粤BDE7915
15186,粤BDE7925
15187,粤BDE7926
15188,粤BDE7952
15189,粤BDE7985
15190,粤BDE8037
15191,粤BDE8053
15192,粤BDE8073
15193,粤BDE8077
15194,粤BDE8079
15195,粤BDE8097
15196,粤BDE8209
15197,粤BDE8236
15198,粤BDE8257
15199,粤BDE8278
15200,粤BDE8295
15201,粤BDE8317
15202,粤BDE8365
15203,粤BDE8379
15204,粤BDE8405
15205,粤BDE8409
15206,粤BDE8432
15207,粤BDE8438
15208,粤BDE8447
15209,粤BDE8448
15210,粤BDE8458
15211,粤BDE8463
15212,粤BDE8481
15213,粤BDE8485
15214,粤BDE8489
15215,粤BDE8491
15216,粤BDE8492
15217,粤BDE8493
15218,粤BDE8597
15219,粤BDE8621
15220,粤BDE8937
15221,粤BDE8975
15222,粤BDE9001
15223,粤BDE9002
15224,粤BDE9009
15225,粤BDE9018
15226,粤BDE9019
15227,粤BDE9022
15228,粤BDE9066
15229,粤BDE9069
15230,粤BDE9082
15231,粤BDE9085
15232,粤BDE9088
15233,粤BDE9090
15234,粤BDE9096
15235,粤BDE9097
15236,粤BDE9099
15237,粤BDE9211
15238,粤BDE9221
15239,粤BDE9230
15240,粤BDE9239
15241,粤BDE9245
15242,粤BDE9248
15243,粤BDE9257
15244,粤BDE9282
15245,粤BDE9292
15246,粤BDE9302
15247,粤BDE9305
15248,粤BDE9323
15249,粤BDE9332
15250,粤BDE9336
15251,粤BDE9337
15252,粤BDE9339
15253,粤BDE9352
15254,粤BDE9358
15255,粤BDE9360
15256,粤BDE9366
15257,粤BDE9369
15258,粤BDE9373
15259,粤BDE9377
15260,粤BDE9378
15261,粤BDE9381
15262,粤BDE9386
15263,粤BDE9389
15264,粤BDE9390
15265,粤BDE9401
15266,粤BDE9446
15267,粤BDE9450
15268,粤BDE9453
15269,粤BDE9459
15270,粤BDE9460
15271,粤BDE9461
15272,粤BDE9479
15273,粤BDE9482
15274,粤BDE9491
15275,粤BDE9496
15276,粤BDE9516
15277,粤BDE9520
15278,粤BDE9547
15279,粤BDE9583
15280,粤BDE9646
15281,粤BDE9679
15282,粤BDE9705
15283,粤BDE9707
15284,粤BDE9709
15285,粤BDE9715
15286,粤BDE9730
15287,粤BDE9731
15288,粤BDE9732
15289,粤BDE9790
15290,粤BDE9907
15291,粤BDE9945
15292,粤BDE9962
15293,粤BDE9982
15294,粤BDF0031
15295,粤BDF0046
15296,粤BDF0057
15297,粤BDF0082
15298,粤BDF0100
15299,粤BDF0130
15300,粤BDF0160
15301,粤BDF0165
15302,粤BDF0167
15303,粤BDF0192
15304,粤BDF0231
15305,粤BDF0285
15306,粤BDF0290
15307,粤BDF0302
15308,粤BDF0320
15309,粤BDF0326
15310,粤BDF0346
15311,粤BDF0367
15312,粤BDF0369
15313,粤BDF0420
15314,粤BDF0430
15315,粤BDF0439
15316,粤BDF0453
15317,粤BDF0465
15318,粤BDF0502
15319,粤BDF0511
15320,粤BDF0571
15321,粤BDF0578
15322,粤BDF0587
15323,粤BDF0677
15324,粤BDF0703
15325,粤BDF0710
15326,粤BDF0711
15327,粤BDF0729
15328,粤BDF0732
15329,粤BDF0738
15330,粤BDF0755
15331,粤BDF0756
15332,粤BDF0771
15333,粤BDF0775
15334,粤BDF0785
15335,粤BDF0791
15336,粤BDF0810
15337,粤BDF0827
15338,粤BDF0852
15339,粤BDF0857
15340,粤BDF0860
15341,粤BDF0863
15342,粤BDF0867
15343,粤BDF0872
15344,粤BDF0875
15345,粤BDF0887
15346,粤BDF0896
15347,粤BDF0920
15348,粤BDF0963
15349,粤BDF0972
15350,粤BDF0978
15351,粤BDF1020
15352,粤BDF1032
15353,粤BDF1036
15354,粤BDF1052
15355,粤BDF1059
15356,粤BDF1075
15357,粤BDF1076
15358,粤BDF1081
15359,粤BDF1110
15360,粤BDF1123
15361,粤BDF1145
15362,粤BDF1172
15363,粤BDF1179
15364,粤BDF1187
15365,粤BDF1221
15366,粤BDF1225
15367,粤BDF1228
15368,粤BDF1229
15369,粤BDF1233
15370,粤BDF1251
15371,粤BDF1252
15372,粤BDF1258
15373,粤BDF1260
15374,粤BDF1266
15375,粤BDF1267
15376,粤BDF1268
15377,粤BDF1272
15378,粤BDF1273
15379,粤BDF1275
15380,粤BDF1279
15381,粤BDF1280
15382,粤BDF1282
15383,粤BDF1283
15384,粤BDF1288
15385,粤BDF1289
15386,粤BDF1291
15387,粤BDF1292
15388,粤BDF1298
15389,粤BDF1299
15390,粤BDF1425
15391,粤BDF1480
15392,粤BDF1501
15393,粤BDF1510
15394,粤BDF1521
15395,粤BDF1526
15396,粤BDF1530
15397,粤BDF1536
15398,粤BDF1545
15399,粤BDF1557
15400,粤BDF1558
15401,粤BDF1565
15402,粤BDF1576
15403,粤BDF1577
15404,粤BDF1589
15405,粤BDF1590
15406,粤BDF1599
15407,粤BDF1635
15408,粤BDF1637
15409,粤BDF1670
15410,粤BDF1690
15411,粤BDF1692
15412,粤BDF1697
15413,粤BDF1706
15414,粤BDF1720
15415,粤BDF1762
15416,粤BDF1775
15417,粤BDF1776
15418,粤BDF1780
15419,粤BDF1791
15420,粤BDF1837
15421,粤BDF1875
15422,粤BDF1911
15423,粤BDF1913
15424,粤BDF1920
15425,粤BDF1952
15426,粤BDF1969
15427,粤BDF1971
15428,粤BDF2003
15429,粤BDF2025
15430,粤BDF2040
15431,粤BDF2067
15432,粤BDF2070
15433,粤BDF2081
15434,粤BDF2102
15435,粤BDF2115
15436,粤BDF2123
15437,粤BDF2125
15438,粤BDF2145
15439,粤BDF2152
15440,粤BDF2171
15441,粤BDF2177
15442,粤BDF2179
15443,粤BDF2182
15444,粤BDF2201
15445,粤BDF2206
15446,粤BDF2207
15447,粤BDF2216
15448,粤BDF2235
15449,粤BDF2237
15450,粤BDF2267
15451,粤BDF2270
15452,粤BDF2271
15453,粤BDF2272
15454,粤BDF2275
15455,粤BDF2276
15456,粤BDF2279
15457,粤BDF2291
15458,粤BDF2297
15459,粤BDF2309
15460,粤BDF2310
15461,粤BDF2367
15462,粤BDF2387
15463,粤BDF2390
15464,粤BDF2412
15465,粤BDF2421
15466,粤BDF2426
15467,粤BDF2427
15468,粤BDF2435
15469,粤BDF2469
15470,粤BDF2493
15471,粤BDF2501
15472,粤BDF2505
15473,粤BDF2515
15474,粤BDF2527
15475,粤BDF2531
15476,粤BDF2533
15477,粤BDF2537
15478,粤BDF2561
15479,粤BDF2573
15480,粤BDF2577
15481,粤BDF2578
15482,粤BDF2579
15483,粤BDF2580
15484,粤BDF2582
15485,粤BDF2586
15486,粤BDF2587
15487,粤BDF2599
15488,粤BDF2709
15489,粤BDF2710
15490,粤BDF2718
15491,粤BDF2720
15492,粤BDF2748
15493,粤BDF2760
15494,粤BDF2765
15495,粤BDF2786
15496,粤BDF2790
15497,粤BDF2827
15498,粤BDF2859
15499,粤BDF2897
15500,粤BDF2902
15501,粤BDF2905
15502,粤BDF2907
15503,粤BDF2915
15504,粤BDF2927
15505,粤BDF2937
15506,粤BDF2965
15507,粤BDF2976
15508,粤BDF2979
15509,粤BDF3039
15510,粤BDF3056
15511,粤BDF3057
15512,粤BDF3067
15513,粤BDF3069
15514,粤BDF3077
15515,粤BDF3087
15516,粤BDF3100
15517,粤BDF3102
15518,粤BDF3109
15519,粤BDF3110
15520,粤BDF3115
15521,粤BDF3117
15522,粤BDF3119
15523,粤BDF3121
15524,粤BDF3126
15525,粤BDF3129
15526,粤BDF3130
15527,粤BDF3139
15528,粤BDF3156
15529,粤BDF3157
15530,粤BDF3160
15531,粤BDF3161
15532,粤BDF3166
15533,粤BDF3167
15534,粤BDF3168
15535,粤BDF3178
15536,粤BDF3179
15537,粤BDF3180
15538,粤BDF3185
15539,粤BDF3187
15540,粤BDF3188
15541,粤BDF3189
15542,粤BDF3195
15543,粤BDF3197
15544,粤BDF3206
15545,粤BDF3226
15546,粤BDF3230
15547,粤BDF3251
15548,粤BDF3257
15549,粤BDF3267
15550,粤BDF3269
15551,粤BDF3272
15552,粤BDF3291
15553,粤BDF3405
15554,粤BDF3420
15555,粤BDF3429
15556,粤BDF3431
15557,粤BDF3432
15558,粤BDF3485
15559,粤BDF3507
15560,粤BDF3527
15561,粤BDF3537
15562,粤BDF3540
15563,粤BDF3548
15564,粤BDF3589
15565,粤BDF3593
15566,粤BDF3626
15567,粤BDF3657
15568,粤BDF3659
15569,粤BDF3675
15570,粤BDF3676
15571,粤BDF3692
15572,粤BDF3702
15573,粤BDF3705
15574,粤BDF3709
15575,粤BDF3752
15576,粤BDF3762
15577,粤BDF3767
15578,粤BDF3769
15579,粤BDF3770
15580,粤BDF3779
15581,粤BDF3781
15582,粤BDF3805
15583,粤BDF3816
15584,粤BDF3817
15585,粤BDF3819
15586,粤BDF3826
15587,粤BDF3827
15588,粤BDF3829
15589,粤BDF3839
15590,粤BDF3867
15591,粤BDF3870
15592,粤BDF4006
15593,粤BDF4021
15594,粤BDF4027
15595,粤BDF4032
15596,粤BDF4039
15597,粤BDF4075
15598,粤BDF4081
15599,粤BDF4091
15600,粤BDF4095
15601,粤BDF4101
15602,粤BDF4109
15603,粤BDF4126
15604,粤BDF4131
15605,粤BDF4135
15606,粤BDF4136
15607,粤BDF4138
15608,粤BDF4156
15609,粤BDF4162
15610,粤BDF4170
15611,粤BDF4175
15612,粤BDF4181
15613,粤BDF4195
15614,粤BDF4210
15615,粤BDF4238
15616,粤BDF4270
15617,粤BDF4275
15618,粤BDF4278
15619,粤BDF4296
15620,粤BDF4305
15621,粤BDF4306
15622,粤BDF4326
15623,粤BDF4328
15624,粤BDF4329
15625,粤BDF4331
15626,粤BDF4341
15627,粤BDF4353
15628,粤BDF4361
15629,粤BDF4366
15630,粤BDF4369
15631,粤BDF4371
15632,粤BDF4373
15633,粤BDF4388
15634,粤BDF4390
15635,粤BDF4398
15636,粤BDF4428
15637,粤BDF4439
15638,粤BDF4498
15639,粤BDF4702
15640,粤BDF4705
15641,粤BDF4725
15642,粤BDF4730
15643,粤BDF4736
15644,粤BDF4738
15645,粤BDF4748
15646,粤BDF4759
15647,粤BDF4765
15648,粤BDF4769
15649,粤BDF4791
15650,粤BDF4792
15651,粤BDF4797
15652,粤BDF4799
15653,粤BDF4801
15654,粤BDF4818
15655,粤BDF4836
15656,粤BDF4850
15657,粤BDF4885
15658,粤BDF5026
15659,粤BDF5033
15660,粤BDF5039
15661,粤BDF5062
15662,粤BDF5066
15663,粤BDF5077
15664,粤BDF5117
15665,粤BDF5172
15666,粤BDF5189
15667,粤BDF5209
15668,粤BDF5267
15669,粤BDF5285
15670,粤BDF5290
15671,粤BDF5302
15672,粤BDF5303
15673,粤BDF5312
15674,粤BDF5332
15675,粤BDF5375
15676,粤BDF5377
15677,粤BDF5391
15678,粤BDF5433
15679,粤BDF5467
15680,粤BDF5470
15681,粤BDF5472
15682,粤BDF5537
15683,粤BDF5542
15684,粤BDF5617
15685,粤BDF5626
15686,粤BDF5632
15687,粤BDF5643
15688,粤BDF5903
15689,粤BDF5911
15690,粤BDF5912
15691,粤BDF5935
15692,粤BDF5948
15693,粤BDF5971
15694,粤BDF5976
15695,粤BDF5978
15696,粤BDF6022
15697,粤BDF6027
15698,粤BDF6048
15699,粤BDF6052
15700,粤BDF6069
15701,粤BDF6071
15702,粤BDF6073
15703,粤BDF6075
15704,粤BDF6079
15705,粤BDF6080
15706,粤BDF6122
15707,粤BDF6145
15708,粤BDF6150
15709,粤BDF6165
15710,粤BDF6170
15711,粤BDF6175
15712,粤BDF6202
15713,粤BDF6203
15714,粤BDF6210
15715,粤BDF6227
15716,粤BDF6228
15717,粤BDF6250
15718,粤BDF6253
15719,粤BDF6262
15720,粤BDF6271
15721,粤BDF6273
15722,粤BDF6295
15723,粤BDF6400
15724,粤BDF6408
15725,粤BDF6429
15726,粤BDF6430
15727,粤BDF6432
15728,粤BDF6438
15729,粤BDF6446
15730,粤BDF6457
15731,粤BDF6468
15732,粤BDF6591
15733,粤BDF6651
15734,粤BDF6700
15735,粤BDF6701
15736,粤BDF6702
15737,粤BDF6706
15738,粤BDF6707
15739,粤BDF6709
15740,粤BDF6715
15741,粤BDF6716
15742,粤BDF6720
15743,粤BDF6722
15744,粤BDF6726
15745,粤BDF6727
15746,粤BDF6728
15747,粤BDF6729
15748,粤BDF6736
15749,粤BDF6740
15750,粤BDF6742
15751,粤BDF6745
15752,粤BDF6750
15753,粤BDF6755
15754,粤BDF6756
15755,粤BDF6757
15756,粤BDF6759
15757,粤BDF6761
15758,粤BDF6765
15759,粤BDF6768
15760,粤BDF6769
15761,粤BDF6780
15762,粤BDF6781
15763,粤BDF6783
15764,粤BDF6787
15765,粤BDF6789
15766,粤BDF6791
15767,粤BDF6792
15768,粤BDF6795
15769,粤BDF6797
15770,粤BDF6799
15771,粤BDF6830
15772,粤BDF6835
15773,粤BDF6837
15774,粤BDF6846
15775,粤BDF6849
15776,粤BDF6853
15777,粤BDF6862
15778,粤BDF6865
15779,粤BDF6869
15780,粤BDF6870
15781,粤BDF6881
15782,粤BDF6883
15783,粤BDF6897
15784,粤BDF6901
15785,粤BDF6917
15786,粤BDF6926
15787,粤BDF6927
15788,粤BDF6937
15789,粤BDF6949
15790,粤BDF6978
15791,粤BDF6987
15792,粤BDF7025
15793,粤BDF7031
15794,粤BDF7035
15795,粤BDF7049
15796,粤BDF7057
15797,粤BDF7067
15798,粤BDF7069
15799,粤BDF7081
15800,粤BDF7085
15801,粤BDF7087
15802,粤BDF7100
15803,粤BDF7102
15804,粤BDF7103
15805,粤BDF7106
15806,粤BDF7109
15807,粤BDF7111
15808,粤BDF7113
15809,粤BDF7117
15810,粤BDF7121
15811,粤BDF7122
15812,粤BDF7129
15813,粤BDF7132
15814,粤BDF7135
15815,粤BDF7137
15816,粤BDF7155
15817,粤BDF7166
15818,粤BDF7168
15819,粤BDF7169
15820,粤BDF7180
15821,粤BDF7182
15822,粤BDF7186
15823,粤BDF7187
15824,粤BDF7188
15825,粤BDF7189
15826,粤BDF7198
15827,粤BDF7199
15828,粤BDF7305
15829,粤BDF7309
15830,粤BDF7315
15831,粤BDF7323
15832,粤BDF7328
15833,粤BDF7332
15834,粤BDF7350
15835,粤BDF7351
15836,粤BDF7355
15837,粤BDF7358
15838,粤BDF7362
15839,粤BDF7365
15840,粤BDF7379
15841,粤BDF7383
15842,粤BDF7385
15843,粤BDF7397
15844,粤BDF7436
15845,粤BDF7441
15846,粤BDF7469
15847,粤BDF7470
15848,粤BDF7478
15849,粤BDF7497
15850,粤BDF7503
15851,粤BDF7613
15852,粤BDF7621
15853,粤BDF7625
15854,粤BDF7633
15855,粤BDF7646
15856,粤BDF7651
15857,粤BDF7652
15858,粤BDF7659
15859,粤BDF7663
15860,粤BDF7680
15861,粤BDF7687
15862,粤BDF7715
15863,粤BDF7721
15864,粤BDF7726
15865,粤BDF7733
15866,粤BDF7738
15867,粤BDF7750
15868,粤BDF7768
15869,粤BDF7769
15870,粤BDF7795
15871,粤BDF7881
15872,粤BDF7907
15873,粤BDF7916
15874,粤BDF7937
15875,粤BDF7940
15876,粤BDF7950
15877,粤BDF7961
15878,粤BDF7965
15879,粤BDF7971
15880,粤BDF7983
15881,粤BDF7985
15882,粤BDF8016
15883,粤BDF8023
15884,粤BDF8027
15885,粤BDF8035
15886,粤BDF8036
15887,粤BDF8042
15888,粤BDF8051
15889,粤BDF8077
15890,粤BDF8117
15891,粤BDF8127
15892,粤BDF8145
15893,粤BDF8156
15894,粤BDF8167
15895,粤BDF8192
15896,粤BDF8195
15897,粤BDF8237
15898,粤BDF8346
15899,粤BDF8353
15900,粤BDF8379
15901,粤BDF8415
15902,粤BDF8418
15903,粤BDF8428
15904,粤BDF8440
15905,粤BDF8465
15906,粤BDF8466
15907,粤BDF8483
15908,粤BDF8486
15909,粤BDF8496
15910,粤BDF8499
15911,粤BDF8605
15912,粤BDF8631
15913,粤BDF8647
15914,粤BDF8673
15915,粤BDF8675
15916,粤BDF8705
15917,粤BDF8715
15918,粤BDF8721
15919,粤BDF8723
15920,粤BDF8725
15921,粤BDF8735
15922,粤BDF8736
15923,粤BDF8749
15924,粤BDF8763
15925,粤BDF8765
15926,粤BDF8785
15927,粤BDF8907
15928,粤BDF8967
15929,粤BDF9000
15930,粤BDF9005
15931,粤BDF9009
15932,粤BDF9015
15933,粤BDF9017
15934,粤BDF9018
15935,粤BDF9019
15936,粤BDF9020
15937,粤BDF9021
15938,粤BDF9029
15939,粤BDF9033
15940,粤BDF9056
15941,粤BDF9058
15942,粤BDF9065
15943,粤BDF9067
15944,粤BDF9068
15945,粤BDF9069
15946,粤BDF9078
15947,粤BDF9079
15948,粤BDF9080
15949,粤BDF9086
15950,粤BDF9090
15951,粤BDF9091
15952,粤BDF9092
15953,粤BDF9098
15954,粤BDF9100
15955,粤BDF9102
15956,粤BDF9109
15957,粤BDF9110
15958,粤BDF9115
15959,粤BDF9117
15960,粤BDF9120
15961,粤BDF9121
15962,粤BDF9125
15963,粤BDF9126
15964,粤BDF9128
15965,粤BDF9140
15966,粤BDF9151
15967,粤BDF9152
15968,粤BDF9156
15969,粤BDF9157
15970,粤BDF9158
15971,粤BDF9160
15972,粤BDF9161
15973,粤BDF9162
15974,粤BDF9165
15975,粤BDF9168
15976,粤BDF9171
15977,粤BDF9173
15978,粤BDF9176
15979,粤BDF9177
15980,粤BDF9178
15981,粤BDF9182
15982,粤BDF9186
15983,粤BDF9187
15984,粤BDF9192
15985,粤BDF9193
15986,粤BDF9207
15987,粤BDF9211
15988,粤BDF9221
15989,粤BDF9223
15990,粤BDF9230
15991,粤BDF9245
15992,粤BDF9249
15993,粤BDF9259
15994,粤BDF9290
15995,粤BDF9353
15996,粤BDF9357
15997,粤BDF9367
15998,粤BDF9371
15999,粤BDF9391
16000,粤BDF9403
16001,粤BDF9416
16002,粤BDF9426
16003,粤BDF9427
16004,粤BDF9433
16005,粤BDF9446
16006,粤BDF9449
16007,粤BDF9459
16008,粤BDF9473
16009,粤BDF9491
16010,粤BDF9501
16011,粤BDF9535
16012,粤BDF9557
16013,粤BDF9560
16014,粤BDF9562
16015,粤BDF9571
16016,粤BDF9577
16017,粤BDF9583
16018,粤BDF9597
16019,粤BDF9629
16020,粤BDF9802
16021,粤BDF9805
16022,粤BDF9807
16023,粤BDF9812
16024,粤BDF9820
16025,粤BDF9835
16026,粤BDF9857
16027,粤BDF9872
16028,粤BDF9875
16029,粤BDF9938
16030,粤BDG0097
16031,粤BDG0106
16032,粤BDG0107
16033,粤BDG0109
16034,粤BDG0128
16035,粤BDG0129
16036,粤BDG0132
16037,粤BDG0135
16038,粤BDG0155
16039,粤BDG0157
16040,粤BDG0158
16041,粤BDG0160
16042,粤BDG0161
16043,粤BDG0169
16044,粤BDG0182
16045,粤BDG0183
16046,粤BDG0193
16047,粤BDG0202
16048,粤BDG0203
16049,粤BDG0206
16050,粤BDG0218
16051,粤BDG0219
16052,粤BDG0226
16053,粤BDG0229
16054,粤BDG0232
16055,粤BDG0238
16056,粤BDG0239
16057,粤BDG0243
16058,粤BDG0249
16059,粤BDG0259
16060,粤BDG0260
16061,粤BDG0278
16062,粤BDG0280
16063,粤BDG0281
16064,粤BDG0286
16065,粤BDG0288
16066,粤BDG0289
16067,粤BDG0299
16068,粤BDG0301
16069,粤BDG0317
16070,粤BDG0318
16071,粤BDG0331
16072,粤BDG0363
16073,粤BDG0378
16074,粤BDG0399
16075,粤BDG0401
16076,粤BDG0427
16077,粤BDG0460
16078,粤BDG0465
16079,粤BDG0503
16080,粤BDG0607
16081,粤BDG0615
16082,粤BDG0636
16083,粤BDG0656
16084,粤BDG0702
16085,粤BDG0705
16086,粤BDG0709
16087,粤BDG0713
16088,粤BDG0715
16089,粤BDG0718
16090,粤BDG0719
16091,粤BDG0721
16092,粤BDG0725
16093,粤BDG0729
16094,粤BDG0735
16095,粤BDG0750
16096,粤BDG0751
16097,粤BDG0761
16098,粤BDG0765
16099,粤BDG0767
16100,粤BDG0771
16101,粤BDG0776
16102,粤BDG0782
16103,粤BDG0785
16104,粤BDG0787
16105,粤BDG0790
16106,粤BDG0791
16107,粤BDG0812
16108,粤BDG0826
16109,粤BDG0851
16110,粤BDG0893
16111,粤BDG0906
16112,粤BDG0907
16113,粤BDG0956
16114,粤BDG0957
16115,粤BDG0958
16116,粤BDG0975
16117,粤BDG0979
16118,粤BDG0991
16119,粤BDG0992
16120,粤BDG0995
16121,粤BDG1013
16122,粤BDG1029
16123,粤BDG1048
16124,粤BDG1145
16125,粤BDG1187
16126,粤BDG1288
16127,粤BDG1309
16128,粤BDG1381
16129,粤BDG1411
16130,粤BDG1459
16131,粤BDG1497
16132,粤BDG1502
16133,粤BDG1518
16134,粤BDG1522
16135,粤BDG1557
16136,粤BDG1583
16137,粤BDG1612
16138,粤BDG1627
16139,粤BDG1667
16140,粤BDG1697
16141,粤BDG1703
16142,粤BDG1705
16143,粤BDG1709
16144,粤BDG1739
16145,粤BDG1757
16146,粤BDG1769
16147,粤BDG1773
16148,粤BDG1783
16149,粤BDG1830
16150,粤BDG1855
16151,粤BDG1858
16152,粤BDG1859
16153,粤BDG1877
16154,粤BDG2002
16155,粤BDG2005
16156,粤BDG2006
16157,粤BDG2011
16158,粤BDG2015
16159,粤BDG2016
16160,粤BDG2018
16161,粤BDG2019
16162,粤BDG2020
16163,粤BDG2023
16164,粤BDG2027
16165,粤BDG2031
16166,粤BDG2032
16167,粤BDG2035
16168,粤BDG2036
16169,粤BDG2037
16170,粤BDG2038
16171,粤BDG2039
16172,粤BDG2042
16173,粤BDG2050
16174,粤BDG2051
16175,粤BDG2052
16176,粤BDG2055
16177,粤BDG2057
16178,粤BDG2058
16179,粤BDG2060
16180,粤BDG2061
16181,粤BDG2062
16182,粤BDG2065
16183,粤BDG2067
16184,粤BDG2068
16185,粤BDG2069
16186,粤BDG2071
16187,粤BDG2072
16188,粤BDG2073
16189,粤BDG2075
16190,粤BDG2078
16191,粤BDG2079
16192,粤BDG2080
16193,粤BDG2081
16194,粤BDG2083
16195,粤BDG2085
16196,粤BDG2086
16197,粤BDG2091
16198,粤BDG2092
16199,粤BDG2095
16200,粤BDG2096
16201,粤BDG2097
16202,粤BDG2102
16203,粤BDG2127
16204,粤BDG2172
16205,粤BDG2185
16206,粤BDG2203
16207,粤BDG2262
16208,粤BDG2267
16209,粤BDG2367
16210,粤BDG2395
16211,粤BDG2400
16212,粤BDG2419
16213,粤BDG2500
16214,粤BDG2573
16215,粤BDG2613
16216,粤BDG2615
16217,粤BDG2635
16218,粤BDG2653
16219,粤BDG2701
16220,粤BDG2707
16221,粤BDG2709
16222,粤BDG2710
16223,粤BDG2711
16224,粤BDG2716
16225,粤BDG2720
16226,粤BDG2721
16227,粤BDG2723
16228,粤BDG2727
16229,粤BDG2730
16230,粤BDG2731
16231,粤BDG2745
16232,粤BDG2750
16233,粤BDG2759
16234,粤BDG2760
16235,粤BDG2767
16236,粤BDG2769
16237,粤BDG2770
16238,粤BDG2779
16239,粤BDG2781
16240,粤BDG2787
16241,粤BDG2788
16242,粤BDG2791
16243,粤BDG2795
16244,粤BDG2796
16245,粤BDG2798
16246,粤BDG2805
16247,粤BDG2807
16248,粤BDG2813
16249,粤BDG2821
16250,粤BDG2823
16251,粤BDG2825
16252,粤BDG2831
16253,粤BDG2835
16254,粤BDG2852
16255,粤BDG2853
16256,粤BDG2858
16257,粤BDG2865
16258,粤BDG2867
16259,粤BDG2870
16260,粤BDG2872
16261,粤BDG2876
16262,粤BDG2878
16263,粤BDG2879
16264,粤BDG2891
16265,粤BDG2902
16266,粤BDG2905
16267,粤BDG2918
16268,粤BDG2925
16269,粤BDG2933
16270,粤BDG2937
16271,粤BDG2938
16272,粤BDG2952
16273,粤BDG2955
16274,粤BDG2967
16275,粤BDG2979
16276,粤BDG2980
16277,粤BDG2983
16278,粤BDG2987
16279,粤BDG2990
16280,粤BDG3026
16281,粤BDG3040
16282,粤BDG3058
16283,粤BDG3086
16284,粤BDG3098
16285,粤BDG3117
16286,粤BDG3120
16287,粤BDG3121
16288,粤BDG3125
16289,粤BDG3128
16290,粤BDG3130
16291,粤BDG3133
16292,粤BDG3156
16293,粤BDG3161
16294,粤BDG3169
16295,粤BDG3171
16296,粤BDG3173
16297,粤BDG3181
16298,粤BDG3195
16299,粤BDG3202
16300,粤BDG3205
16301,粤BDG3208
16302,粤BDG3209
16303,粤BDG3210
16304,粤BDG3211
16305,粤BDG3212
16306,粤BDG3213
16307,粤BDG3218
16308,粤BDG3221
16309,粤BDG3225
16310,粤BDG3229
16311,粤BDG3230
16312,粤BDG3231
16313,粤BDG3232
16314,粤BDG3235
16315,粤BDG3236
16316,粤BDG3238
16317,粤BDG3239
16318,粤BDG3248
16319,粤BDG3249
16320,粤BDG3250
16321,粤BDG3251
16322,粤BDG3253
16323,粤BDG3255
16324,粤BDG3258
16325,粤BDG3259
16326,粤BDG3260
16327,粤BDG3262
16328,粤BDG3266
16329,粤BDG3269
16330,粤BDG3270
16331,粤BDG3278
16332,粤BDG3280
16333,粤BDG3281
16334,粤BDG3282
16335,粤BDG3283
16336,粤BDG3286
16337,粤BDG3287
16338,粤BDG3288
16339,粤BDG3290
16340,粤BDG3292
16341,粤BDG3293
16342,粤BDG3295
16343,粤BDG3298
16344,粤BDG3299
16345,粤BDG3397
16346,粤BDG3409
16347,粤BDG3456
16348,粤BDG3482
16349,粤BDG3519
16350,粤BDG3520
16351,粤BDG3521
16352,粤BDG3527
16353,粤BDG3536
16354,粤BDG3566
16355,粤BDG3568
16356,粤BDG3583
16357,粤BDG3586
16358,粤BDG3599
16359,粤BDG3607
16360,粤BDG3672
16361,粤BDG3706
16362,粤BDG3721
16363,粤BDG3730
16364,粤BDG3777
16365,粤BDG3799
16366,粤BDG3813
16367,粤BDG3832
16368,粤BDG3837
16369,粤BDG3846
16370,粤BDG3863
16371,粤BDG3901
16372,粤BDG3913
16373,粤BDG3915
16374,粤BDG3923
16375,粤BDG3932
16376,粤BDG3935
16377,粤BDG3936
16378,粤BDG3938
16379,粤BDG3945
16380,粤BDG3950
16381,粤BDG3955
16382,粤BDG3956
16383,粤BDG3965
16384,粤BDG3977
16385,粤BDG3978
16386,粤BDG3980
16387,粤BDG3982
16388,粤BDG3986
16389,粤BDG3992
16390,粤BDG3996
16391,粤BDG3998
16392,粤BDG4103
16393,粤BDG4108
16394,粤BDG4115
16395,粤BDG4138
16396,粤BDG4191
16397,粤BDG4193
16398,粤BDG4222
16399,粤BDG4252
16400,粤BDG4369
16401,粤BDG4398
16402,粤BDG4436
16403,粤BDG4458
16404,粤BDG4463
16405,粤BDG4505
16406,粤BDG4515
16407,粤BDG4521
16408,粤BDG4526
16409,粤BDG4533
16410,粤BDG4539
16411,粤BDG4561
16412,粤BDG4583
16413,粤BDG4590
16414,粤BDG4598
16415,粤BDG4678
16416,粤BDG4777
16417,粤BDG4818
16418,粤BDG4836
16419,粤BDG4886
16420,粤BDG4889
16421,粤BDG5015
16422,粤BDG5061
16423,粤BDG5092
16424,粤BDG5131
16425,粤BDG5138
16426,粤BDG5153
16427,粤BDG5190
16428,粤BDG5203
16429,粤BDG5213
16430,粤BDG5259
16431,粤BDG5289
16432,粤BDG5302
16433,粤BDG5333
16434,粤BDG5335
16435,粤BDG5358
16436,粤BDG5360
16437,粤BDG5369
16438,粤BDG5380
16439,粤BDG5408
16440,粤BDG5409
16441,粤BDG5411
16442,粤BDG5418
16443,粤BDG5455
16444,粤BDG5458
16445,粤BDG5467
16446,粤BDG5593
16447,粤BDG5601
16448,粤BDG5605
16449,粤BDG5611
16450,粤BDG5616
16451,粤BDG5617
16452,粤BDG5619
16453,粤BDG5625
16454,粤BDG5627
16455,粤BDG5628
16456,粤BDG5629
16457,粤BDG5630
16458,粤BDG5631
16459,粤BDG5632
16460,粤BDG5635
16461,粤BDG5637
16462,粤BDG5638
16463,粤BDG5645
16464,粤BDG5650
16465,粤BDG5651
16466,粤BDG5652
16467,粤BDG5669
16468,粤BDG5671
16469,粤BDG5672
16470,粤BDG5676
16471,粤BDG5679
16472,粤BDG5682
16473,粤BDG5687
16474,粤BDG5691
16475,粤BDG5692
16476,粤BDG5722
16477,粤BDG5729
16478,粤BDG5733
16479,粤BDG5755
16480,粤BDG5757
16481,粤BDG5771
16482,粤BDG5773
16483,粤BDG5782
16484,粤BDG5812
16485,粤BDG5830
16486,粤BDG5833
16487,粤BDG5848
16488,粤BDG5908
16489,粤BDG5950
16490,粤BDG5973
16491,粤BDG5977
16492,粤BDG5979
16493,粤BDG5991
16494,粤BDG5999
16495,粤BDG6001
16496,粤BDG6002
16497,粤BDG6006
16498,粤BDG6007
16499,粤BDG6009
16500,粤BDG6011
16501,粤BDG6013
16502,粤BDG6016
16503,粤BDG6017
16504,粤BDG6019
16505,粤BDG6020
16506,粤BDG6021
16507,粤BDG6022
16508,粤BDG6023
16509,粤BDG6025
16510,粤BDG6028
16511,粤BDG6029
16512,粤BDG6030
16513,粤BDG6031
16514,粤BDG6032
16515,粤BDG6033
16516,粤BDG6035
16517,粤BDG6036
16518,粤BDG6038
16519,粤BDG6039
16520,粤BDG6042
16521,粤BDG6046
16522,粤BDG6051
16523,粤BDG6053
16524,粤BDG6055
16525,粤BDG6059
16526,粤BDG6061
16527,粤BDG6062
16528,粤BDG6063
16529,粤BDG6065
16530,粤BDG6066
16531,粤BDG6067
16532,粤BDG6068
16533,粤BDG6069
16534,粤BDG6073
16535,粤BDG6075
16536,粤BDG6076
16537,粤BDG6078
16538,粤BDG6079
16539,粤BDG6081
16540,粤BDG6082
16541,粤BDG6083
16542,粤BDG6085
16543,粤BDG6088
16544,粤BDG6089
16545,粤BDG6090
16546,粤BDG6091
16547,粤BDG6092
16548,粤BDG6093
16549,粤BDG6095
16550,粤BDG6096
16551,粤BDG6099
16552,粤BDG6148
16553,粤BDG6210
16554,粤BDG6219
16555,粤BDG6243
16556,粤BDG6253
16557,粤BDG6289
16558,粤BDG6302
16559,粤BDG6303
16560,粤BDG6305
16561,粤BDG6316
16562,粤BDG6317
16563,粤BDG6322
16564,粤BDG6330
16565,粤BDG6347
16566,粤BDG6365
16567,粤BDG6381
16568,粤BDG6388
16569,粤BDG6416
16570,粤BDG6457
16571,粤BDG6473
16572,粤BDG6498
16573,粤BDG6502
16574,粤BDG6503
16575,粤BDG6505
16576,粤BDG6507
16577,粤BDG6508
16578,粤BDG6509
16579,粤BDG6510
16580,粤BDG6512
16581,粤BDG6517
16582,粤BDG6518
16583,粤BDG6521
16584,粤BDG6527
16585,粤BDG6529
16586,粤BDG6530
16587,粤BDG6531
16588,粤BDG6537
16589,粤BDG6540
16590,粤BDG6541
16591,粤BDG6545
16592,粤BDG6550
16593,粤BDG6557
16594,粤BDG6561
16595,粤BDG6563
16596,粤BDG6567
16597,粤BDG6568
16598,粤BDG6571
16599,粤BDG6573
16600,粤BDG6575
16601,粤BDG6576
16602,粤BDG6577
16603,粤BDG6591
16604,粤BDG6592
16605,粤BDG6595
16606,粤BDG6649
16607,粤BDG6706
16608,粤BDG6769
16609,粤BDG6781
16610,粤BDG6782
16611,粤BDG6786
16612,粤BDG6792
16613,粤BDG6793
16614,粤BDG6799
16615,粤BDG6833
16616,粤BDG6873
16617,粤BDG6903
16618,粤BDG6905
16619,粤BDG6907
16620,粤BDG6909
16621,粤BDG6916
16622,粤BDG6922
16623,粤BDG6926
16624,粤BDG6932
16625,粤BDG6936
16626,粤BDG6946
16627,粤BDG6949
16628,粤BDG6955
16629,粤BDG6956
16630,粤BDG6957
16631,粤BDG6962
16632,粤BDG6967
16633,粤BDG6973
16634,粤BDG6975
16635,粤BDG6976
16636,粤BDG6983
16637,粤BDG7112
16638,粤BDG7113
16639,粤BDG7116
16640,粤BDG7129
16641,粤BDG7159
16642,粤BDG7186
16643,粤BDG7292
16644,粤BDG7293
16645,粤BDG7295
16646,粤BDG7299
16647,粤BDG7306
16648,粤BDG7323
16649,粤BDG7362
16650,粤BDG7392
16651,粤BDG7396
16652,粤BDG7418
16653,粤BDG7466
16654,粤BDG7478
16655,粤BDG7488
16656,粤BDG7491
16657,粤BDG7538
16658,粤BDG7585
16659,粤BDG7608
16660,粤BDG7613
16661,粤BDG7617
16662,粤BDG7641
16663,粤BDG7648
16664,粤BDG7650
16665,粤BDG7659
16666,粤BDG7681
16667,粤BDG7688
16668,粤BDG7699
16669,粤BDG7702
16670,粤BDG7703
16671,粤BDG7706
16672,粤BDG7707
16673,粤BDG7708
16674,粤BDG7712
16675,粤BDG7718
16676,粤BDG7720
16677,粤BDG7722
16678,粤BDG7730
16679,粤BDG7733
16680,粤BDG7755
16681,粤BDG7757
16682,粤BDG7758
16683,粤BDG7759
16684,粤BDG7760
16685,粤BDG7763
16686,粤BDG7767
16687,粤BDG7770
16688,粤BDG7773
16689,粤BDG7775
16690,粤BDG7776
16691,粤BDG7781
16692,粤BDG7785
16693,粤BDG7791
16694,粤BDG7792
16695,粤BDG7795
16696,粤BDG7805
16697,粤BDG7809
16698,粤BDG7813
16699,粤BDG7829
16700,粤BDG7848
16701,粤BDG7852
16702,粤BDG7859
16703,粤BDG7873
16704,粤BDG7878
16705,粤BDG7890
16706,粤BDG7908
16707,粤BDG7915
16708,粤BDG7922
16709,粤BDG7931
16710,粤BDG7962
16711,粤BDG7986
16712,粤BDG8018
16713,粤BDG8021
16714,粤BDG8039
16715,粤BDG8048
16716,粤BDG8081
16717,粤BDG8083
16718,粤BDG8117
16719,粤BDG8125
16720,粤BDG8126
16721,粤BDG8141
16722,粤BDG8177
16723,粤BDG8195
16724,粤BDG8200
16725,粤BDG8201
16726,粤BDG8202
16727,粤BDG8203
16728,粤BDG8207
16729,粤BDG8208
16730,粤BDG8209
16731,粤BDG8213
16732,粤BDG8215
16733,粤BDG8216
16734,粤BDG8218
16735,粤BDG8220
16736,粤BDG8221
16737,粤BDG8222
16738,粤BDG8225
16739,粤BDG8226
16740,粤BDG8229
16741,粤BDG8230
16742,粤BDG8232
16743,粤BDG8233
16744,粤BDG8235
16745,粤BDG8238
16746,粤BDG8239
16747,粤BDG8250
16748,粤BDG8251
16749,粤BDG8252
16750,粤BDG8253
16751,粤BDG8255
16752,粤BDG8256
16753,粤BDG8257
16754,粤BDG8259
16755,粤BDG8262
16756,粤BDG8265
16757,粤BDG8266
16758,粤BDG8267
16759,粤BDG8270
16760,粤BDG8275
16761,粤BDG8276
16762,粤BDG8277
16763,粤BDG8278
16764,粤BDG8279
16765,粤BDG8280
16766,粤BDG8281
16767,粤BDG8283
16768,粤BDG8285
16769,粤BDG8287
16770,粤BDG8290
16771,粤BDG8291
16772,粤BDG8292
16773,粤BDG8297
16774,粤BDG8298
16775,粤BDG8302
16776,粤BDG8308
16777,粤BDG8351
16778,粤BDG8353
16779,粤BDG8366
16780,粤BDG8368
16781,粤BDG8382
16782,粤BDG8428
16783,粤BDG8482
16784,粤BDG8506
16785,粤BDG8513
16786,粤BDG8522
16787,粤BDG8527
16788,粤BDG8530
16789,粤BDG8533
16790,粤BDG8562
16791,粤BDG8563
16792,粤BDG8566
16793,粤BDG8578
16794,粤BDG8596
16795,粤BDG8599
16796,粤BDG8616
16797,粤BDG8618
16798,粤BDG8636
16799,粤BDG8638
16800,粤BDG8646
16801,粤BDG8648
16802,粤BDG8703
16803,粤BDG8730
16804,粤BDG8738
16805,粤BDG8758
16806,粤BDG8768
16807,粤BDG8776
16808,粤BDG8777
16809,粤BDG8819
16810,粤BDG8832
16811,粤BDG8839
16812,粤BDG8843
16813,粤BDG8853
16814,粤BDG8870
16815,粤BDG8876
16816,粤BDG8888
16817,粤BDG8937
16818,粤BDG8958
16819,粤BDG8966
16820,粤BDG8969
16821,粤BDG8977
16822,粤BDG8996
16823,粤BDG9003
16824,粤BDG9015
16825,粤BDG9018
16826,粤BDG9023
16827,粤BDG9030
16828,粤BDG9050
16829,粤BDG9053
16830,粤BDG9063
16831,粤BDG9081
16832,粤BDG9083
16833,粤BDG9087
16834,粤BDG9090
16835,粤BDG9092
16836,粤BDG9120
16837,粤BDG9121
16838,粤BDG9147
16839,粤BDG9200
16840,粤BDG9201
16841,粤BDG9203
16842,粤BDG9206
16843,粤BDG9208
16844,粤BDG9217
16845,粤BDG9220
16846,粤BDG9221
16847,粤BDG9230
16848,粤BDG9232
16849,粤BDG9235
16850,粤BDG9236
16851,粤BDG9239
16852,粤BDG9245
16853,粤BDG9251
16854,粤BDG9253
16855,粤BDG9255
16856,粤BDG9256
16857,粤BDG9261
16858,粤BDG9268
16859,粤BDG9269
16860,粤BDG9280
16861,粤BDG9283
16862,粤BDG9293
16863,粤BDG9295
16864,粤BDG9298
16865,粤BDG9310
16866,粤BDG9312
16867,粤BDG9318
16868,粤BDG9325
16869,粤BDG9333
16870,粤BDG9356
16871,粤BDG9358
16872,粤BDG9359
16873,粤BDG9368
16874,粤BDG9369
16875,粤BDG9372
16876,粤BDG9378
16877,粤BDG9382
16878,粤BDG9396
16879,粤BDG9451
16880,粤BDG9459
16881,粤BDG9466
16882,粤BDG9477
16883,粤BDG9498
16884,粤BDG9500
16885,粤BDG9502
16886,粤BDG9509
16887,粤BDG9515
16888,粤BDG9517
16889,粤BDG9520
16890,粤BDG9522
16891,粤BDG9526
16892,粤BDG9527
16893,粤BDG9530
16894,粤BDG9531
16895,粤BDG9532
16896,粤BDG9535
16897,粤BDG9537
16898,粤BDG9539
16899,粤BDG9541
16900,粤BDG9545
16901,粤BDG9546
16902,粤BDG9553
16903,粤BDG9557
16904,粤BDG9562
16905,粤BDG9563
16906,粤BDG9570
16907,粤BDG9572
16908,粤BDG9575
16909,粤BDG9576
16910,粤BDG9583
16911,粤BDG9587
16912,粤BDG9590
16913,粤BDG9593
16914,粤BDG9597
16915,粤BDG9599
16916,粤BDG9627
16917,粤BDG9658
16918,粤BDG9665
16919,粤BDG9672
16920,粤BDG9700
16921,粤BDG9708
16922,粤BDG9719
16923,粤BDG9726
16924,粤BDG9727
16925,粤BDG9728
16926,粤BDG9730
16927,粤BDG9735
16928,粤BDG9736
16929,粤BDG9738
16930,粤BDG9740
16931,粤BDG9749
16932,粤BDG9755
16933,粤BDG9758
16934,粤BDG9759
16935,粤BDG9760
16936,粤BDG9763
16937,粤BDG9765
16938,粤BDG9766
16939,粤BDG9767
16940,粤BDG9769
16941,粤BDG9770
16942,粤BDG9773
16943,粤BDG9777
16944,粤BDG9778
16945,粤BDG9779
16946,粤BDG9780
16947,粤BDG9781
16948,粤BDG9786
16949,粤BDG9788
16950,粤BDG9789
16951,粤BDG9790
16952,粤BDG9795
16953,粤BDG9798
16954,粤BDG9799
16955,粤BDG9801
16956,粤BDG9805
16957,粤BDG9816
16958,粤BDG9822
16959,粤BDG9823
16960,粤BDG9836
16961,粤BDG9837
16962,粤BDG9838
16963,粤BDG9855
16964,粤BDG9857
16965,粤BDG9865
16966,粤BDG9879
16967,粤BDG9898
16968,粤BDG9902
16969,粤BDG9903
16970,粤BDG9906
16971,粤BDG9908
16972,粤BDG9912
16973,粤BDG9913
16974,粤BDG9922
16975,粤BDG9923
16976,粤BDG9925
16977,粤BDG9927
16978,粤BDG9928
16979,粤BDG9930
16980,粤BDG9931
16981,粤BDG9932
16982,粤BDG9943
16983,粤BDG9945
16984,粤BDG9949
16985,粤BDG9950
16986,粤BDG9951
16987,粤BDG9952
16988,粤BDG9955
16989,粤BDG9956
16990,粤BDG9957
16991,粤BDG9958
16992,粤BDG9960
16993,粤BDG9961
16994,粤BDG9966
16995,粤BDG9967
16996,粤BDG9968
16997,粤BDG9969
16998,粤BDG9977
16999,粤BDG9979
17000,粤BDG9980
17001,粤BDG9981
17002,粤BDG9985
17003,粤BDG9986
17004,粤BDG9987
17005,粤BDG9988
17006,粤BDG9989
17007,粤BDG9990
17008,粤BDG9993
17009,粤BDG9997
17010,粤BDG9999
17011,粤BDH0011
17012,粤BDH0025
17013,粤BDH0027
17014,粤BDH0043
17015,粤BDH0061
17016,粤BDH0075
17017,粤BDH0076
17018,粤BDH0089
17019,粤BDH0092
17020,粤BDH0103
17021,粤BDH0118
17022,粤BDH0126
17023,粤BDH0131
17024,粤BDH0156
17025,粤BDH0165
17026,粤BDH0179
17027,粤BDH0180
17028,粤BDH0190
17029,粤BDH0195
17030,粤BDH0198
17031,粤BDH0199
17032,粤BDH0201
17033,粤BDH0223
17034,粤BDH0229
17035,粤BDH0232
17036,粤BDH0233
17037,粤BDH0256
17038,粤BDH0260
17039,粤BDH0261
17040,粤BDH0263
17041,粤BDH0266
17042,粤BDH0269
17043,粤BDH0280
17044,粤BDH0283
17045,粤BDH0286
17046,粤BDH0288
17047,粤BDH0289
17048,粤BDH0290
17049,粤BDH0291
17050,粤BDH0293
17051,粤BDH0296
17052,粤BDH0297
17053,粤BDH0299
17054,粤BDH0755
17055,粤BDH0780
17056,粤BDH0785
17057,粤BDH0845
17058,粤BDH0851
17059,粤BDH0892
17060,粤BDH0955
17061,粤BDH0981
17062,粤BDH0982
17063,粤BDH0986
17064,粤BDH1038
17065,粤BDH1103
17066,粤BDH1106
17067,粤BDH1120
17068,粤BDH1121
17069,粤BDH1125
17070,粤BDH1126
17071,粤BDH1127
17072,粤BDH1128
17073,粤BDH1130
17074,粤BDH1133
17075,粤BDH1135
17076,粤BDH1136
17077,粤BDH1150
17078,粤BDH1151
17079,粤BDH1155
17080,粤BDH1159
17081,粤BDH1160
17082,粤BDH1161
17083,粤BDH1162
17084,粤BDH1167
17085,粤BDH1176
17086,粤BDH1183
17087,粤BDH1185
17088,粤BDH1197
17089,粤BDH1258
17090,粤BDH1305
17091,粤BDH1309
17092,粤BDH1313
17093,粤BDH1318
17094,粤BDH1330
17095,粤BDH1335
17096,粤BDH1345
17097,粤BDH1348
17098,粤BDH1356
17099,粤BDH1362
17100,粤BDH1381
17101,粤BDH1383
17102,粤BDH1388
17103,粤BDH1397
17104,粤BDH1398
17105,粤BDH1539
17106,粤BDH1561
17107,粤BDH1565
17108,粤BDH1569
17109,粤BDH1579
17110,粤BDH1580
17111,粤BDH1778
17112,粤BDH1786
17113,粤BDH1788
17114,粤BDH1817
17115,粤BDH1837
17116,粤BDH1865
17117,粤BDH1885
17118,粤BDH1887
17119,粤BDH1898
17120,粤BDH1909
17121,粤BDH1943
17122,粤BDH1958
17123,粤BDH1993
17124,粤BDH2011
17125,粤BDH2013
17126,粤BDH2026
17127,粤BDH2095
17128,粤BDH2120
17129,粤BDH2121
17130,粤BDH2165
17131,粤BDH2166
17132,粤BDH2169
17133,粤BDH2176
17134,粤BDH2180
17135,粤BDH2182
17136,粤BDH2238
17137,粤BDH2255
17138,粤BDH2315
17139,粤BDH2350
17140,粤BDH2380
17141,粤BDH2385
17142,粤BDH2397
17143,粤BDH2416
17144,粤BDH2708
17145,粤BDH2718
17146,粤BDH2748
17147,粤BDH2768
17148,粤BDH2786
17149,粤BDH2903
17150,粤BDH3028
17151,粤BDH3048
17152,粤BDH3059
17153,粤BDH3081
17154,粤BDH3089
17155,粤BDH3098
17156,粤BDH3158
17157,粤BDH3248
17158,粤BDH3519
17159,粤BDH3529
17160,粤BDH3538
17161,粤BDH3550
17162,粤BDH3552
17163,粤BDH3575
17164,粤BDH3579
17165,粤BDH3583
17166,粤BDH3590
17167,粤BDH3591
17168,粤BDH3595
17169,粤BDH3628
17170,粤BDH3678
17171,粤BDH3683
17172,粤BDH3705
17173,粤BDH3721
17174,粤BDH3735
17175,粤BDH3748
17176,粤BDH3770
17177,粤BDH3848
17178,粤BDH3897
17179,粤BDH4006
17180,粤BDH4205
17181,粤BDH4216
17182,粤BDH4358
17183,粤BDH4599
17184,粤BDH4673
17185,粤BDH4787
17186,粤BDH4993
17187,粤BDH5059
17188,粤BDH5073
17189,粤BDH5133
17190,粤BDH5309
17191,粤BDH5319
17192,粤BDH5320
17193,粤BDH5333
17194,粤BDH5438
17195,粤BDH5455
17196,粤BDH5478
17197,粤BDH5803
17198,粤BDH5889
17199,粤BDH5903
17200,粤BDH5916
17201,粤BDH5933
17202,粤BDH5939
17203,粤BDH5957
17204,粤BDH5960
17205,粤BDH5963
17206,粤BDH5977
17207,粤BDH5982
17208,粤BDH6105
17209,粤BDH6121
17210,粤BDH6151
17211,粤BDH6165
17212,粤BDH6301
17213,粤BDH6306
17214,粤BDH6308
17215,粤BDH6309
17216,粤BDH6312
17217,粤BDH6315
17218,粤BDH6316
17219,粤BDH6319
17220,粤BDH6321
17221,粤BDH6325
17222,粤BDH6327
17223,粤BDH6329
17224,粤BDH6348
17225,粤BDH6355
17226,粤BDH6359
17227,粤BDH6361
17228,粤BDH6362
17229,粤BDH6365
17230,粤BDH6383
17231,粤BDH6385
17232,粤BDH6389
17233,粤BDH6390
17234,粤BDH6391
17235,粤BDH6393
17236,粤BDH6518
17237,粤BDH6519
17238,粤BDH6548
17239,粤BDH6558
17240,粤BDH6677
17241,粤BDH6709
17242,粤BDH6878
17243,粤BDH6883
17244,粤BDH7029
17245,粤BDH7113
17246,粤BDH7198
17247,粤BDH7199
17248,粤BDH7318
17249,粤BDH7343
17250,粤BDH7358
17251,粤BDH7368
17252,粤BDH7585
17253,粤BDH7685
17254,粤BDH7709
17255,粤BDH7715
17256,粤BDH7826
17257,粤BDH7896
17258,粤BDH7900
17259,粤BDH7901
17260,粤BDH7920
17261,粤BDH7936
17262,粤BDH7939
17263,粤BDH7962
17264,粤BDH7973
17265,粤BDH7981
17266,粤BDH7991
17267,粤BDH8002
17268,粤BDH8007
17269,粤BDH8013
17270,粤BDH8021
17271,粤BDH8022
17272,粤BDH8036
17273,粤BDH8050
17274,粤BDH8052
17275,粤BDH8063
17276,粤BDH8091
17277,粤BDH8092
17278,粤BDH8148
17279,粤BDH8428
17280,粤BDH8440
17281,粤BDH8501
17282,粤BDH8526
17283,粤BDH8530
17284,粤BDH8551
17285,粤BDH8560
17286,粤BDH8569
17287,粤BDH8591
17288,粤BDH8602
17289,粤BDH8605
17290,粤BDH8613
17291,粤BDH8615
17292,粤BDH8635
17293,粤BDH8637
17294,粤BDH8646
17295,粤BDH8675
17296,粤BDH8680
17297,粤BDH8691
17298,粤BDH8693
17299,粤BDH8695
17300,粤BDH8705
17301,粤BDH8709
17302,粤BDH8729
17303,粤BDH8748
17304,粤BDH8775
17305,粤BDH8835
17306,粤BDH8895
17307,粤BDH8903
17308,粤BDH8938
17309,粤BDH8966
17310,粤BDH8968
17311,粤BDH8978
17312,粤BDH8979
17313,粤BDH8988
17314,粤BDH8997
17315,粤BDH9007
17316,粤BDH9176
17317,粤BDH9205
17318,粤BDH9213
17319,粤BDH9236
17320,粤BDH9253
17321,粤BDH9263
17322,粤BDH9279
17323,粤BDH9285
17324,粤BDH9287
17325,粤BDH9290
17326,粤BDH9291
17327,粤BDH9295
17328,粤BDH9343
17329,粤BDH9418
17330,粤BDH9428
17331,粤BDH9498
17332,粤BDH9499
17333,粤BDH9510
17334,粤BDH9516
17335,粤BDH9520
17336,粤BDH9521
17337,粤BDH9530
17338,粤BDH9537
17339,粤BDH9538
17340,粤BDH9545
17341,粤BDH9562
17342,粤BDH9606
17343,粤BDH9610
17344,粤BDH9612
17345,粤BDH9615
17346,粤BDH9616
17347,粤BDH9641
17348,粤BDH9655
17349,粤BDH9676
17350,粤BDH9677
17351,粤BDH9680
17352,粤BDH9729
17353,粤BDH9738
17354,粤BDH9755
17355,粤BDH9758
17356,粤BDH9776
17357,粤BDH9786
17358,粤BDH9805
17359,粤BDH9820
17360,粤BDH9826
17361,粤BDH9831
17362,粤BDH9855
17363,粤BDH9862
17364,粤BDH9892
17365,粤BDH9911
17366,粤BDH9912
17367,粤BDH9920
17368,粤BDH9981
17369,粤BDH9985
17370,粤BDH9996
17371,粤BDH9997
17372,粤BDJ0022
17373,粤BDJ0035
17374,粤BDJ0051
17375,粤BDJ0061
17376,粤BDJ0085
17377,粤BDJ0090
17378,粤BDJ0097
17379,粤BDJ0100
17380,粤BDJ0101
17381,粤BDJ0103
17382,粤BDJ0106
17383,粤BDJ0108
17384,粤BDJ0113
17385,粤BDJ0123
17386,粤BDJ0156
17387,粤BDJ0158
17388,粤BDJ0160
17389,粤BDJ0169
17390,粤BDJ0181
17391,粤BDJ0183
17392,粤BDJ0188
17393,粤BDJ0189
17394,粤BDJ0190
17395,粤BDJ0196
17396,粤BDJ0209
17397,粤BDJ0211
17398,粤BDJ0287
17399,粤BDJ0322
17400,粤BDJ0347
17401,粤BDJ0355
17402,粤BDJ0356
17403,粤BDJ0358
17404,粤BDJ0359
17405,粤BDJ0365
17406,粤BDJ0375
17407,粤BDJ0389
17408,粤BDJ0576
17409,粤BDJ0701
17410,粤BDJ0712
17411,粤BDJ0730
17412,粤BDJ0737
17413,粤BDJ0765
17414,粤BDJ0767
17415,粤BDJ0776
17416,粤BDJ0783
17417,粤BDJ0785
17418,粤BDJ0802
17419,粤BDJ0812
17420,粤BDJ0815
17421,粤BDJ0863
17422,粤BDJ0879
17423,粤BDJ0900
17424,粤BDJ0905
17425,粤BDJ0906
17426,粤BDJ0920
17427,粤BDJ0936
17428,粤BDJ0956
17429,粤BDJ0961
17430,粤BDJ0988
17431,粤BDJ0992
17432,粤BDJ1028
17433,粤BDJ1038
17434,粤BDJ1215
17435,粤BDJ1225
17436,粤BDJ1229
17437,粤BDJ1233
17438,粤BDJ1256
17439,粤BDJ1265
17440,粤BDJ1267
17441,粤BDJ1271
17442,粤BDJ1273
17443,粤BDJ1275
17444,粤BDJ1277
17445,粤BDJ1279
17446,粤BDJ1291
17447,粤BDJ1293
17448,粤BDJ1396
17449,粤BDJ1435
17450,粤BDJ1446
17451,粤BDJ1537
17452,粤BDJ1580
17453,粤BDJ1620
17454,粤BDJ1622
17455,粤BDJ1643
17456,粤BDJ1668
17457,粤BDJ1677
17458,粤BDJ1678
17459,粤BDJ1762
17460,粤BDJ1802
17461,粤BDJ1809
17462,粤BDJ1813
17463,粤BDJ1828
17464,粤BDJ1830
17465,粤BDJ1859
17466,粤BDJ1872
17467,粤BDJ1873
17468,粤BDJ1879
17469,粤BDJ1886
17470,粤BDJ1893
17471,粤BDJ1897
17472,粤BDJ2057
17473,粤BDJ2087
17474,粤BDJ2106
17475,粤BDJ2155
17476,粤BDJ2200
17477,粤BDJ2202
17478,粤BDJ2203
17479,粤BDJ2205
17480,粤BDJ2208
17481,粤BDJ2218
17482,粤BDJ2221
17483,粤BDJ2222
17484,粤BDJ2223
17485,粤BDJ2228
17486,粤BDJ2232
17487,粤BDJ2233
17488,粤BDJ2239
17489,粤BDJ2258
17490,粤BDJ2263
17491,粤BDJ2298
17492,粤BDJ2300
17493,粤BDJ2318
17494,粤BDJ2343
17495,粤BDJ2528
17496,粤BDJ2548
17497,粤BDJ2579
17498,粤BDJ2691
17499,粤BDJ2699
17500,粤BDJ2802
17501,粤BDJ2809
17502,粤BDJ2810
17503,粤BDJ2812
17504,粤BDJ2816
17505,粤BDJ2822
17506,粤BDJ2827
17507,粤BDJ2828
17508,粤BDJ2839
17509,粤BDJ2842
17510,粤BDJ2850
17511,粤BDJ2853
17512,粤BDJ2858
17513,粤BDJ2873
17514,粤BDJ2880
17515,粤BDJ2881
17516,粤BDJ2882
17517,粤BDJ2883
17518,粤BDJ2885
17519,粤BDJ2888
17520,粤BDJ2893
17521,粤BDJ2898
17522,粤BDJ2923
17523,粤BDJ2935
17524,粤BDJ2936
17525,粤BDJ2948
17526,粤BDJ2952
17527,粤BDJ3081
17528,粤BDJ3103
17529,粤BDJ3137
17530,粤BDJ3140
17531,粤BDJ3155
17532,粤BDJ3243
17533,粤BDJ3281
17534,粤BDJ3300
17535,粤BDJ3310
17536,粤BDJ3373
17537,粤BDJ3410
17538,粤BDJ3466
17539,粤BDJ3478
17540,粤BDJ3489
17541,粤BDJ3528
17542,粤BDJ3623
17543,粤BDJ3653
17544,粤BDJ3665
17545,粤BDJ3672
17546,粤BDJ3788
17547,粤BDJ3789
17548,粤BDJ3802
17549,粤BDJ3803
17550,粤BDJ3805
17551,粤BDJ3807
17552,粤BDJ3810
17553,粤BDJ3812
17554,粤BDJ3813
17555,粤BDJ3815
17556,粤BDJ3816
17557,粤BDJ3817
17558,粤BDJ3818
17559,粤BDJ3827
17560,粤BDJ3829
17561,粤BDJ3830
17562,粤BDJ3832
17563,粤BDJ3835
17564,粤BDJ3837
17565,粤BDJ3840
17566,粤BDJ3841
17567,粤BDJ3842
17568,粤BDJ3848
17569,粤BDJ3849
17570,粤BDJ3850
17571,粤BDJ3853
17572,粤BDJ3856
17573,粤BDJ3859
17574,粤BDJ3863
17575,粤BDJ3865
17576,粤BDJ3867
17577,粤BDJ3868
17578,粤BDJ3870
17579,粤BDJ3873
17580,粤BDJ3875
17581,粤BDJ3876
17582,粤BDJ3879
17583,粤BDJ3887
17584,粤BDJ3892
17585,粤BDJ3893
17586,粤BDJ3895
17587,粤BDJ3896
17588,粤BDJ3900
17589,粤BDJ3960
17590,粤BDJ4070
17591,粤BDJ4088
17592,粤BDJ4133
17593,粤BDJ4433
17594,粤BDJ4476
17595,粤BDJ4568
17596,粤BDJ4607
17597,粤BDJ4666
17598,粤BDJ4870
17599,粤BDJ4900
17600,粤BDJ5095
17601,粤BDJ5097
17602,粤BDJ5105
17603,粤BDJ5109
17604,粤BDJ5111
17605,粤BDJ5113
17606,粤BDJ5115
17607,粤BDJ5116
17608,粤BDJ5117
17609,粤BDJ5118
17610,粤BDJ5119
17611,粤BDJ5121
17612,粤BDJ5122
17613,粤BDJ5125
17614,粤BDJ5131
17615,粤BDJ5133
17616,粤BDJ5135
17617,粤BDJ5138
17618,粤BDJ5139
17619,粤BDJ5141
17620,粤BDJ5143
17621,粤BDJ5145
17622,粤BDJ5148
17623,粤BDJ5150
17624,粤BDJ5155
17625,粤BDJ5156
17626,粤BDJ5157
17627,粤BDJ5160
17628,粤BDJ5162
17629,粤BDJ5169
17630,粤BDJ5173
17631,粤BDJ5175
17632,粤BDJ5185
17633,粤BDJ5188
17634,粤BDJ5190
17635,粤BDJ5195
17636,粤BDJ5217
17637,粤BDJ5276
17638,粤BDJ5328
17639,粤BDJ5338
17640,粤BDJ5398
17641,粤BDJ5448
17642,粤BDJ5468
17643,粤BDJ5498
17644,粤BDJ5606
17645,粤BDJ5615
17646,粤BDJ5632
17647,粤BDJ5635
17648,粤BDJ5661
17649,粤BDJ5671
17650,粤BDJ5680
17651,粤BDJ5683
17652,粤BDJ5736
17653,粤BDJ5739
17654,粤BDJ5746
17655,粤BDJ5748
17656,粤BDJ5901
17657,粤BDJ5902
17658,粤BDJ5905
17659,粤BDJ5907
17660,粤BDJ5908
17661,粤BDJ5910
17662,粤BDJ5911
17663,粤BDJ5912
17664,粤BDJ5913
17665,粤BDJ5916
17666,粤BDJ5919
17667,粤BDJ5922
17668,粤BDJ5923
17669,粤BDJ5927
17670,粤BDJ5929
17671,粤BDJ5937
17672,粤BDJ5948
17673,粤BDJ5951
17674,粤BDJ5952
17675,粤BDJ5959
17676,粤BDJ5962
17677,粤BDJ5963
17678,粤BDJ5965
17679,粤BDJ5968
17680,粤BDJ5969
17681,粤BDJ5970
17682,粤BDJ5971
17683,粤BDJ5972
17684,粤BDJ5975
17685,粤BDJ5988
17686,粤BDJ5990
17687,粤BDJ5993
17688,粤BDJ5998
17689,粤BDJ6110
17690,粤BDJ6115
17691,粤BDJ6120
17692,粤BDJ6123
17693,粤BDJ6126
17694,粤BDJ6127
17695,粤BDJ6128
17696,粤BDJ6129
17697,粤BDJ6132
17698,粤BDJ6136
17699,粤BDJ6137
17700,粤BDJ6138
17701,粤BDJ6139
17702,粤BDJ6146
17703,粤BDJ6148
17704,粤BDJ6156
17705,粤BDJ6158
17706,粤BDJ6159
17707,粤BDJ6163
17708,粤BDJ6173
17709,粤BDJ6176
17710,粤BDJ6177
17711,粤BDJ6178
17712,粤BDJ6183
17713,粤BDJ6195
17714,粤BDJ6196
17715,粤BDJ6197
17716,粤BDJ6312
17717,粤BDJ6320
17718,粤BDJ6329
17719,粤BDJ6345
17720,粤BDJ6346
17721,粤BDJ6348
17722,粤BDJ6353
17723,粤BDJ6373
17724,粤BDJ6378
17725,粤BDJ6395
17726,粤BDJ6408
17727,粤BDJ6418
17728,粤BDJ6419
17729,粤BDJ6428
17730,粤BDJ6438
17731,粤BDJ6439
17732,粤BDJ6446
17733,粤BDJ6448
17734,粤BDJ6455
17735,粤BDJ6458
17736,粤BDJ6468
17737,粤BDJ6469
17738,粤BDJ6482
17739,粤BDJ6486
17740,粤BDJ6499
17741,粤BDJ6572
17742,粤BDJ6585
17743,粤BDJ6598
17744,粤BDJ6601
17745,粤BDJ6697
17746,粤BDJ6703
17747,粤BDJ6719
17748,粤BDJ6760
17749,粤BDJ6771
17750,粤BDJ6773
17751,粤BDJ6786
17752,粤BDJ6808
17753,粤BDJ6813
17754,粤BDJ6815
17755,粤BDJ6821
17756,粤BDJ6828
17757,粤BDJ6838
17758,粤BDJ6862
17759,粤BDJ6878
17760,粤BDJ7059
17761,粤BDJ7122
17762,粤BDJ7133
17763,粤BDJ7157
17764,粤BDJ7175
17765,粤BDJ7222
17766,粤BDJ7262
17767,粤BDJ7296
17768,粤BDJ7307
17769,粤BDJ7308
17770,粤BDJ7333
17771,粤BDJ7376
17772,粤BDJ7380
17773,粤BDJ7388
17774,粤BDJ7399
17775,粤BDJ7508
17776,粤BDJ7515
17777,粤BDJ7518
17778,粤BDJ7519
17779,粤BDJ7529
17780,粤BDJ7537
17781,粤BDJ7548
17782,粤BDJ7556
17783,粤BDJ7559
17784,粤BDJ7566
17785,粤BDJ7575
17786,粤BDJ7585
17787,粤BDJ7586
17788,粤BDJ7589
17789,粤BDJ7592
17790,粤BDJ7658
17791,粤BDJ7663
17792,粤BDJ7666
17793,粤BDJ7668
17794,粤BDJ7678
17795,粤BDJ7680
17796,粤BDJ7688
17797,粤BDJ7698
17798,粤BDJ7705
17799,粤BDJ7718
17800,粤BDJ7807
17801,粤BDJ7818
17802,粤BDJ7898
17803,粤BDJ7911
17804,粤BDJ7943
17805,粤BDJ7990
17806,粤BDJ7992
17807,粤BDJ8070
17808,粤BDJ8075
17809,粤BDJ8209
17810,粤BDJ8277
17811,粤BDJ8305
17812,粤BDJ8348
17813,粤BDJ8402
17814,粤BDJ8408
17815,粤BDJ8422
17816,粤BDJ8423
17817,粤BDJ8428
17818,粤BDJ8430
17819,粤BDJ8432
17820,粤BDJ8433
17821,粤BDJ8438
17822,粤BDJ8441
17823,粤BDJ8443
17824,粤BDJ8446
17825,粤BDJ8448
17826,粤BDJ8449
17827,粤BDJ8457
17828,粤BDJ8458
17829,粤BDJ8461
17830,粤BDJ8466
17831,粤BDJ8470
17832,粤BDJ8479
17833,粤BDJ8480
17834,粤BDJ8482
17835,粤BDJ8483
17836,粤BDJ8486
17837,粤BDJ8488
17838,粤BDJ8489
17839,粤BDJ8490
17840,粤BDJ8493
17841,粤BDJ8496
17842,粤BDJ8498
17843,粤BDJ8499
17844,粤BDJ8611
17845,粤BDJ8661
17846,粤BDJ8700
17847,粤BDJ8711
17848,粤BDJ8720
17849,粤BDJ8733
17850,粤BDJ8756
17851,粤BDJ8758
17852,粤BDJ8759
17853,粤BDJ8786
17854,粤BDJ8787
17855,粤BDJ8788
17856,粤BDJ8793
17857,粤BDJ8802
17858,粤BDJ8809
17859,粤BDJ8813
17860,粤BDJ8852
17861,粤BDJ8856
17862,粤BDJ8860
17863,粤BDJ8863
17864,粤BDJ8878
17865,粤BDJ8888
17866,粤BDJ8970
17867,粤BDJ9001
17868,粤BDJ9133
17869,粤BDJ9141
17870,粤BDJ9209
17871,粤BDJ9217
17872,粤BDJ9218
17873,粤BDJ9228
17874,粤BDJ9233
17875,粤BDJ9236
17876,粤BDJ9240
17877,粤BDJ9246
17878,粤BDJ9252
17879,粤BDJ9277
17880,粤BDJ9281
17881,粤BDJ9282
17882,粤BDJ9283
17883,粤BDJ9289
17884,粤BDJ9290
17885,粤BDJ9405
17886,粤BDJ9428
17887,粤BDJ9458
17888,粤BDJ9489
17889,粤BDJ9512
17890,粤BDJ9517
17891,粤BDJ9519
17892,粤BDJ9525
17893,粤BDJ9527
17894,粤BDJ9533
17895,粤BDJ9539
17896,粤BDJ9550
17897,粤BDJ9562
17898,粤BDJ9573
17899,粤BDJ9575
17900,粤BDJ9577
17901,粤BDJ9589
17902,粤BDJ9629
17903,粤BDJ9700
17904,粤BDJ9702
17905,粤BDJ9703
17906,粤BDJ9707
17907,粤BDJ9709
17908,粤BDJ9710
17909,粤BDJ9713
17910,粤BDJ9715
17911,粤BDJ9716
17912,粤BDJ9717
17913,粤BDJ9719
17914,粤BDJ9723
17915,粤BDJ9725
17916,粤BDJ9730
17917,粤BDJ9736
17918,粤BDJ9737
17919,粤BDJ9738
17920,粤BDJ9740
17921,粤BDJ9742
17922,粤BDJ9748
17923,粤BDJ9749
17924,粤BDJ9757
17925,粤BDJ9773
17926,粤BDJ9775
17927,粤BDJ9776
17928,粤BDJ9781
17929,粤BDJ9785
17930,粤BDJ9789
17931,粤BDJ9795
17932,粤BDJ9796
17933,粤BDJ9798
17934,粤BDJ9799
17935,粤BDJ9907
17936,粤BDJ9910
17937,粤BDJ9921
17938,粤BDJ9923
17939,粤BDJ9932
17940,粤BDJ9978
17941,粤BDJ9987
17942,粤BDK0003
17943,粤BDK0008
17944,粤BDK0012
17945,粤BDK0017
17946,粤BDK0018
17947,粤BDK0021
17948,粤BDK0027
17949,粤BDK0029
17950,粤BDK0030
17951,粤BDK0031
17952,粤BDK0035
17953,粤BDK0040
17954,粤BDK0046
17955,粤BDK0049
17956,粤BDK0053
17957,粤BDK0057
17958,粤BDK0059
17959,粤BDK0061
17960,粤BDK0067
17961,粤BDK0075
17962,粤BDK0077
17963,粤BDK0079
17964,粤BDK0081
17965,粤BDK0083
17966,粤BDK0087
17967,粤BDK0095
17968,粤BDK0097
17969,粤BDK0108
17970,粤BDK0116
17971,粤BDK0132
17972,粤BDK0135
17973,粤BDK0136
17974,粤BDK0138
17975,粤BDK0148
17976,粤BDK0158
17977,粤BDK0178
17978,粤BDK0187
17979,粤BDK0251
17980,粤BDK0276
17981,粤BDK0285
17982,粤BDK0303
17983,粤BDK0308
17984,粤BDK0317
17985,粤BDK0323
17986,粤BDK0327
17987,粤BDK0330
17988,粤BDK0331
17989,粤BDK0336
17990,粤BDK0337
17991,粤BDK0351
17992,粤BDK0362
17993,粤BDK0367
17994,粤BDK0370
17995,粤BDK0371
17996,粤BDK0373
17997,粤BDK0375
17998,粤BDK0378
17999,粤BDK0379
18000,粤BDK0381
18001,粤BDK0387
18002,粤BDK0391
18003,粤BDK0395
18004,粤BDK0397
18005,粤BDK0399
18006,粤BDK0408
18007,粤BDK0428
18008,粤BDK0436
18009,粤BDK0448
18010,粤BDK0456
18011,粤BDK0458
18012,粤BDK0466
18013,粤BDK0478
18014,粤BDK0498
18015,粤BDK0500
18016,粤BDK0501
18017,粤BDK0508
18018,粤BDK0512
18019,粤BDK0521
18020,粤BDK0530
18021,粤BDK0542
18022,粤BDK0545
18023,粤BDK0548
18024,粤BDK0553
18025,粤BDK0557
18026,粤BDK0559
18027,粤BDK0560
18028,粤BDK0569
18029,粤BDK0571
18030,粤BDK0573
18031,粤BDK0576
18032,粤BDK0579
18033,粤BDK0586
18034,粤BDK0593
18035,粤BDK0595
18036,粤BDK0648
18037,粤BDK0663
18038,粤BDK0703
18039,粤BDK0709
18040,粤BDK0748
18041,粤BDK0762
18042,粤BDK0769
18043,粤BDK0787
18044,粤BDK0801
18045,粤BDK0803
18046,粤BDK0813
18047,粤BDK0818
18048,粤BDK0823
18049,粤BDK0827
18050,粤BDK0830
18051,粤BDK0831
18052,粤BDK0839
18053,粤BDK0848
18054,粤BDK0849
18055,粤BDK0852
18056,粤BDK0853
18057,粤BDK0857
18058,粤BDK0858
18059,粤BDK0867
18060,粤BDK0877
18061,粤BDK0879
18062,粤BDK0891
18063,粤BDK0893
18064,粤BDK0899
18065,粤BDK0917
18066,粤BDK0918
18067,粤BDK0927
18068,粤BDK0928
18069,粤BDK0930
18070,粤BDK0931
18071,粤BDK0932
18072,粤BDK0949
18073,粤BDK0953
18074,粤BDK0955
18075,粤BDK0960
18076,粤BDK0961
18077,粤BDK0973
18078,粤BDK0975
18079,粤BDK0997
18080,粤BDK1062
18081,粤BDK1103
18082,粤BDK1126
18083,粤BDK1129
18084,粤BDK1167
18085,粤BDK1177
18086,粤BDK1187
18087,粤BDK1191
18088,粤BDK1202
18089,粤BDK1205
18090,粤BDK1211
18091,粤BDK1212
18092,粤BDK1213
18093,粤BDK1215
18094,粤BDK1216
18095,粤BDK1221
18096,粤BDK1225
18097,粤BDK1227
18098,粤BDK1232
18099,粤BDK1236
18100,粤BDK1237
18101,粤BDK1239
18102,粤BDK1250
18103,粤BDK1253
18104,粤BDK1255
18105,粤BDK1256
18106,粤BDK1269
18107,粤BDK1273
18108,粤BDK1276
18109,粤BDK1278
18110,粤BDK1281
18111,粤BDK1282
18112,粤BDK1287
18113,粤BDK1288
18114,粤BDK1291
18115,粤BDK1296
18116,粤BDK1298
18117,粤BDK1306
18118,粤BDK1329
18119,粤BDK1348
18120,粤BDK1400
18121,粤BDK1408
18122,粤BDK1429
18123,粤BDK1432
18124,粤BDK1436
18125,粤BDK1439
18126,粤BDK1458
18127,粤BDK1463
18128,粤BDK1483
18129,粤BDK1489
18130,粤BDK1493
18131,粤BDK1506
18132,粤BDK1508
18133,粤BDK1509
18134,粤BDK1511
18135,粤BDK1517
18136,粤BDK1523
18137,粤BDK1525
18138,粤BDK1526
18139,粤BDK1527
18140,粤BDK1531
18141,粤BDK1532
18142,粤BDK1535
18143,粤BDK1536
18144,粤BDK1537
18145,粤BDK1546
18146,粤BDK1551
18147,粤BDK1556
18148,粤BDK1557
18149,粤BDK1561
18150,粤BDK1563
18151,粤BDK1565
18152,粤BDK1567
18153,粤BDK1569
18154,粤BDK1570
18155,粤BDK1571
18156,粤BDK1582
18157,粤BDK1588
18158,粤BDK1590
18159,粤BDK1591
18160,粤BDK1592
18161,粤BDK1593
18162,粤BDK1597
18163,粤BDK1598
18164,粤BDK1606
18165,粤BDK1613
18166,粤BDK1628
18167,粤BDK1636
18168,粤BDK1639
18169,粤BDK1662
18170,粤BDK1668
18171,粤BDK1669
18172,粤BDK1680
18173,粤BDK1689
18174,粤BDK1696
18175,粤BDK1698
18176,粤BDK1699
18177,粤BDK1703
18178,粤BDK1731
18179,粤BDK1732
18180,粤BDK1757
18181,粤BDK1798
18182,粤BDK1801
18183,粤BDK1803
18184,粤BDK1807
18185,粤BDK1809
18186,粤BDK1810
18187,粤BDK1816
18188,粤BDK1817
18189,粤BDK1819
18190,粤BDK1821
18191,粤BDK1825
18192,粤BDK1827
18193,粤BDK1828
18194,粤BDK1830
18195,粤BDK1831
18196,粤BDK1832
18197,粤BDK1835
18198,粤BDK1837
18199,粤BDK1838
18200,粤BDK1839
18201,粤BDK1851
18202,粤BDK1855
18203,粤BDK1859
18204,粤BDK1862
18205,粤BDK1863
18206,粤BDK1869
18207,粤BDK1870
18208,粤BDK1872
18209,粤BDK1873
18210,粤BDK1875
18211,粤BDK1877
18212,粤BDK1879
18213,粤BDK1883
18214,粤BDK1887
18215,粤BDK1897
18216,粤BDK1899
18217,粤BDK1901
18218,粤BDK1906
18219,粤BDK1907
18220,粤BDK1923
18221,粤BDK1926
18222,粤BDK1931
18223,粤BDK1933
18224,粤BDK1936
18225,粤BDK1937
18226,粤BDK1943
18227,粤BDK1956
18228,粤BDK1958
18229,粤BDK1962
18230,粤BDK1963
18231,粤BDK1973
18232,粤BDK1975
18233,粤BDK1987
18234,粤BDK1990
18235,粤BDK1996
18236,粤BDK2001
18237,粤BDK2003
18238,粤BDK2007
18239,粤BDK2011
18240,粤BDK2021
18241,粤BDK2023
18242,粤BDK2033
18243,粤BDK2035
18244,粤BDK2051
18245,粤BDK2053
18246,粤BDK2056
18247,粤BDK2057
18248,粤BDK2062
18249,粤BDK2069
18250,粤BDK2073
18251,粤BDK2077
18252,粤BDK2080
18253,粤BDK2083
18254,粤BDK2087
18255,粤BDK2093
18256,粤BDK2101
18257,粤BDK2102
18258,粤BDK2105
18259,粤BDK2106
18260,粤BDK2111
18261,粤BDK2115
18262,粤BDK2117
18263,粤BDK2125
18264,粤BDK2131
18265,粤BDK2132
18266,粤BDK2136
18267,粤BDK2137
18268,粤BDK2151
18269,粤BDK2153
18270,粤BDK2162
18271,粤BDK2165
18272,粤BDK2166
18273,粤BDK2167
18274,粤BDK2168
18275,粤BDK2169
18276,粤BDK2170
18277,粤BDK2171
18278,粤BDK2173
18279,粤BDK2179
18280,粤BDK2182
18281,粤BDK2183
18282,粤BDK2185
18283,粤BDK2189
18284,粤BDK2191
18285,粤BDK2192
18286,粤BDK2193
18287,粤BDK2199
18288,粤BDK2200
18289,粤BDK2201
18290,粤BDK2202
18291,粤BDK2205
18292,粤BDK2207
18293,粤BDK2208
18294,粤BDK2209
18295,粤BDK2213
18296,粤BDK2215
18297,粤BDK2226
18298,粤BDK2235
18299,粤BDK2243
18300,粤BDK2252
18301,粤BDK2255
18302,粤BDK2257
18303,粤BDK2258
18304,粤BDK2260
18305,粤BDK2261
18306,粤BDK2263
18307,粤BDK2265
18308,粤BDK2268
18309,粤BDK2273
18310,粤BDK2276
18311,粤BDK2279
18312,粤BDK2283
18313,粤BDK2286
18314,粤BDK2289
18315,粤BDK2292
18316,粤BDK2299
18317,粤BDK2300
18318,粤BDK2307
18319,粤BDK2309
18320,粤BDK2321
18321,粤BDK2329
18322,粤BDK2348
18323,粤BDK2352
18324,粤BDK2357
18325,粤BDK2367
18326,粤BDK2373
18327,粤BDK2378
18328,粤BDK2391
18329,粤BDK2480
18330,粤BDK2500
18331,粤BDK2502
18332,粤BDK2507
18333,粤BDK2508
18334,粤BDK2512
18335,粤BDK2513
18336,粤BDK2515
18337,粤BDK2517
18338,粤BDK2523
18339,粤BDK2527
18340,粤BDK2529
18341,粤BDK2530
18342,粤BDK2533
18343,粤BDK2541
18344,粤BDK2550
18345,粤BDK2553
18346,粤BDK2560
18347,粤BDK2561
18348,粤BDK2566
18349,粤BDK2569
18350,粤BDK2570
18351,粤BDK2576
18352,粤BDK2578
18353,粤BDK2579
18354,粤BDK2587
18355,粤BDK2589
18356,粤BDK2598
18357,粤BDK2601
18358,粤BDK2603
18359,粤BDK2605
18360,粤BDK2606
18361,粤BDK2607
18362,粤BDK2609
18363,粤BDK2611
18364,粤BDK2612
18365,粤BDK2615
18366,粤BDK2617
18367,粤BDK2621
18368,粤BDK2622
18369,粤BDK2623
18370,粤BDK2631
18371,粤BDK2632
18372,粤BDK2635
18373,粤BDK2640
18374,粤BDK2645
18375,粤BDK2646
18376,粤BDK2647
18377,粤BDK2655
18378,粤BDK2657
18379,粤BDK2659
18380,粤BDK2661
18381,粤BDK2662
18382,粤BDK2663
18383,粤BDK2671
18384,粤BDK2676
18385,粤BDK2682
18386,粤BDK2683
18387,粤BDK2686
18388,粤BDK2687
18389,粤BDK2689
18390,粤BDK2690
18391,粤BDK2703
18392,粤BDK2706
18393,粤BDK2712
18394,粤BDK2713
18395,粤BDK2718
18396,粤BDK2719
18397,粤BDK2722
18398,粤BDK2726
18399,粤BDK2728
18400,粤BDK2731
18401,粤BDK2737
18402,粤BDK2738
18403,粤BDK2739
18404,粤BDK2747
18405,粤BDK2749
18406,粤BDK2751
18407,粤BDK2753
18408,粤BDK2755
18409,粤BDK2756
18410,粤BDK2759
18411,粤BDK2763
18412,粤BDK2765
18413,粤BDK2766
18414,粤BDK2768
18415,粤BDK2770
18416,粤BDK2775
18417,粤BDK2776
18418,粤BDK2781
18419,粤BDK2782
18420,粤BDK2787
18421,粤BDK2789
18422,粤BDK2791
18423,粤BDK2792
18424,粤BDK2793
18425,粤BDK2798
18426,粤BDK2800
18427,粤BDK2803
18428,粤BDK2805
18429,粤BDK2806
18430,粤BDK2809
18431,粤BDK2813
18432,粤BDK2821
18433,粤BDK2822
18434,粤BDK2823
18435,粤BDK2827
18436,粤BDK2831
18437,粤BDK2832
18438,粤BDK2833
18439,粤BDK2836
18440,粤BDK2837
18441,粤BDK2840
18442,粤BDK2842
18443,粤BDK2846
18444,粤BDK2850
18445,粤BDK2855
18446,粤BDK2856
18447,粤BDK2858
18448,粤BDK2862
18449,粤BDK2867
18450,粤BDK2869
18451,粤BDK2870
18452,粤BDK2881
18453,粤BDK2888
18454,粤BDK2891
18455,粤BDK2893
18456,粤BDK2901
18457,粤BDK2902
18458,粤BDK2903
18459,粤BDK2908
18460,粤BDK2913
18461,粤BDK2917
18462,粤BDK2920
18463,粤BDK2921
18464,粤BDK2922
18465,粤BDK2923
18466,粤BDK2927
18467,粤BDK2929
18468,粤BDK2931
18469,粤BDK2932
18470,粤BDK2933
18471,粤BDK2935
18472,粤BDK2938
18473,粤BDK2945
18474,粤BDK2947
18475,粤BDK2951
18476,粤BDK2953
18477,粤BDK2956
18478,粤BDK2957
18479,粤BDK2959
18480,粤BDK2960
18481,粤BDK2962
18482,粤BDK2965
18483,粤BDK2968
18484,粤BDK2976
18485,粤BDK2978
18486,粤BDK2983
18487,粤BDK2990
18488,粤BDK2991
18489,粤BDK3000
18490,粤BDK3002
18491,粤BDK3003
18492,粤BDK3005
18493,粤BDK3007
18494,粤BDK3010
18495,粤BDK3013
18496,粤BDK3016
18497,粤BDK3031
18498,粤BDK3037
18499,粤BDK3038
18500,粤BDK3051
18501,粤BDK3053
18502,粤BDK3056
18503,粤BDK3063
18504,粤BDK3065
18505,粤BDK3069
18506,粤BDK3075
18507,粤BDK3077
18508,粤BDK3078
18509,粤BDK3081
18510,粤BDK3082
18511,粤BDK3083
18512,粤BDK3087
18513,粤BDK3097
18514,粤BDK3099
18515,粤BDK3100
18516,粤BDK3103
18517,粤BDK3106
18518,粤BDK3111
18519,粤BDK3113
18520,粤BDK3116
18521,粤BDK3117
18522,粤BDK3125
18523,粤BDK3127
18524,粤BDK3129
18525,粤BDK3130
18526,粤BDK3149
18527,粤BDK3151
18528,粤BDK3156
18529,粤BDK3160
18530,粤BDK3162
18531,粤BDK3163
18532,粤BDK3165
18533,粤BDK3167
18534,粤BDK3175
18535,粤BDK3176
18536,粤BDK3180
18537,粤BDK3183
18538,粤BDK3187
18539,粤BDK3197
18540,粤BDK3300
18541,粤BDK3302
18542,粤BDK3306
18543,粤BDK3307
18544,粤BDK3309
18545,粤BDK3317
18546,粤BDK3327
18547,粤BDK3332
18548,粤BDK3336
18549,粤BDK3337
18550,粤BDK3343
18551,粤BDK3346
18552,粤BDK3348
18553,粤BDK3350
18554,粤BDK3352
18555,粤BDK3357
18556,粤BDK3358
18557,粤BDK3361
18558,粤BDK3362
18559,粤BDK3366
18560,粤BDK3369
18561,粤BDK3370
18562,粤BDK3372
18563,粤BDK3375
18564,粤BDK3383
18565,粤BDK3391
18566,粤BDK3396
18567,粤BDK3408
18568,粤BDK3438
18569,粤BDK3450
18570,粤BDK3468
18571,粤BDK3469
18572,粤BDK3478
18573,粤BDK3482
18574,粤BDK3489
18575,粤BDK3498
18576,粤BDK3511
18577,粤BDK3512
18578,粤BDK3513
18579,粤BDK3515
18580,粤BDK3517
18581,粤BDK3520
18582,粤BDK3529
18583,粤BDK3531
18584,粤BDK3533
18585,粤BDK3536
18586,粤BDK3537
18587,粤BDK3538
18588,粤BDK3541
18589,粤BDK3545
18590,粤BDK3550
18591,粤BDK3558
18592,粤BDK3559
18593,粤BDK3570
18594,粤BDK3573
18595,粤BDK3576
18596,粤BDK3578
18597,粤BDK3581
18598,粤BDK3582
18599,粤BDK3583
18600,粤BDK3587
18601,粤BDK3589
18602,粤BDK3590
18603,粤BDK3700
18604,粤BDK3712
18605,粤BDK3718
18606,粤BDK3720
18607,粤BDK3723
18608,粤BDK3726
18609,粤BDK3729
18610,粤BDK3731
18611,粤BDK3732
18612,粤BDK3733
18613,粤BDK3735
18614,粤BDK3737
18615,粤BDK3738
18616,粤BDK3751
18617,粤BDK3753
18618,粤BDK3756
18619,粤BDK3767
18620,粤BDK3796
18621,粤BDK3797
18622,粤BDK3798
18623,粤BDK3846
18624,粤BDK3900
18625,粤BDK3901
18626,粤BDK3903
18627,粤BDK3905
18628,粤BDK3910
18629,粤BDK3912
18630,粤BDK3916
18631,粤BDK3918
18632,粤BDK3920
18633,粤BDK3921
18634,粤BDK3923
18635,粤BDK3930
18636,粤BDK3931
18637,粤BDK3932
18638,粤BDK3937
18639,粤BDK3938
18640,粤BDK3950
18641,粤BDK3956
18642,粤BDK3960
18643,粤BDK3962
18644,粤BDK3967
18645,粤BDK3970
18646,粤BDK3972
18647,粤BDK3975
18648,粤BDK3978
18649,粤BDK3979
18650,粤BDK3980
18651,粤BDK3982
18652,粤BDK3986
18653,粤BDK3988
18654,粤BDK3989
18655,粤BDK3990
18656,粤BDK3997
18657,粤BDK3999
18658,粤BDK4001
18659,粤BDK4018
18660,粤BDK4033
18661,粤BDK4035
18662,粤BDK4076
18663,粤BDK4078
18664,粤BDK4079
18665,粤BDK4088
18666,粤BDK4098
18667,粤BDK4099
18668,粤BDK4101
18669,粤BDK4120
18670,粤BDK4131
18671,粤BDK4142
18672,粤BDK4185
18673,粤BDK4191
18674,粤BDK4198
18675,粤BDK4203
18676,粤BDK4219
18677,粤BDK4222
18678,粤BDK4223
18679,粤BDK4226
18680,粤BDK4231
18681,粤BDK4236
18682,粤BDK4241
18683,粤BDK4252
18684,粤BDK4255
18685,粤BDK4256
18686,粤BDK4265
18687,粤BDK4266
18688,粤BDK4270
18689,粤BDK4272
18690,粤BDK4276
18691,粤BDK4281
18692,粤BDK4283
18693,粤BDK4286
18694,粤BDK4295
18695,粤BDK4299
18696,粤BDK4303
18697,粤BDK4311
18698,粤BDK4313
18699,粤BDK4331
18700,粤BDK4333
18701,粤BDK4338
18702,粤BDK4339
18703,粤BDK4345
18704,粤BDK4353
18705,粤BDK4357
18706,粤BDK4359
18707,粤BDK4368
18708,粤BDK4379
18709,粤BDK4389
18710,粤BDK4418
18711,粤BDK4438
18712,粤BDK4531
18713,粤BDK4587
18714,粤BDK4601
18715,粤BDK4606
18716,粤BDK4615
18717,粤BDK4622
18718,粤BDK4625
18719,粤BDK4635
18720,粤BDK4645
18721,粤BDK4660
18722,粤BDK4678
18723,粤BDK4682
18724,粤BDK4691
18725,粤BDK4708
18726,粤BDK4738
18727,粤BDK4788
18728,粤BDK4806
18729,粤BDK4816
18730,粤BDK4849
18731,粤BDK4928
18732,粤BDK4948
18733,粤BDK4966
18734,粤BDK4979
18735,粤BDK4983
18736,粤BDK4987
18737,粤BDK4989
18738,粤BDK4992
18739,粤BDK5002
18740,粤BDK5003
18741,粤BDK5011
18742,粤BDK5013
18743,粤BDK5015
18744,粤BDK5028
18745,粤BDK5029
18746,粤BDK5041
18747,粤BDK5048
18748,粤BDK5059
18749,粤BDK5060
18750,粤BDK5062
18751,粤BDK5067
18752,粤BDK5073
18753,粤BDK5075
18754,粤BDK5083
18755,粤BDK5085
18756,粤BDK5092
18757,粤BDK5097
18758,粤BDK5107
18759,粤BDK5108
18760,粤BDK5111
18761,粤BDK5118
18762,粤BDK5128
18763,粤BDK5133
18764,粤BDK5135
18765,粤BDK5138
18766,粤BDK5148
18767,粤BDK5155
18768,粤BDK5158
18769,粤BDK5161
18770,粤BDK5168
18771,粤BDK5178
18772,粤BDK5180
18773,粤BDK5188
18774,粤BDK5189
18775,粤BDK5198
18776,粤BDK5199
18777,粤BDK5207
18778,粤BDK5310
18779,粤BDK5329
18780,粤BDK5353
18781,粤BDK5355
18782,粤BDK5357
18783,粤BDK5361
18784,粤BDK5362
18785,粤BDK5365
18786,粤BDK5371
18787,粤BDK5373
18788,粤BDK5377
18789,粤BDK5381
18790,粤BDK5385
18791,粤BDK5408
18792,粤BDK5468
18793,粤BDK5502
18794,粤BDK5507
18795,粤BDK5511
18796,粤BDK5513
18797,粤BDK5515
18798,粤BDK5516
18799,粤BDK5523
18800,粤BDK5525
18801,粤BDK5527
18802,粤BDK5530
18803,粤BDK5532
18804,粤BDK5536
18805,粤BDK5537
18806,粤BDK5545
18807,粤BDK5558
18808,粤BDK5560
18809,粤BDK5561
18810,粤BDK5563
18811,粤BDK5565
18812,粤BDK5573
18813,粤BDK5576
18814,粤BDK5578
18815,粤BDK5581
18816,粤BDK5587
18817,粤BDK5596
18818,粤BDK5598
18819,粤BDK5608
18820,粤BDK5615
18821,粤BDK5621
18822,粤BDK5627
18823,粤BDK5628
18824,粤BDK5629
18825,粤BDK5630
18826,粤BDK5633
18827,粤BDK5635
18828,粤BDK5637
18829,粤BDK5639
18830,粤BDK5648
18831,粤BDK5651
18832,粤BDK5659
18833,粤BDK5663
18834,粤BDK5667
18835,粤BDK5671
18836,粤BDK5678
18837,粤BDK5683
18838,粤BDK5687
18839,粤BDK5695
18840,粤BDK5697
18841,粤BDK5699
18842,粤BDK5726
18843,粤BDK5739
18844,粤BDK5778
18845,粤BDK5779
18846,粤BDK5915
18847,粤BDK6003
18848,粤BDK6007
18849,粤BDK6011
18850,粤BDK6013
18851,粤BDK6028
18852,粤BDK6029
18853,粤BDK6032
18854,粤BDK6038
18855,粤BDK6039
18856,粤BDK6043
18857,粤BDK6057
18858,粤BDK6063
18859,粤BDK6069
18860,粤BDK6072
18861,粤BDK6073
18862,粤BDK6081
18863,粤BDK6087
18864,粤BDK6095
18865,粤BDK6101
18866,粤BDK6103
18867,粤BDK6107
18868,粤BDK6116
18869,粤BDK6117
18870,粤BDK6125
18871,粤BDK6131
18872,粤BDK6137
18873,粤BDK6139
18874,粤BDK6151
18875,粤BDK6155
18876,粤BDK6157
18877,粤BDK6158
18878,粤BDK6159
18879,粤BDK6171
18880,粤BDK6172
18881,粤BDK6177
18882,粤BDK6179
18883,粤BDK6185
18884,粤BDK6199
18885,粤BDK6200
18886,粤BDK6201
18887,粤BDK6202
18888,粤BDK6208
18889,粤BDK6210
18890,粤BDK6213
18891,粤BDK6216
18892,粤BDK6219
18893,粤BDK6223
18894,粤BDK6227
18895,粤BDK6231
18896,粤BDK6233
18897,粤BDK6235
18898,粤BDK6239
18899,粤BDK6250
18900,粤BDK6251
18901,粤BDK6258
18902,粤BDK6259
18903,粤BDK6261
18904,粤BDK6268
18905,粤BDK6278
18906,粤BDK6280
18907,粤BDK6281
18908,粤BDK6285
18909,粤BDK6289
18910,粤BDK6297
18911,粤BDK6298
18912,粤BDK6300
18913,粤BDK6303
18914,粤BDK6305
18915,粤BDK6310
18916,粤BDK6315
18917,粤BDK6321
18918,粤BDK6323
18919,粤BDK6326
18920,粤BDK6331
18921,粤BDK6333
18922,粤BDK6336
18923,粤BDK6337
18924,粤BDK6338
18925,粤BDK6348
18926,粤BDK6349
18927,粤BDK6351
18928,粤BDK6352
18929,粤BDK6355
18930,粤BDK6356
18931,粤BDK6358
18932,粤BDK6359
18933,粤BDK6367
18934,粤BDK6373
18935,粤BDK6377
18936,粤BDK6381
18937,粤BDK6387
18938,粤BDK6393
18939,粤BDK6395
18940,粤BDK6396
18941,粤BDK6476
18942,粤BDK6478
18943,粤BDK6482
18944,粤BDK6502
18945,粤BDK6503
18946,粤BDK6508
18947,粤BDK6511
18948,粤BDK6516
18949,粤BDK6523
18950,粤BDK6528
18951,粤BDK6531
18952,粤BDK6533
18953,粤BDK6538
18954,粤BDK6541
18955,粤BDK6550
18956,粤BDK6552
18957,粤BDK6555
18958,粤BDK6559
18959,粤BDK6563
18960,粤BDK6565
18961,粤BDK6567
18962,粤BDK6571
18963,粤BDK6573
18964,粤BDK6575
18965,粤BDK6577
18966,粤BDK6582
18967,粤BDK6583
18968,粤BDK6588
18969,粤BDK6592
18970,粤BDK6595
18971,粤BDK6625
18972,粤BDK6627
18973,粤BDK6657
18974,粤BDK6673
18975,粤BDK6807
18976,粤BDK6821
18977,粤BDK6827
18978,粤BDK6829
18979,粤BDK6831
18980,粤BDK6832
18981,粤BDK6835
18982,粤BDK6848
18983,粤BDK6852
18984,粤BDK6853
18985,粤BDK6857
18986,粤BDK6859
18987,粤BDK6871
18988,粤BDK6872
18989,粤BDK6878
18990,粤BDK6881
18991,粤BDK6883
18992,粤BDK6890
18993,粤BDK6895
18994,粤BDK6897
18995,粤BDK6901
18996,粤BDK6902
18997,粤BDK6906
18998,粤BDK6907
18999,粤BDK6909
19000,粤BDK6910
19001,粤BDK6912
19002,粤BDK6913
19003,粤BDK6915
19004,粤BDK6917
19005,粤BDK6919
19006,粤BDK6923
19007,粤BDK6925
19008,粤BDK6930
19009,粤BDK6931
19010,粤BDK6937
19011,粤BDK6938
19012,粤BDK6939
19013,粤BDK6947
19014,粤BDK6948
19015,粤BDK6949
19016,粤BDK6950
19017,粤BDK6957
19018,粤BDK6960
19019,粤BDK6970
19020,粤BDK6973
19021,粤BDK6981
19022,粤BDK6985
19023,粤BDK6986
19024,粤BDK6988
19025,粤BDK6990
19026,粤BDK6997
19027,粤BDK7005
19028,粤BDK7006
19029,粤BDK7011
19030,粤BDK7015
19031,粤BDK7023
19032,粤BDK7028
19033,粤BDK7031
19034,粤BDK7033
19035,粤BDK7038
19036,粤BDK7049
19037,粤BDK7050
19038,粤BDK7051
19039,粤BDK7052
19040,粤BDK7053
19041,粤BDK7055
19042,粤BDK7058
19043,粤BDK7059
19044,粤BDK7061
19045,粤BDK7067
19046,粤BDK7068
19047,粤BDK7069
19048,粤BDK7071
19049,粤BDK7078
19050,粤BDK7079
19051,粤BDK7083
19052,粤BDK7086
19053,粤BDK7087
19054,粤BDK7092
19055,粤BDK7093
19056,粤BDK7095
19057,粤BDK7098
19058,粤BDK7191
19059,粤BDK7199
19060,粤BDK7206
19061,粤BDK7208
19062,粤BDK7265
19063,粤BDK7273
19064,粤BDK7277
19065,粤BDK7283
19066,粤BDK7287
19067,粤BDK7307
19068,粤BDK7355
19069,粤BDK7401
19070,粤BDK7415
19071,粤BDK7425
19072,粤BDK7429
19073,粤BDK7441
19074,粤BDK7468
19075,粤BDK7477
19076,粤BDK7480
19077,粤BDK7481
19078,粤BDK7486
19079,粤BDK7499
19080,粤BDK7528
19081,粤BDK7607
19082,粤BDK7608
19083,粤BDK7625
19084,粤BDK7628
19085,粤BDK7629
19086,粤BDK7655
19087,粤BDK7657
19088,粤BDK7659
19089,粤BDK7680
19090,粤BDK7706
19091,粤BDK7708
19092,粤BDK7718
19093,粤BDK7719
19094,粤BDK7723
19095,粤BDK7736
19096,粤BDK7738
19097,粤BDK7746
19098,粤BDK7768
19099,粤BDK7783
19100,粤BDK7786
19101,粤BDK7789
19102,粤BDK7792
19103,粤BDK7796
19104,粤BDK7798
19105,粤BDK7803
19106,粤BDK7807
19107,粤BDK7810
19108,粤BDK7813
19109,粤BDK7818
19110,粤BDK7820
19111,粤BDK7828
19112,粤BDK7833
19113,粤BDK7835
19114,粤BDK7837
19115,粤BDK7838
19116,粤BDK7839
19117,粤BDK7848
19118,粤BDK7849
19119,粤BDK7851
19120,粤BDK7858
19121,粤BDK7862
19122,粤BDK7865
19123,粤BDK7872
19124,粤BDK7873
19125,粤BDK7875
19126,粤BDK7878
19127,粤BDK7879
19128,粤BDK7881
19129,粤BDK7885
19130,粤BDK7893
19131,粤BDK7898
19132,粤BDK7908
19133,粤BDK7918
19134,粤BDK7923
19135,粤BDK7928
19136,粤BDK7929
19137,粤BDK7936
19138,粤BDK7938
19139,粤BDK7948
19140,粤BDK7958
19141,粤BDK7968
19142,粤BDK7976
19143,粤BDK7978
19144,粤BDK7985
19145,粤BDK7988
19146,粤BDK7993
19147,粤BDK7998
19148,粤BDK8000
19149,粤BDK8002
19150,粤BDK8012
19151,粤BDK8013
19152,粤BDK8015
19153,粤BDK8021
19154,粤BDK8025
19155,粤BDK8027
19156,粤BDK8036
19157,粤BDK8037
19158,粤BDK8042
19159,粤BDK8048
19160,粤BDK8053
19161,粤BDK8057
19162,粤BDK8058
19163,粤BDK8067
19164,粤BDK8069
19165,粤BDK8071
19166,粤BDK8072
19167,粤BDK8073
19168,粤BDK8075
19169,粤BDK8076
19170,粤BDK8082
19171,粤BDK8087
19172,粤BDK8088
19173,粤BDK8091
19174,粤BDK8093
19175,粤BDK8096
19176,粤BDK8101
19177,粤BDK8113
19178,粤BDK8122
19179,粤BDK8123
19180,粤BDK8133
19181,粤BDK8137
19182,粤BDK8138
19183,粤BDK8145
19184,粤BDK8146
19185,粤BDK8148
19186,粤BDK8150
19187,粤BDK8158
19188,粤BDK8163
19189,粤BDK8165
19190,粤BDK8167
19191,粤BDK8170
19192,粤BDK8173
19193,粤BDK8178
19194,粤BDK8187
19195,粤BDK8190
19196,粤BDK8191
19197,粤BDK8203
19198,粤BDK8206
19199,粤BDK8216
19200,粤BDK8218
19201,粤BDK8220
19202,粤BDK8222
19203,粤BDK8237
19204,粤BDK8248
19205,粤BDK8251
19206,粤BDK8253
19207,粤BDK8257
19208,粤BDK8262
19209,粤BDK8263
19210,粤BDK8267
19211,粤BDK8268
19212,粤BDK8278
19213,粤BDK8280
19214,粤BDK8281
19215,粤BDK8286
19216,粤BDK8289
19217,粤BDK8291
19218,粤BDK8293
19219,粤BDK8295
19220,粤BDK8298
19221,粤BDK8303
19222,粤BDK8307
19223,粤BDK8310
19224,粤BDK8312
19225,粤BDK8320
19226,粤BDK8321
19227,粤BDK8322
19228,粤BDK8323
19229,粤BDK8326
19230,粤BDK8327
19231,粤BDK8330
19232,粤BDK8333
19233,粤BDK8335
19234,粤BDK8338
19235,粤BDK8339
19236,粤BDK8341
19237,粤BDK8350
19238,粤BDK8362
19239,粤BDK8363
19240,粤BDK8367
19241,粤BDK8372
19242,粤BDK8375
19243,粤BDK8382
19244,粤BDK8388
19245,粤BDK8396
19246,粤BDK8402
19247,粤BDK8405
19248,粤BDK8407
19249,粤BDK8417
19250,粤BDK8418
19251,粤BDK8423
19252,粤BDK8425
19253,粤BDK8439
19254,粤BDK8459
19255,粤BDK8462
19256,粤BDK8465
19257,粤BDK8477
19258,粤BDK8483
19259,粤BDK8489
19260,粤BDK8499
19261,粤BDK8501
19262,粤BDK8507
19263,粤BDK8510
19264,粤BDK8513
19265,粤BDK8517
19266,粤BDK8521
19267,粤BDK8526
19268,粤BDK8529
19269,粤BDK8530
19270,粤BDK8545
19271,粤BDK8547
19272,粤BDK8560
19273,粤BDK8569
19274,粤BDK8571
19275,粤BDK8572
19276,粤BDK8573
19277,粤BDK8575
19278,粤BDK8597
19279,粤BDK8705
19280,粤BDK8709
19281,粤BDK8718
19282,粤BDK8719
19283,粤BDK8728
19284,粤BDK8733
19285,粤BDK8738
19286,粤BDK8748
19287,粤BDK8756
19288,粤BDK8757
19289,粤BDK8758
19290,粤BDK8773
19291,粤BDK8783
19292,粤BDK8789
19293,粤BDK8793
19294,粤BDK8797
19295,粤BDK8800
19296,粤BDK8801
19297,粤BDK8803
19298,粤BDK8806
19299,粤BDK8808
19300,粤BDK8809
19301,粤BDK8813
19302,粤BDK8815
19303,粤BDK8818
19304,粤BDK8819
19305,粤BDK8822
19306,粤BDK8826
19307,粤BDK8829
19308,粤BDK8830
19309,粤BDK8833
19310,粤BDK8835
19311,粤BDK8840
19312,粤BDK8846
19313,粤BDK8848
19314,粤BDK8849
19315,粤BDK8850
19316,粤BDK8851
19317,粤BDK8856
19318,粤BDK8860
19319,粤BDK8861
19320,粤BDK8862
19321,粤BDK8865
19322,粤BDK8867
19323,粤BDK8868
19324,粤BDK8870
19325,粤BDK8872
19326,粤BDK8873
19327,粤BDK8876
19328,粤BDK8880
19329,粤BDK8881
19330,粤BDK8883
19331,粤BDK8885
19332,粤BDK8886
19333,粤BDK8887
19334,粤BDK8889
19335,粤BDK8892
19336,粤BDK8898
19337,粤BDK8946
19338,粤BDK9005
19339,粤BDK9015
19340,粤BDK9020
19341,粤BDK9027
19342,粤BDK9029
19343,粤BDK9032
19344,粤BDK9037
19345,粤BDK9038
19346,粤BDK9045
19347,粤BDK9048
19348,粤BDK9071
19349,粤BDK9078
19350,粤BDK9079
19351,粤BDK9083
19352,粤BDK9088
19353,粤BDK9100
19354,粤BDK9106
19355,粤BDK9109
19356,粤BDK9110
19357,粤BDK9113
19358,粤BDK9116
19359,粤BDK9118
19360,粤BDK9119
19361,粤BDK9122
19362,粤BDK9123
19363,粤BDK9126
19364,粤BDK9127
19365,粤BDK9128
19366,粤BDK9130
19367,粤BDK9131
19368,粤BDK9133
19369,粤BDK9136
19370,粤BDK9138
19371,粤BDK9148
19372,粤BDK9157
19373,粤BDK9166
19374,粤BDK9169
19375,粤BDK9178
19376,粤BDK9181
19377,粤BDK9182
19378,粤BDK9183
19379,粤BDK9186
19380,粤BDK9187
19381,粤BDK9188
19382,粤BDK9190
19383,粤BDK9192
19384,粤BDK9193
19385,粤BDK9196
19386,粤BDK9201
19387,粤BDK9202
19388,粤BDK9207
19389,粤BDK9211
19390,粤BDK9219
19391,粤BDK9220
19392,粤BDK9221
19393,粤BDK9229
19394,粤BDK9231
19395,粤BDK9232
19396,粤BDK9238
19397,粤BDK9245
19398,粤BDK9250
19399,粤BDK9252
19400,粤BDK9259
19401,粤BDK9260
19402,粤BDK9265
19403,粤BDK9266
19404,粤BDK9268
19405,粤BDK9269
19406,粤BDK9272
19407,粤BDK9275
19408,粤BDK9276
19409,粤BDK9279
19410,粤BDK9280
19411,粤BDK9281
19412,粤BDK9293
19413,粤BDK9305
19414,粤BDK9308
19415,粤BDK9309
19416,粤BDK9312
19417,粤BDK9313
19418,粤BDK9315
19419,粤BDK9317
19420,粤BDK9323
19421,粤BDK9340
19422,粤BDK9350
19423,粤BDK9353
19424,粤BDK9356
19425,粤BDK9357
19426,粤BDK9359
19427,粤BDK9360
19428,粤BDK9368
19429,粤BDK9377
19430,粤BDK9378
19431,粤BDK9381
19432,粤BDK9385
19433,粤BDK9389
19434,粤BDK9390
19435,粤BDK9406
19436,粤BDK9425
19437,粤BDK9506
19438,粤BDK9516
19439,粤BDK9517
19440,粤BDK9520
19441,粤BDK9527
19442,粤BDK9531
19443,粤BDK9533
19444,粤BDK9538
19445,粤BDK9539
19446,粤BDK9540
19447,粤BDK9546
19448,粤BDK9548
19449,粤BDK9553
19450,粤BDK9555
19451,粤BDK9557
19452,粤BDK9565
19453,粤BDK9567
19454,粤BDK9568
19455,粤BDK9569
19456,粤BDK9571
19457,粤BDK9572
19458,粤BDK9573
19459,粤BDK9583
19460,粤BDK9596
19461,粤BDK9599
19462,粤BDK9603
19463,粤BDK9607
19464,粤BDK9609
19465,粤BDK9610
19466,粤BDK9612
19467,粤BDK9613
19468,粤BDK9615
19469,粤BDK9617
19470,粤BDK9621
19471,粤BDK9627
19472,粤BDK9631
19473,粤BDK9639
19474,粤BDK9653
19475,粤BDK9658
19476,粤BDK9659
19477,粤BDK9661
19478,粤BDK9666
19479,粤BDK9671
19480,粤BDK9673
19481,粤BDK9679
19482,粤BDK9690
19483,粤BDK9698
19484,粤BDK9701
19485,粤BDK9702
19486,粤BDK9709
19487,粤BDK9713
19488,粤BDK9716
19489,粤BDK9726
19490,粤BDK9732
19491,粤BDK9737
19492,粤BDK9738
19493,粤BDK9739
19494,粤BDK9740
19495,粤BDK9741
19496,粤BDK9750
19497,粤BDK9751
19498,粤BDK9752
19499,粤BDK9753
19500,粤BDK9755
19501,粤BDK9756
19502,粤BDK9757
19503,粤BDK9758
19504,粤BDK9759
19505,粤BDK9766
19506,粤BDK9771
19507,粤BDK9773
19508,粤BDK9775
19509,粤BDK9776
19510,粤BDK9778
19511,粤BDK9779
19512,粤BDK9780
19513,粤BDK9781
19514,粤BDK9782
19515,粤BDK9783
19516,粤BDK9789
19517,粤BDK9797
19518,粤BDK9806
19519,粤BDK9812
19520,粤BDK9817
19521,粤BDK9823
19522,粤BDK9827
19523,粤BDK9831
19524,粤BDK9835
19525,粤BDK9841
19526,粤BDK9842
19527,粤BDK9852
19528,粤BDK9853
19529,粤BDK9870
19530,粤BDK9873
19531,粤BDK9877
19532,粤BDK9885
19533,粤BDK9887
19534,粤BDK9892
19535,粤BDK9895
19536,粤BDK9903
19537,粤BDK9907
19538,粤BDK9909
19539,粤BDK9915
19540,粤BDK9916
19541,粤BDK9917
19542,粤BDK9920
19543,粤BDK9926
19544,粤BDK9931
19545,粤BDK9935
19546,粤BDK9937
19547,粤BDK9940
19548,粤BDK9946
19549,粤BDK9955
19550,粤BDK9966
19551,粤BDK9970
19552,粤BDK9973
19553,粤BDK9977
19554,粤BDK9991
19555,粤BDL0106
19556,粤BDL0247
19557,粤BDL0266
19558,粤BDL0426
19559,粤BDL0471
19560,粤BDL0476
19561,粤BDL0511
19562,粤BDL0597
19563,粤BDL0603
19564,粤BDL0632
19565,粤BDL0803
19566,粤BDL0815
19567,粤BDL0956
19568,粤BDL1122
19569,粤BDL1149
19570,粤BDL1227
19571,粤BDL1451
19572,粤BDL1510
19573,粤BDL1671
19574,粤BDL1797
19575,粤BDL2335
19576,粤BDL2343
19577,粤BDL2433
19578,粤BDL2451
19579,粤BDL2541
19580,粤BDL2751
19581,粤BDL2969
19582,粤BDL2972
19583,粤BDL2982
19584,粤BDL3382
19585,粤BDL3542
19586,粤BDL3582
19587,粤BDL3642
19588,粤BDL4036
19589,粤BDL4062
19590,粤BDL4110
19591,粤BDL4112
19592,粤BDL4228
19593,粤BDL4303
19594,粤BDL4862
19595,粤BDL4970
19596,粤BDL5111
19597,粤BDL5413
19598,粤BDL5539
19599,粤BDL5700
19600,粤BDL6222
19601,粤BDL6487
19602,粤BDL6517
19603,粤BDL6687
19604,粤BDL6875
19605,粤BDL7025
19606,粤BDL7447
19607,粤BDL7592
19608,粤BDL7603
19609,粤BDL7616
19610,粤BDL7692
19611,粤BDL7746
19612,粤BDL7761
19613,粤BDL7801
19614,粤BDL7938
19615,粤BDL8036
19616,粤BDL8061
19617,粤BDL8297
19618,粤BDL8450
19619,粤BDL8460
19620,粤BDL8583
19621,粤BDL8731
19622,粤BDL8782
19623,粤BDL8926
19624,粤BDL8958
19625,粤BDL9007
19626,粤BDL9426
19627,粤BDL9467
19628,粤BDL9665
19629,粤BDL9851
19630,粤BDM0018
19631,粤BDM0095
19632,粤BDM0143
19633,粤BDM0210
19634,粤BDM0237
19635,粤BDM0281
19636,粤BDM0342
19637,粤BDM0372
19638,粤BDM0410
19639,粤BDM0432
19640,粤BDM0438
19641,粤BDM0483
19642,粤BDM0492
19643,粤BDM0507
19644,粤BDM0523
19645,粤BDM0531
19646,粤BDM0535
19647,粤BDM0543
19648,粤BDM0572
19649,粤BDM0600
19650,粤BDM0677
19651,粤BDM0741
19652,粤BDM0752
19653,粤BDM0761
19654,粤BDM0786
19655,粤BDM0982
19656,粤BDM1010
19657,粤BDM1017
19658,粤BDM1097
19659,粤BDM1110
19660,粤BDM1178
19661,粤BDM1245
19662,粤BDM1246
19663,粤BDM1255
19664,粤BDM1315
19665,粤BDM1346
19666,粤BDM1353
19667,粤BDM1356
19668,粤BDM1357
19669,粤BDM1367
19670,粤BDM1406
19671,粤BDM1408
19672,粤BDM1417
19673,粤BDM1422
19674,粤BDM1436
19675,粤BDM1440
19676,粤BDM1450
19677,粤BDM1521
19678,粤BDM1537
19679,粤BDM1538
19680,粤BDM1645
19681,粤BDM1698
19682,粤BDM1701
19683,粤BDM1730
19684,粤BDM1739
19685,粤BDM1781
19686,粤BDM1871
19687,粤BDM1897
19688,粤BDM1925
19689,粤BDM2042
19690,粤BDM2090
19691,粤BDM2092
19692,粤BDM2180
19693,粤BDM2210
19694,粤BDM2243
19695,粤BDM2251
19696,粤BDM2272
19697,粤BDM2357
19698,粤BDM2361
19699,粤BDM2367
19700,粤BDM2419
19701,粤BDM2421
19702,粤BDM2431
19703,粤BDM2455
19704,粤BDM2467
19705,粤BDM2481
19706,粤BDM2490
19707,粤BDM2593
19708,粤BDM2688
19709,粤BDM2719
19710,粤BDM2749
19711,粤BDM2761
19712,粤BDM2787
19713,粤BDM2887
19714,粤BDM2918
19715,粤BDM2963
19716,粤BDM2967
19717,粤BDM2989
19718,粤BDM2993
19719,粤BDM3016
19720,粤BDM3037
19721,粤BDM3091
19722,粤BDM3105
19723,粤BDM3143
19724,粤BDM3146
19725,粤BDM3152
19726,粤BDM3175
19727,粤BDM3189
19728,粤BDM3190
19729,粤BDM3225
19730,粤BDM3279
19731,粤BDM3287
19732,粤BDM3340
19733,粤BDM3378
19734,粤BDM3422
19735,粤BDM3433
19736,粤BDM3441
19737,粤BDM3573
19738,粤BDM3579
19739,粤BDM3619
19740,粤BDM3662
19741,粤BDM3672
19742,粤BDM3702
19743,粤BDM3743
19744,粤BDM3745
19745,粤BDM3747
19746,粤BDM3783
19747,粤BDM3791
19748,粤BDM3847
19749,粤BDM3935
19750,粤BDM4002
19751,粤BDM4005
19752,粤BDM4023
19753,粤BDM4042
19754,粤BDM4076
19755,粤BDM4101
19756,粤BDM4106
19757,粤BDM4116
19758,粤BDM4127
19759,粤BDM4136
19760,粤BDM4182
19761,粤BDM4192
19762,粤BDM4200
19763,粤BDM4209
19764,粤BDM4241
19765,粤BDM4287
19766,粤BDM4308
19767,粤BDM4312
19768,粤BDM4313
19769,粤BDM4316
19770,粤BDM4328
19771,粤BDM4398
19772,粤BDM4419
19773,粤BDM4452
19774,粤BDM4472
19775,粤BDM4473
19776,粤BDM4490
19777,粤BDM4503
19778,粤BDM4521
19779,粤BDM4533
19780,粤BDM4536
19781,粤BDM4583
19782,粤BDM4627
19783,粤BDM4648
19784,粤BDM4707
19785,粤BDM4762
19786,粤BDM4821
19787,粤BDM4845
19788,粤BDM4942
19789,粤BDM4943
19790,粤BDM4978
19791,粤BDM5000
19792,粤BDM5047
19793,粤BDM5107
19794,粤BDM5143
19795,粤BDM5272
19796,粤BDM5321
19797,粤BDM5346
19798,粤BDM5362
19799,粤BDM5447
19800,粤BDM5466
19801,粤BDM5476
19802,粤BDM5492
19803,粤BDM5493
19804,粤BDM5549
19805,粤BDM5602
19806,粤BDM5760
19807,粤BDM6071
19808,粤BDM6075
19809,粤BDM6141
19810,粤BDM6148
19811,粤BDM6187
19812,粤BDM6279
19813,粤BDM6303
19814,粤BDM6378
19815,粤BDM6387
19816,粤BDM6390
19817,粤BDM6422
19818,粤BDM6451
19819,粤BDM6470
19820,粤BDM6498
19821,粤BDM6619
19822,粤BDM6653
19823,粤BDM6672
19824,粤BDM6673
19825,粤BDM6713
19826,粤BDM6731
19827,粤BDM6740
19828,粤BDM6841
19829,粤BDM6929
19830,粤BDM6948
19831,粤BDM6968
19832,粤BDM7001
19833,粤BDM7012
19834,粤BDM7070
19835,粤BDM7132
19836,粤BDM7145
19837,粤BDM7146
19838,粤BDM7165
19839,粤BDM7192
19840,粤BDM7205
19841,粤BDM7326
19842,粤BDM7353
19843,粤BDM7365
19844,粤BDM7372
19845,粤BDM7376
19846,粤BDM7417
19847,粤BDM7420
19848,粤BDM7461
19849,粤BDM7495
19850,粤BDM7503
19851,粤BDM7507
19852,粤BDM7512
19853,粤BDM7579
19854,粤BDM7591
19855,粤BDM7641
19856,粤BDM7645
19857,粤BDM7822
19858,粤BDM7841
19859,粤BDM7847
19860,粤BDM7928
19861,粤BDM7943
19862,粤BDM7976
19863,粤BDM7978
19864,粤BDM8012
19865,粤BDM8031
19866,粤BDM8046
19867,粤BDM8089
19868,粤BDM8227
19869,粤BDM8235
19870,粤BDM8402
19871,粤BDM8412
19872,粤BDM8429
19873,粤BDM8435
19874,粤BDM8470
19875,粤BDM8471
19876,粤BDM8475
19877,粤BDM8476
19878,粤BDM8630
19879,粤BDM8642
19880,粤BDM8671
19881,粤BDM8723
19882,粤BDM8793
19883,粤BDM8835
19884,粤BDM9119
19885,粤BDM9130
19886,粤BDM9135
19887,粤BDM9143
19888,粤BDM9273
19889,粤BDM9300
19890,粤BDM9340
19891,粤BDM9343
19892,粤BDM9401
19893,粤BDM9406
19894,粤BDM9420
19895,粤BDM9436
19896,粤BDM9440
19897,粤BDM9462
19898,粤BDM9471
19899,粤BDM9722
19900,粤BDM9760
19901,粤BDM9771
19902,粤BDM9783
19903,粤BDN0001
19904,粤BDN0023
19905,粤BDN0042
19906,粤BDN0141
19907,粤BDN0255
19908,粤BDN0442
19909,粤BDN0507
19910,粤BDN0566
19911,粤BDN0742
19912,粤BDN0778
19913,粤BDN0800
19914,粤BDN0826
19915,粤BDN0875
19916,粤BDN1010
19917,粤BDN1016
19918,粤BDN1075
19919,粤BDN1137
19920,粤BDN1143
19921,粤BDN1146
19922,粤BDN1161
19923,粤BDN1257
19924,粤BDN1261
19925,粤BDN1393
19926,粤BDN1402
19927,粤BDN1413
19928,粤BDN1440
19929,粤BDN1448
19930,粤BDN1527
19931,粤BDN1570
19932,粤BDN1575
19933,粤BDN1679
19934,粤BDN1720
19935,粤BDN1892
19936,粤BDN1925
19937,粤BDN1971
19938,粤BDN2091
19939,粤BDN2172
19940,粤BDN2173
19941,粤BDN2229
19942,粤BDN2279
19943,粤BDN2347
19944,粤BDN2486
19945,粤BDN2488
19946,粤BDN2497
19947,粤BDN2523
19948,粤BDN2562
19949,粤BDN2579
19950,粤BDN2610
19951,粤BDN2902
19952,粤BDN2947
19953,粤BDN3056
19954,粤BDN3083
19955,粤BDN3123
19956,粤BDN3262
19957,粤BDN3437
19958,粤BDN3498
19959,粤BDN3499
19960,粤BDN3540
19961,粤BDN3651
19962,粤BDN3763
19963,粤BDN3820
19964,粤BDN3886
19965,粤BDN4000
19966,粤BDN4221
19967,粤BDN4256
19968,粤BDN4262
19969,粤BDN4326
19970,粤BDN4447
19971,粤BDN4526
19972,粤BDN4597
19973,粤BDN4612
19974,粤BDN4630
19975,粤BDN4716
19976,粤BDN4800
19977,粤BDN5006
19978,粤BDN5021
19979,粤BDN5073
19980,粤BDN5189
19981,粤BDN5242
19982,粤BDN5319
19983,粤BDN5346
19984,粤BDN5410
19985,粤BDN5416
19986,粤BDN5421
19987,粤BDN5580
19988,粤BDN5743
19989,粤BDN5765
19990,粤BDN5791
19991,粤BDN5793
19992,粤BDN5836
19993,粤BDN5915
19994,粤BDN6129
19995,粤BDN6145
19996,粤BDN6172
19997,粤BDN6222
19998,粤BDN6281
19999,粤BDN6337
20000,粤BDN6346
20001,粤BDN6423
20002,粤BDN6468
20003,粤BDN6502
20004,粤BDN6549
20005,粤BDN6611
20006,粤BDN6747
20007,粤BDN6779
20008,粤BDN6816
20009,粤BDN6855
20010,粤BDN7136
20011,粤BDN7142
20012,粤BDN7262
20013,粤BDN7275
20014,粤BDN7305
20015,粤BDN7313
20016,粤BDN7365
20017,粤BDN7433
20018,粤BDN7472
20019,粤BDN7526
20020,粤BDN7540
20021,粤BDN7582
20022,粤BDN7861
20023,粤BDN8000
20024,粤BDN8221
20025,粤BDN8298
20026,粤BDN8311
20027,粤BDN8368
20028,粤BDN8373
20029,粤BDN8390
20030,粤BDN8471
20031,粤BDN8557
20032,粤BDN8583
20033,粤BDN8615
20034,粤BDN8715
20035,粤BDN8718
20036,粤BDN8758
20037,粤BDN8851
20038,粤BDN8899
20039,粤BDN8975
20040,粤BDN9040
20041,粤BDN9133
20042,粤BDN9170
20043,粤BDN9182
20044,粤BDN9225
20045,粤BDN9396
20046,粤BDN9401
20047,粤BDN9431
20048,粤BDN9435
20049,粤BDN9590
20050,粤BDN9595
20051,粤BDN9701
20052,粤BDN9875
20053,粤BDP0015
20054,粤BDP0032
20055,粤BDP0073
20056,粤BDP0111
20057,粤BDP0136
20058,粤BDP0152
20059,粤BDP0156
20060,粤BDP0157
20061,粤BDP0167
20062,粤BDP0180
20063,粤BDP0185
20064,粤BDP0227
20065,粤BDP0247
20066,粤BDP0250
20067,粤BDP0283
20068,粤BDP0290
20069,粤BDP0305
20070,粤BDP0318
20071,粤BDP0335
20072,粤BDP0351
20073,粤BDP0353
20074,粤BDP0356
20075,粤BDP0363
20076,粤BDP0403
20077,粤BDP0427
20078,粤BDP0432
20079,粤BDP0433
20080,粤BDP0496
20081,粤BDP0509
20082,粤BDP0522
20083,粤BDP0538
20084,粤BDP0556
20085,粤BDP0570
20086,粤BDP0582
20087,粤BDP0617
20088,粤BDP0692
20089,粤BDP0719
20090,粤BDP0738
20091,粤BDP0742
20092,粤BDP0749
20093,粤BDP0766
20094,粤BDP0767
20095,粤BDP0795
20096,粤BDP0823
20097,粤BDP0832
20098,粤BDP0835
20099,粤BDP0876
20100,粤BDP0893
20101,粤BDP0922
20102,粤BDP0927
20103,粤BDP0945
20104,粤BDP0953
20105,粤BDP0958
20106,粤BDP0972
20107,粤BDP0973
20108,粤BDP0975
20109,粤BDP1009
20110,粤BDP1023
20111,粤BDP1027
20112,粤BDP1033
20113,粤BDP1051
20114,粤BDP1062
20115,粤BDP1076
20116,粤BDP1089
20117,粤BDP1095
20118,粤BDP1118
20119,粤BDP1151
20120,粤BDP1165
20121,粤BDP1187
20122,粤BDP1196
20123,粤BDP1199
20124,粤BDP1203
20125,粤BDP1233
20126,粤BDP1240
20127,粤BDP1337
20128,粤BDP1346
20129,粤BDP1357
20130,粤BDP1373
20131,粤BDP1379
20132,粤BDP1413
20133,粤BDP1422
20134,粤BDP1423
20135,粤BDP1426
20136,粤BDP1452
20137,粤BDP1497
20138,粤BDP1509
20139,粤BDP1520
20140,粤BDP1537
20141,粤BDP1548
20142,粤BDP1549
20143,粤BDP1581
20144,粤BDP1582
20145,粤BDP1583
20146,粤BDP1587
20147,粤BDP1690
20148,粤BDP1719
20149,粤BDP1723
20150,粤BDP1762
20151,粤BDP1766
20152,粤BDP1770
20153,粤BDP1810
20154,粤BDP1831
20155,粤BDP1848
20156,粤BDP1863
20157,粤BDP1870
20158,粤BDP1879
20159,粤BDP1901
20160,粤BDP1956
20161,粤BDP1976
20162,粤BDP2008
20163,粤BDP2025
20164,粤BDP2062
20165,粤BDP2063
20166,粤BDP2081
20167,粤BDP2082
20168,粤BDP2105
20169,粤BDP2107
20170,粤BDP2120
20171,粤BDP2132
20172,粤BDP2137
20173,粤BDP2149
20174,粤BDP2153
20175,粤BDP2167
20176,粤BDP2175
20177,粤BDP2195
20178,粤BDP2255
20179,粤BDP2261
20180,粤BDP2269
20181,粤BDP2276
20182,粤BDP2291
20183,粤BDP2320
20184,粤BDP2327
20185,粤BDP2332
20186,粤BDP2371
20187,粤BDP2373
20188,粤BDP2398
20189,粤BDP2408
20190,粤BDP2410
20191,粤BDP2412
20192,粤BDP2478
20193,粤BDP2488
20194,粤BDP2492
20195,粤BDP2500
20196,粤BDP2507
20197,粤BDP2510
20198,粤BDP2520
20199,粤BDP2536
20200,粤BDP2546
20201,粤BDP2568
20202,粤BDP2573
20203,粤BDP2617
20204,粤BDP2625
20205,粤BDP2626
20206,粤BDP2631
20207,粤BDP2633
20208,粤BDP2635
20209,粤BDP2642
20210,粤BDP2679
20211,粤BDP2683
20212,粤BDP2705
20213,粤BDP2708
20214,粤BDP2712
20215,粤BDP2713
20216,粤BDP2720
20217,粤BDP2735
20218,粤BDP2736
20219,粤BDP2749
20220,粤BDP2758
20221,粤BDP2767
20222,粤BDP2783
20223,粤BDP2787
20224,粤BDP2806
20225,粤BDP2820
20226,粤BDP2845
20227,粤BDP2867
20228,粤BDP2873
20229,粤BDP2887
20230,粤BDP2900
20231,粤BDP2910
20232,粤BDP2928
20233,粤BDP2929
20234,粤BDP2939
20235,粤BDP2957
20236,粤BDP2987
20237,粤BDP3013
20238,粤BDP3037
20239,粤BDP3041
20240,粤BDP3051
20241,粤BDP3056
20242,粤BDP3062
20243,粤BDP3063
20244,粤BDP3070
20245,粤BDP3078
20246,粤BDP3115
20247,粤BDP3129
20248,粤BDP3171
20249,粤BDP3182
20250,粤BDP3183
20251,粤BDP3203
20252,粤BDP3210
20253,粤BDP3219
20254,粤BDP3221
20255,粤BDP3223
20256,粤BDP3227
20257,粤BDP3261
20258,粤BDP3271
20259,粤BDP3308
20260,粤BDP3315
20261,粤BDP3326
20262,粤BDP3385
20263,粤BDP3387
20264,粤BDP3390
20265,粤BDP3397
20266,粤BDP3402
20267,粤BDP3433
20268,粤BDP3439
20269,粤BDP3440
20270,粤BDP3451
20271,粤BDP3455
20272,粤BDP3466
20273,粤BDP3491
20274,粤BDP3530
20275,粤BDP3542
20276,粤BDP3546
20277,粤BDP3549
20278,粤BDP3552
20279,粤BDP3561
20280,粤BDP3602
20281,粤BDP3611
20282,粤BDP3648
20283,粤BDP3669
20284,粤BDP3671
20285,粤BDP3695
20286,粤BDP3705
20287,粤BDP3720
20288,粤BDP3735
20289,粤BDP3758
20290,粤BDP3795
20291,粤BDP3817
20292,粤BDP3828
20293,粤BDP3829
20294,粤BDP3842
20295,粤BDP3866
20296,粤BDP3879
20297,粤BDP3895
20298,粤BDP3897
20299,粤BDP3902
20300,粤BDP3965
20301,粤BDP3972
20302,粤BDP4002
20303,粤BDP4031
20304,粤BDP4052
20305,粤BDP4081
20306,粤BDP4083
20307,粤BDP4088
20308,粤BDP4093
20309,粤BDP4106
20310,粤BDP4119
20311,粤BDP4120
20312,粤BDP4182
20313,粤BDP4195
20314,粤BDP4199
20315,粤BDP4201
20316,粤BDP4295
20317,粤BDP4298
20318,粤BDP4300
20319,粤BDP4303
20320,粤BDP4316
20321,粤BDP4321
20322,粤BDP4366
20323,粤BDP4370
20324,粤BDP4399
20325,粤BDP4415
20326,粤BDP4493
20327,粤BDP4495
20328,粤BDP4507
20329,粤BDP4510
20330,粤BDP4533
20331,粤BDP4545
20332,粤BDP4582
20333,粤BDP4586
20334,粤BDP4589
20335,粤BDP4597
20336,粤BDP4600
20337,粤BDP4628
20338,粤BDP4646
20339,粤BDP4690
20340,粤BDP4692
20341,粤BDP4706
20342,粤BDP4736
20343,粤BDP4739
20344,粤BDP4757
20345,粤BDP4772
20346,粤BDP4801
20347,粤BDP4837
20348,粤BDP4839
20349,粤BDP4841
20350,粤BDP4852
20351,粤BDP4858
20352,粤BDP4861
20353,粤BDP4873
20354,粤BDP4893
20355,粤BDP4968
20356,粤BDP5012
20357,粤BDP5028
20358,粤BDP5052
20359,粤BDP5053
20360,粤BDP5055
20361,粤BDP5062
20362,粤BDP5063
20363,粤BDP5076
20364,粤BDP5079
20365,粤BDP5081
20366,粤BDP5093
20367,粤BDP5102
20368,粤BDP5103
20369,粤BDP5107
20370,粤BDP5117
20371,粤BDP5127
20372,粤BDP5140
20373,粤BDP5156
20374,粤BDP5160
20375,粤BDP5163
20376,粤BDP5171
20377,粤BDP5195
20378,粤BDP5213
20379,粤BDP5237
20380,粤BDP5239
20381,粤BDP5245
20382,粤BDP5251
20383,粤BDP5289
20384,粤BDP5310
20385,粤BDP5320
20386,粤BDP5322
20387,粤BDP5327
20388,粤BDP5342
20389,粤BDP5359
20390,粤BDP5365
20391,粤BDP5367
20392,粤BDP5370
20393,粤BDP5380
20394,粤BDP5398
20395,粤BDP5401
20396,粤BDP5453
20397,粤BDP5490
20398,粤BDP5521
20399,粤BDP5546
20400,粤BDP5549
20401,粤BDP5578
20402,粤BDP5602
20403,粤BDP5603
20404,粤BDP5612
20405,粤BDP5619
20406,粤BDP5637
20407,粤BDP5692
20408,粤BDP5697
20409,粤BDP5790
20410,粤BDP5796
20411,粤BDP5812
20412,粤BDP5815
20413,粤BDP5837
20414,粤BDP5847
20415,粤BDP5852
20416,粤BDP5885
20417,粤BDP5899
20418,粤BDP5941
20419,粤BDP5943
20420,粤BDP5957
20421,粤BDP5976
20422,粤BDP5995
20423,粤BDP6027
20424,粤BDP6033
20425,粤BDP6053
20426,粤BDP6073
20427,粤BDP6122
20428,粤BDP6125
20429,粤BDP6140
20430,粤BDP6146
20431,粤BDP6167
20432,粤BDP6207
20433,粤BDP6210
20434,粤BDP6213
20435,粤BDP6231
20436,粤BDP6246
20437,粤BDP6271
20438,粤BDP6281
20439,粤BDP6292
20440,粤BDP6302
20441,粤BDP6317
20442,粤BDP6341
20443,粤BDP6355
20444,粤BDP6375
20445,粤BDP6377
20446,粤BDP6420
20447,粤BDP6442
20448,粤BDP6461
20449,粤BDP6510
20450,粤BDP6521
20451,粤BDP6541
20452,粤BDP6550
20453,粤BDP6583
20454,粤BDP6602
20455,粤BDP6617
20456,粤BDP6713
20457,粤BDP6747
20458,粤BDP6755
20459,粤BDP6790
20460,粤BDP6795
20461,粤BDP6799
20462,粤BDP6812
20463,粤BDP6831
20464,粤BDP6842
20465,粤BDP6846
20466,粤BDP6852
20467,粤BDP6856
20468,粤BDP6857
20469,粤BDP6867
20470,粤BDP6913
20471,粤BDP6933
20472,粤BDP6943
20473,粤BDP6976
20474,粤BDP6978
20475,粤BDP6997
20476,粤BDP6998
20477,粤BDP7015
20478,粤BDP7025
20479,粤BDP7045
20480,粤BDP7073
20481,粤BDP7080
20482,粤BDP7081
20483,粤BDP7082
20484,粤BDP7102
20485,粤BDP7105
20486,粤BDP7123
20487,粤BDP7169
20488,粤BDP7187
20489,粤BDP7195
20490,粤BDP7221
20491,粤BDP7229
20492,粤BDP7235
20493,粤BDP7243
20494,粤BDP7246
20495,粤BDP7253
20496,粤BDP7265
20497,粤BDP7278
20498,粤BDP7282
20499,粤BDP7290
20500,粤BDP7299
20501,粤BDP7313
20502,粤BDP7319
20503,粤BDP7352
20504,粤BDP7353
20505,粤BDP7393
20506,粤BDP7395
20507,粤BDP7428
20508,粤BDP7447
20509,粤BDP7479
20510,粤BDP7480
20511,粤BDP7505
20512,粤BDP7508
20513,粤BDP7528
20514,粤BDP7536
20515,粤BDP7540
20516,粤BDP7550
20517,粤BDP7563
20518,粤BDP7567
20519,粤BDP7578
20520,粤BDP7581
20521,粤BDP7585
20522,粤BDP7591
20523,粤BDP7598
20524,粤BDP7617
20525,粤BDP7618
20526,粤BDP7621
20527,粤BDP7626
20528,粤BDP7638
20529,粤BDP7652
20530,粤BDP7662
20531,粤BDP7667
20532,粤BDP7680
20533,粤BDP7708
20534,粤BDP7719
20535,粤BDP7723
20536,粤BDP7736
20537,粤BDP7781
20538,粤BDP7801
20539,粤BDP7805
20540,粤BDP7819
20541,粤BDP7833
20542,粤BDP7850
20543,粤BDP7851
20544,粤BDP7870
20545,粤BDP7873
20546,粤BDP7891
20547,粤BDP7926
20548,粤BDP7931
20549,粤BDP7938
20550,粤BDP7953
20551,粤BDP7970
20552,粤BDP7971
20553,粤BDP8009
20554,粤BDP8020
20555,粤BDP8046
20556,粤BDP8050
20557,粤BDP8061
20558,粤BDP8062
20559,粤BDP8075
20560,粤BDP8076
20561,粤BDP8129
20562,粤BDP8153
20563,粤BDP8157
20564,粤BDP8175
20565,粤BDP8210
20566,粤BDP8211
20567,粤BDP8312
20568,粤BDP8321
20569,粤BDP8343
20570,粤BDP8347
20571,粤BDP8350
20572,粤BDP8351
20573,粤BDP8352
20574,粤BDP8367
20575,粤BDP8370
20576,粤BDP8375
20577,粤BDP8395
20578,粤BDP8397
20579,粤BDP8401
20580,粤BDP8442
20581,粤BDP8456
20582,粤BDP8465
20583,粤BDP8477
20584,粤BDP8503
20585,粤BDP8521
20586,粤BDP8530
20587,粤BDP8557
20588,粤BDP8561
20589,粤BDP8566
20590,粤BDP8573
20591,粤BDP8575
20592,粤BDP8606
20593,粤BDP8657
20594,粤BDP8659
20595,粤BDP8673
20596,粤BDP8715
20597,粤BDP8719
20598,粤BDP8725
20599,粤BDP8738
20600,粤BDP8757
20601,粤BDP8813
20602,粤BDP8828
20603,粤BDP8833
20604,粤BDP8836
20605,粤BDP8840
20606,粤BDP8843
20607,粤BDP8847
20608,粤BDP8851
20609,粤BDP8855
20610,粤BDP8858
20611,粤BDP8868
20612,粤BDP8897
20613,粤BDP8898
20614,粤BDP8901
20615,粤BDP8923
20616,粤BDP8932
20617,粤BDP9036
20618,粤BDP9038
20619,粤BDP9042
20620,粤BDP9049
20621,粤BDP9120
20622,粤BDP9125
20623,粤BDP9129
20624,粤BDP9145
20625,粤BDP9185
20626,粤BDP9217
20627,粤BDP9232
20628,粤BDP9233
20629,粤BDP9253
20630,粤BDP9266
20631,粤BDP9273
20632,粤BDP9345
20633,粤BDP9347
20634,粤BDP9352
20635,粤BDP9387
20636,粤BDP9392
20637,粤BDP9397
20638,粤BDP9443
20639,粤BDP9448
20640,粤BDP9452
20641,粤BDP9478
20642,粤BDP9482
20643,粤BDP9486
20644,粤BDP9505
20645,粤BDP9520
20646,粤BDP9522
20647,粤BDP9540
20648,粤BDP9607
20649,粤BDP9646
20650,粤BDP9665
20651,粤BDP9666
20652,粤BDP9690
20653,粤BDP9695
20654,粤BDP9702
20655,粤BDP9752
20656,粤BDP9755
20657,粤BDP9773
20658,粤BDP9795
20659,粤BDP9807
20660,粤BDP9836
20661,粤BDP9837
20662,粤BDP9842
20663,粤BDP9873
20664,粤BDP9882
20665,粤BDQ0042
20666,粤BDQ0043
20667,粤BDQ0057
20668,粤BDQ0080
20669,粤BDQ0096
20670,粤BDQ0106
20671,粤BDQ0116
20672,粤BDQ0180
20673,粤BDQ0190
20674,粤BDQ0197
20675,粤BDQ0228
20676,粤BDQ0260
20677,粤BDQ0267
20678,粤BDQ0270
20679,粤BDQ0343
20680,粤BDQ0349
20681,粤BDQ0428
20682,粤BDQ0431
20683,粤BDQ0470
20684,粤BDQ0472
20685,粤BDQ0490
20686,粤BDQ0515
20687,粤BDQ0527
20688,粤BDQ0529
20689,粤BDQ0545
20690,粤BDQ0549
20691,粤BDQ0555
20692,粤BDQ0570
20693,粤BDQ0620
20694,粤BDQ0643
20695,粤BDQ0657
20696,粤BDQ0742
20697,粤BDQ0753
20698,粤BDQ0769
20699,粤BDQ0797
20700,粤BDQ0852
20701,粤BDQ0875
20702,粤BDQ0886
20703,粤BDQ0895
20704,粤BDQ0911
20705,粤BDQ0913
20706,粤BDQ0972
20707,粤BDQ0988
20708,粤BDQ1031
20709,粤BDQ1047
20710,粤BDQ1049
20711,粤BDQ1090
20712,粤BDQ1285
20713,粤BDQ1297
20714,粤BDQ1306
20715,粤BDQ1328
20716,粤BDQ1342
20717,粤BDQ1373
20718,粤BDQ1417
20719,粤BDQ1438
20720,粤BDQ1495
20721,粤BDQ1500
20722,粤BDQ1507
20723,粤BDQ1527
20724,粤BDQ1530
20725,粤BDQ1545
20726,粤BDQ1548
20727,粤BDQ1557
20728,粤BDQ1567
20729,粤BDQ1600
20730,粤BDQ1611
20731,粤BDQ1731
20732,粤BDQ1753
20733,粤BDQ1757
20734,粤BDQ1760
20735,粤BDQ1773
20736,粤BDQ1797
20737,粤BDQ1802
20738,粤BDQ1877
20739,粤BDQ1967
20740,粤BDQ1975
20741,粤BDQ2029
20742,粤BDQ2106
20743,粤BDQ2119
20744,粤BDQ2120
20745,粤BDQ2123
20746,粤BDQ2155
20747,粤BDQ2172
20748,粤BDQ2178
20749,粤BDQ2267
20750,粤BDQ2282
20751,粤BDQ2317
20752,粤BDQ2388
20753,粤BDQ2400
20754,粤BDQ2402
20755,粤BDQ2412
20756,粤BDQ2449
20757,粤BDQ2459
20758,粤BDQ2483
20759,粤BDQ2499
20760,粤BDQ2500
20761,粤BDQ2530
20762,粤BDQ2542
20763,粤BDQ2551
20764,粤BDQ2555
20765,粤BDQ2560
20766,粤BDQ2575
20767,粤BDQ2581
20768,粤BDQ2607
20769,粤BDQ2683
20770,粤BDQ2685
20771,粤BDQ2691
20772,粤BDQ2709
20773,粤BDQ2767
20774,粤BDQ2773
20775,粤BDQ2778
20776,粤BDQ2792
20777,粤BDQ2797
20778,粤BDQ2831
20779,粤BDQ2871
20780,粤BDQ2893
20781,粤BDQ2940
20782,粤BDQ2949
20783,粤BDQ2970
20784,粤BDQ2978
20785,粤BDQ3018
20786,粤BDQ3043
20787,粤BDQ3052
20788,粤BDQ3079
20789,粤BDQ3140
20790,粤BDQ3143
20791,粤BDQ3148
20792,粤BDQ3172
20793,粤BDQ3180
20794,粤BDQ3208
20795,粤BDQ3212
20796,粤BDQ3221
20797,粤BDQ3222
20798,粤BDQ3225
20799,粤BDQ3341
20800,粤BDQ3348
20801,粤BDQ3372
20802,粤BDQ3376
20803,粤BDQ3402
20804,粤BDQ3412
20805,粤BDQ3431
20806,粤BDQ3451
20807,粤BDQ3455
20808,粤BDQ3527
20809,粤BDQ3612
20810,粤BDQ3627
20811,粤BDQ3645
20812,粤BDQ3680
20813,粤BDQ3687
20814,粤BDQ3697
20815,粤BDQ3702
20816,粤BDQ3737
20817,粤BDQ3748
20818,粤BDQ3767
20819,粤BDQ3770
20820,粤BDQ3798
20821,粤BDQ3802
20822,粤BDQ3840
20823,粤BDQ3871
20824,粤BDQ3872
20825,粤BDQ3875
20826,粤BDQ3895
20827,粤BDQ3917
20828,粤BDQ3938
20829,粤BDQ3943
20830,粤BDQ3949
20831,粤BDQ3950
20832,粤BDQ3975
20833,粤BDQ4006
20834,粤BDQ4018
20835,粤BDQ4020
20836,粤BDQ4033
20837,粤BDQ4071
20838,粤BDQ4080
20839,粤BDQ4107
20840,粤BDQ4115
20841,粤BDQ4159
20842,粤BDQ4180
20843,粤BDQ4208
20844,粤BDQ4241
20845,粤BDQ4321
20846,粤BDQ4338
20847,粤BDQ4345
20848,粤BDQ4346
20849,粤BDQ4363
20850,粤BDQ4371
20851,粤BDQ4377
20852,粤BDQ4385
20853,粤BDQ4393
20854,粤BDQ4476
20855,粤BDQ4487
20856,粤BDQ4550
20857,粤BDQ4599
20858,粤BDQ4622
20859,粤BDQ4652
20860,粤BDQ4658
20861,粤BDQ4706
20862,粤BDQ4708
20863,粤BDQ4747
20864,粤BDQ4757
20865,粤BDQ4758
20866,粤BDQ4765
20867,粤BDQ4792
20868,粤BDQ4822
20869,粤BDQ4828
20870,粤BDQ4835
20871,粤BDQ4886
20872,粤BDQ4892
20873,粤BDQ4900
20874,粤BDQ4940
20875,粤BDQ4943
20876,粤BDQ4955
20877,粤BDQ4961
20878,粤BDQ4965
20879,粤BDQ4995
20880,粤BDQ4997
20881,粤BDQ5033
20882,粤BDQ5042
20883,粤BDQ5061
20884,粤BDQ5131
20885,粤BDQ5136
20886,粤BDQ5140
20887,粤BDQ5163
20888,粤BDQ5165
20889,粤BDQ5166
20890,粤BDQ5179
20891,粤BDQ5208
20892,粤BDQ5217
20893,粤BDQ5225
20894,粤BDQ5236
20895,粤BDQ5257
20896,粤BDQ5311
20897,粤BDQ5317
20898,粤BDQ5329
20899,粤BDQ5348
20900,粤BDQ5382
20901,粤BDQ5399
20902,粤BDQ5437
20903,粤BDQ5456
20904,粤BDQ5481
20905,粤BDQ5537
20906,粤BDQ5601
20907,粤BDQ5629
20908,粤BDQ5647
20909,粤BDQ5721
20910,粤BDQ5753
20911,粤BDQ5762
20912,粤BDQ5770
20913,粤BDQ5782
20914,粤BDQ5823
20915,粤BDQ5852
20916,粤BDQ5880
20917,粤BDQ5887
20918,粤BDQ5905
20919,粤BDQ5906
20920,粤BDQ5949
20921,粤BDQ6006
20922,粤BDQ6057
20923,粤BDQ6071
20924,粤BDQ6072
20925,粤BDQ6125
20926,粤BDQ6171
20927,粤BDQ6212
20928,粤BDQ6217
20929,粤BDQ6248
20930,粤BDQ6266
20931,粤BDQ6346
20932,粤BDQ6349
20933,粤BDQ6371
20934,粤BDQ6378
20935,粤BDQ6418
20936,粤BDQ6440
20937,粤BDQ6486
20938,粤BDQ6503
20939,粤BDQ6526
20940,粤BDQ6543
20941,粤BDQ6548
20942,粤BDQ6557
20943,粤BDQ6575
20944,粤BDQ6587
20945,粤BDQ6630
20946,粤BDQ6638
20947,粤BDQ6651
20948,粤BDQ6678
20949,粤BDQ6692
20950,粤BDQ6706
20951,粤BDQ6719
20952,粤BDQ6753
20953,粤BDQ6761
20954,粤BDQ6771
20955,粤BDQ6773
20956,粤BDQ6775
20957,粤BDQ6793
20958,粤BDQ6807
20959,粤BDQ6866
20960,粤BDQ6873
20961,粤BDQ6877
20962,粤BDQ6921
20963,粤BDQ6957
20964,粤BDQ7005
20965,粤BDQ7007
20966,粤BDQ7027
20967,粤BDQ7033
20968,粤BDQ7036
20969,粤BDQ7056
20970,粤BDQ7073
20971,粤BDQ7081
20972,粤BDQ7091
20973,粤BDQ7101
20974,粤BDQ7109
20975,粤BDQ7131
20976,粤BDQ7142
20977,粤BDQ7159
20978,粤BDQ7167
20979,粤BDQ7176
20980,粤BDQ7180
20981,粤BDQ7196
20982,粤BDQ7201
20983,粤BDQ7231
20984,粤BDQ7261
20985,粤BDQ7309
20986,粤BDQ7341
20987,粤BDQ7347
20988,粤BDQ7357
20989,粤BDQ7371
20990,粤BDQ7400
20991,粤BDQ7402
20992,粤BDQ7411
20993,粤BDQ7435
20994,粤BDQ7448
20995,粤BDQ7452
20996,粤BDQ7465
20997,粤BDQ7495
20998,粤BDQ7498
20999,粤BDQ7506
21000,粤BDQ7515
21001,粤BDQ7549
21002,粤BDQ7573
21003,粤BDQ7631
21004,粤BDQ7670
21005,粤BDQ7671
21006,粤BDQ7733
21007,粤BDQ7736
21008,粤BDQ7773
21009,粤BDQ7783
21010,粤BDQ7811
21011,粤BDQ7815
21012,粤BDQ7819
21013,粤BDQ7863
21014,粤BDQ7870
21015,粤BDQ7903
21016,粤BDQ7915
21017,粤BDQ7969
21018,粤BDQ7976
21019,粤BDQ7992
21020,粤BDQ8029
21021,粤BDQ8097
21022,粤BDQ8139
21023,粤BDQ8147
21024,粤BDQ8170
21025,粤BDQ8177
21026,粤BDQ8227
21027,粤BDQ8247
21028,粤BDQ8297
21029,粤BDQ8335
21030,粤BDQ8345
21031,粤BDQ8355
21032,粤BDQ8371
21033,粤BDQ8450
21034,粤BDQ8483
21035,粤BDQ8506
21036,粤BDQ8513
21037,粤BDQ8540
21038,粤BDQ8543
21039,粤BDQ8550
21040,粤BDQ8569
21041,粤BDQ8613
21042,粤BDQ8625
21043,粤BDQ8627
21044,粤BDQ8660
21045,粤BDQ8672
21046,粤BDQ8679
21047,粤BDQ8703
21048,粤BDQ8712
21049,粤BDQ8747
21050,粤BDQ8793
21051,粤BDQ8912
21052,粤BDQ8940
21053,粤BDQ8971
21054,粤BDQ9045
21055,粤BDQ9077
21056,粤BDQ9123
21057,粤BDQ9145
21058,粤BDQ9146
21059,粤BDQ9220
21060,粤BDQ9230
21061,粤BDQ9259
21062,粤BDQ9272
21063,粤BDQ9275
21064,粤BDQ9278
21065,粤BDQ9307
21066,粤BDQ9332
21067,粤BDQ9343
21068,粤BDQ9452
21069,粤BDQ9456
21070,粤BDQ9457
21071,粤BDQ9501
21072,粤BDQ9503
21073,粤BDQ9507
21074,粤BDQ9516
21075,粤BDQ9578
21076,粤BDQ9653
21077,粤BDQ9703
21078,粤BDQ9717
21079,粤BDQ9731
21080,粤BDQ9756
21081,粤BDQ9772
21082,粤BDQ9779
21083,粤BDQ9795
21084,粤BDQ9841
21085,粤BDQ9857
21086,粤BDQ9859
21087,粤BDQ9875
21088,粤BDQ9895
21089,粤BDR0185
21090,粤BDR0235
21091,粤BDR0242
21092,粤BDR0293
21093,粤BDR0316
21094,粤BDR0431
21095,粤BDR0696
21096,粤BDR0701
21097,粤BDR1157
21098,粤BDR1232
21099,粤BDR1401
21100,粤BDR1436
21101,粤BDR1472
21102,粤BDR1481
21103,粤BDR1646
21104,粤BDR1653
21105,粤BDR1673
21106,粤BDR1743
21107,粤BDR1748
21108,粤BDR1792
21109,粤BDR1831
21110,粤BDR1851
21111,粤BDR1967
21112,粤BDR2197
21113,粤BDR2242
21114,粤BDR2510
21115,粤BDR2593
21116,粤BDR2602
21117,粤BDR2646
21118,粤BDR2850
21119,粤BDR2947
21120,粤BDR3175
21121,粤BDR3257
21122,粤BDR3443
21123,粤BDR3446
21124,粤BDR3497
21125,粤BDR3567
21126,粤BDR3636
21127,粤BDR3847
21128,粤BDR3852
21129,粤BDR3862
21130,粤BDR3997
21131,粤BDR4025
21132,粤BDR4403
21133,粤BDR4417
21134,粤BDR4475
21135,粤BDR4495
21136,粤BDR4596
21137,粤BDR4645
21138,粤BDR4701
21139,粤BDR4732
21140,粤BDR4736
21141,粤BDR4746
21142,粤BDR4762
21143,粤BDR4867
21144,粤BDR4932
21145,粤BDR4970
21146,粤BDR4972
21147,粤BDR5032
21148,粤BDR5275
21149,粤BDR5440
21150,粤BDR5453
21151,粤BDR5459
21152,粤BDR5472
21153,粤BDR5559
21154,粤BDR5692
21155,粤BDR5785
21156,粤BDR6031
21157,粤BDR6140
21158,粤BDR6173
21159,粤BDR6349
21160,粤BDR6475
21161,粤BDR6743
21162,粤BDR6892
21163,粤BDR6981
21164,粤BDR6990
21165,粤BDR7023
21166,粤BDR7063
21167,粤BDR7095
21168,粤BDR7107
21169,粤BDR7117
21170,粤BDR7143
21171,粤BDR7266
21172,粤BDR7472
21173,粤BDR7532
21174,粤BDR7536
21175,粤BDR7625
21176,粤BDR7637
21177,粤BDR7700
21178,粤BDR7746
21179,粤BDR7807
21180,粤BDR7849
21181,粤BDR7901
21182,粤BDR7946
21183,粤BDR8057
21184,粤BDR8073
21185,粤BDR8140
21186,粤BDR8189
21187,粤BDR8285
21188,粤BDR8435
21189,粤BDR8561
21190,粤BDR8911
21191,粤BDR9101
21192,粤BDR9143
21193,粤BDR9202
21194,粤BDR9426
21195,粤BDR9481
21196,粤BDR9559
21197,粤BDR9670
21198,粤BDR9797
21199,粤BDS0172
21200,粤BDS0672
21201,粤BDS0922
21202,粤BDS1092
21203,粤BDS1102
21204,粤BDS5962
21205,粤BDS6182
21206,粤BDS6352
21207,粤BDS6842
21208,粤BDS7642
21209,粤BDS8302
21210,粤BDS8902
21211,粤BDS9312
21212,粤BDS9372
21213,粤BDS9682
21214,粤BDT0162
21215,粤BDT0772
21216,粤BDT3352
21217,粤BDT3382
21218,粤BDT4892
21219,粤BDT7362
21220,粤BDT9812
21221,粤BDU0202
21222,粤BDU0482
21223,粤BDU2092
21224,粤BDU4882
21225,粤BDU5992
21226,粤BDU6162
21227,粤BDU7602
21228,粤BDU7822
21229,粤BDU8052
21230,粤BDU8422
21231,粤BDV0072
21232,粤BDV0092
21233,粤BDV0262
21234,粤BDV2392
21235,粤BDV2862
21236,粤BDV2932
21237,粤BDV3952
21238,粤BDV5062
21239,粤BDV7722
21240,粤BDV9212
21241,粤BDW5262
21242,粤BDW7302
21243,粤BDW7872
21244,粤BDX0175
21245,粤BDX0197
21246,粤BDX0219
21247,粤BDX0245
21248,粤BDX0281
21249,粤BDX0425
21250,粤BDX0657
21251,粤BDX0848
21252,粤BDX0875
21253,粤BDX0945
21254,粤BDX0992
21255,粤BDX1048
21256,粤BDX1136
21257,粤BDX1173
21258,粤BDX1196
21259,粤BDX1210
21260,粤BDX1240
21261,粤BDX1256
21262,粤BDX1342
21263,粤BDX1405
21264,粤BDX1422
21265,粤BDX1451
21266,粤BDX1458
21267,粤BDX1485
21268,粤BDX1498
21269,粤BDX1612
21270,粤BDX1652
21271,粤BDX1677
21272,粤BDX1697
21273,粤BDX1757
21274,粤BDX1768
21275,粤BDX1792
21276,粤BDX1798
21277,粤BDX1838
21278,粤BDX1897
21279,粤BDX1901
21280,粤BDX1946
21281,粤BDX2050
21282,粤BDX2051
21283,粤BDX2163
21284,粤BDX2173
21285,粤BDX2365
21286,粤BDX2420
21287,粤BDX2455
21288,粤BDX2509
21289,粤BDX2578
21290,粤BDX2590
21291,粤BDX2620
21292,粤BDX2635
21293,粤BDX2676
21294,粤BDX2706
21295,粤BDX3122
21296,粤BDX3267
21297,粤BDX3406
21298,粤BDX3477
21299,粤BDX3537
21300,粤BDX3631
21301,粤BDX3662
21302,粤BDX3752
21303,粤BDX3785
21304,粤BDX3827
21305,粤BDX3832
21306,粤BDX3837
21307,粤BDX3875
21308,粤BDX3890
21309,粤BDX3912
21310,粤BDX4098
21311,粤BDX4290
21312,粤BDX4370
21313,粤BDX4520
21314,粤BDX4528
21315,粤BDX4578
21316,粤BDX4626
21317,粤BDX4665
21318,粤BDX4798
21319,粤BDX4875
21320,粤BDX4913
21321,粤BDX4915
21322,粤BDX4918
21323,粤BDX4963
21324,粤BDX4978
21325,粤BDX5029
21326,粤BDX5046
21327,粤BDX5057
21328,粤BDX5128
21329,粤BDX5166
21330,粤BDX5187
21331,粤BDX5212
21332,粤BDX5260
21333,粤BDX5310
21334,粤BDX5330
21335,粤BDX5337
21336,粤BDX5408
21337,粤BDX5418
21338,粤BDX5488
21339,粤BDX5549
21340,粤BDX5643
21341,粤BDX5645
21342,粤BDX5697
21343,粤BDX5725
21344,粤BDX5735
21345,粤BDX5876
21346,粤BDX5920
21347,粤BDX6090
21348,粤BDX6223
21349,粤BDX6387
21350,粤BDX6400
21351,粤BDX6537
21352,粤BDX6557
21353,粤BDX6582
21354,粤BDX6712
21355,粤BDX6787
21356,粤BDX6927
21357,粤BDX6932
21358,粤BDX6975
21359,粤BDX7003
21360,粤BDX7085
21361,粤BDX7090
21362,粤BDX7096
21363,粤BDX7127
21364,粤BDX7232
21365,粤BDX7248
21366,粤BDX7272
21367,粤BDX7308
21368,粤BDX7320
21369,粤BDX7337
21370,粤BDX7360
21371,粤BDX7389
21372,粤BDX7487
21373,粤BDX7525
21374,粤BDX7635
21375,粤BDX7636
21376,粤BDX7671
21377,粤BDX7683
21378,粤BDX7695
21379,粤BDX7782
21380,粤BDX7832
21381,粤BDX7932
21382,粤BDX8023
21383,粤BDX8029
21384,粤BDX8145
21385,粤BDX8146
21386,粤BDX8209
21387,粤BDX8232
21388,粤BDX8345
21389,粤BDX8346
21390,粤BDX8392
21391,粤BDX8407
21392,粤BDX8495
21393,粤BDX8506
21394,粤BDX8545
21395,粤BDX8645
21396,粤BDX8730
21397,粤BDX8945
21398,粤BDX8970
21399,粤BDX8992
21400,粤BDX9229
21401,粤BDX9238
21402,粤BDX9245
21403,粤BDX9275
21404,粤BDX9297
21405,粤BDX9362
21406,粤BDX9456
21407,粤BDX9527
21408,粤BDX9548
21409,粤BDX9578
21410,粤BDX9728
21411,粤BDX9790
21412,粤BDX9943
21413,粤BDX9946
21414,粤BDX9948
21415,粤BDY0112
21416,粤BDY0702
21417,粤BDY0852
21418,粤BDY0972
21419,粤BDY1192
21420,粤BDY1272
21421,粤BDY2708
21422,粤BDY4242
21423,粤BDY4892
21424,粤BDY5702
21425,粤BDY6302
21426,粤BDY7802
21427,粤BDY8172
21428,粤BDY9612
21429,粤BDZ0202
21430,粤BDZ1042
21431,粤BDZ2352
21432,粤BDZ5502
21433,粤BDZ5872
21434,粤BDZ6612
21435,粤BDZ6792
21436,粤BDZ7782
21437,粤BDZ9542
21438,粤BE3064
21439,粤BE3154
21440,粤BE5547
21441,粤BE8479
21442,粤BE8641
21443,粤BF3247
21444,粤BF3471
21445,粤BF3749
21446,粤BF7945
21447,粤BG40Y2
21448,粤BG6400
21449,粤BG7852
21450,粤BH04C1
21451,粤BH41D0
21452,粤BH43B7
21453,粤BH44C7
21454,粤BH4742
21455,粤BH47B1
21456,粤BJ19S8
21457,粤BJ6404
21458,粤BJ9347
21459,粤BJ9424
21460,粤BJ9547
21461,粤BK4346
21462,粤BK6314
21463,粤BL14Y7
21464,粤BL34Y1
21465,粤BL4041
21466,粤BL41H7
21467,粤BL4292
21468,粤BL44Z6
21469,粤BL44Z7
21470,粤BL47Y1
21471,粤BL4934
21472,粤BL64Y1
21473,粤BL64Y7
21474,粤BL7476
21475,粤BM3941
21476,粤BM4264
21477,粤BM4534
21478,粤BM4951
21479,粤BM6364
21480,粤BM7014
21481,粤BM7457
21482,粤BN40Z5
21483,粤BN40Z7
21484,粤BN41X7
21485,粤BN41Z0
21486,粤BN41Z1
21487,粤BN42X7
21488,粤BN43Z1
21489,粤BN43Z7
21490,粤BN44D7
21491,粤BN44W3
21492,粤BN44Z3
21493,粤BN44Z7
21494,粤BN45X2
21495,粤BN45Z0
21496,粤BN46Z0
21497,粤BN46Z7
21498,粤BN47N1
21499,粤BN47W5
21500,粤BN47X2
21501,粤BN47X5
21502,粤BN47X6
21503,粤BN47Y0
21504,粤BN47Y9
21505,粤BN48Z1
21506,粤BN54X1
21507,粤BN54X7
21508,粤BN54Y0
21509,粤BN54Z2
21510,粤BN54Z7
21511,粤BN59Z7
21512,粤BN64X7
21513,粤BN64Y1
21514,粤BN64Y7
21515,粤BN64Z0
21516,粤BN64Z1
21517,粤BN64Z5
21518,粤BN64Z7
21519,粤BN64Z9
21520,粤BN70Z5
21521,粤BN71Z0
21522,粤BN71Z5
21523,粤BN74S1
21524,粤BN74X0
21525,粤BN74X3
21526,粤BN74X9
21527,粤BN74Y1
21528,粤BN74Y6
21529,粤BN74Y7
21530,粤BN74Y9
21531,粤BN74Z0
21532,粤BN74Z1
21533,粤BN74Z2
21534,粤BN74Z5
21535,粤BN74Z9
21536,粤BN84X7
21537,粤BN84Y0
21538,粤BN84Y5
21539,粤BN84Y7
21540,粤BN84Z1
21541,粤BN84Z7
21542,粤BN91Z5
21543,粤BN94M7
21544,粤BN94W5
21545,粤BN94X5
21546,粤BN94Y2
21547,粤BN94Z1
21548,粤BN94Z2
21549,粤BN94Z6
21550,粤BN94Z7
21551,粤BP04A0
21552,粤BP14N8
21553,粤BP50A2
21554,粤BP50A5
21555,粤BP50A6
21556,粤BP50A7
21557,粤BP50A8
21558,粤BP51A3
21559,粤BP51A5
21560,粤BP51A6
21561,粤BP51A7
21562,粤BP51A9
21563,粤BP52A0
21564,粤BP52A7
21565,粤BP52A9
21566,粤BP53A0
21567,粤BP53A1
21568,粤BP53A6
21569,粤BP53A7
21570,粤BP53A8
21571,粤BP54A0
21572,粤BP54A1
21573,粤BP54A2
21574,粤BP54A3
21575,粤BP54A5
21576,粤BP54A6
21577,粤BP54A7
21578,粤BP54A8
21579,粤BP55A0
21580,粤BP55A1
21581,粤BP55A7
21582,粤BP57A3
21583,粤BP57A6
21584,粤BP60A7
21585,粤BP61A5
21586,粤BP64A0
21587,粤BP64A1
21588,粤BP64A3
21589,粤BP64A5
21590,粤BR04W0
21591,粤BR04W5
21592,粤BR14W0
21593,粤BR14W1
21594,粤BR14W2
21595,粤BR14W3
21596,粤BR14W5
21597,粤BR14W6
21598,粤BR14W7
21599,粤BR14W9
21600,粤BR24W0
21601,粤BR24W1
21602,粤BR24W5
21603,粤BR24W7
21604,粤BR34W0
21605,粤BR34W1
21606,粤BR34W2
21607,粤BR34W7
21608,粤BR35W5
21609,粤BR37W5
21610,粤BR40W1
21611,粤BR40W9
21612,粤BR41V0
21613,粤BR41V3
21614,粤BR41W0
21615,粤BR41W1
21616,粤BR41W3
21617,粤BR42V5
21618,粤BR42W2
21619,粤BR42W7
21620,粤BR43V0
21621,粤BR43V5
21622,粤BR43W0
21623,粤BR43W1
21624,粤BR43W5
21625,粤BR43W7
21626,粤BR44W3
21627,粤BR45W1
21628,粤BR45W2
21629,粤BR46W3
21630,粤BR46W7
21631,粤BR71W5
21632,粤BS47T0
21633,粤BS74T1
21634,粤BS74T5
21635,粤BS84T7
21636,粤BT04J2
21637,粤BT04M7
21638,粤BT04N1
21639,粤BT04N7
21640,粤BT04P3
21641,粤BT04P9
21642,粤BT14N0
21643,粤BT14P1
21644,粤BT14P9
21645,粤BT17P6
21646,粤BT24J1
21647,粤BT30P7
21648,粤BT40J7
21649,粤BT40P7
21650,粤BT41J7
21651,粤BT41M2
21652,粤BT41N0
21653,粤BT41N3
21654,粤BT41P3
21655,粤BT44N5
21656,粤BT44P5
21657,粤BT45P2
21658,粤BT45P7
21659,粤BT46P0
21660,粤BT46P1
21661,粤BT47J7
21662,粤BT47M1
21663,粤BT49N7
21664,粤BT54P2
21665,粤BT94M3
21666,粤BT94N7
21667,粤BU02T1
21668,粤BU02T5
21669,粤BU03T1
21670,粤BU03T3
21671,粤BU03T7
21672,粤BU04T1
21673,粤BU04T2
21674,粤BU04T3
21675,粤BU04T6
21676,粤BU04T7
21677,粤BU04T9
21678,粤BU07T0
21679,粤BU07T3
21680,粤BU10T2
21681,粤BU10T9
21682,粤BU14T1
21683,粤BU15T0
21684,粤BU17T1
21685,粤BU17T3
21686,粤BU27T0
21687,粤BU334F
21688,粤BU334H
21689,粤BU334K
21690,粤BU334L
21691,粤BU334S
21692,粤BU334Z
21693,粤BV1547
21694,粤BW04P3
21695,粤BW04P5
21696,粤BW05P7
21697,粤BW14P2
21698,粤BW24P2
21699,粤BW24P3
21700,粤BW34P0
21701,粤BW34P7
21702,粤BW34P9
21703,粤BW40P3
21704,粤BW41P0
21705,粤BW42P0
21706,粤BW42P2
21707,粤BW44P2
21708,粤BW46P0
21709,粤BW54P3
21710,粤BW64P1
21711,粤BW64P5
21712,粤BW74P1
21713,粤BW76P0
21714,粤BW84P3
21715,粤BW84P5
21716,粤BW84P7
21717,粤BZ5472
