id,name,address,num_use,day_use,num_use1,num_use2,num_use3,num_use4,num_use5,lon,lat,urls,num_fast,num_level2,充电桩数量,config_fast,config_level2,service_provider,acessibility,operator,status,others,payment_method,power_price,service_price,parking_price,gaode_lon,gaode_lat
81,民乐P+R停车场,深圳市龙华新区民乐地铁站C出口P+R停车场,4644,2322,10000,,,,,114.043704,22.5968736,http://admin.bjev520.com/jsp/beiqi/pcmap/do/pcmap_Detail.jsp?charingId=11998,21,44,65,-1,-1,其他,社会开放,普天,已建成未测试,其他,普天充电卡,,不详,不详,114.048809,22.594144
365,南山福满园充电站,广东省深圳市南山区南山街道福满园福满园(荔林路),3712,1856,10000,,,,,113.9127743,22.50905242,http://admin.bjev520.com/jsp/beiqi/pcmap/do/pcmap_Detail.jsp?charingId=41380,0,1,1,-1,-1,中天昱品,社会开放,南方电网,已建成已测试,地面,顺易充App,,,,113.917632,22.506003
178,深圳尚水天成充电站,广东省深圳市龙岗区官坑南六巷,2992,1496,10000,,,,,114.1018286,22.61964032,http://admin.bjev520.com/jsp/beiqi/pcmap/do/pcmap_Detail.jsp?charingId=18928,0,18,18,-1,M11001C/220/220/7.0,特锐德,公共,特来电,已建成已测试,其他,充电吧APP,电费:00:00~24:00:0.8755,服务费:00:00~24:00:0.7000元/度电,,114.106949,22.616966
85,COCO CITY,深圳市民治街道梅龙路2号,1368,684,,1000,,,,114.0406124,22.60540809,http://admin.bjev520.com/jsp/beiqi/pcmap/do/pcmap_Detail.jsp?charingId=12002,0,6,6,-1,-1,其他,社会开放,普天,已建成未测试,其他,普天充电卡,,不详,不详,114.045713,22.602673
261,深圳龙华金源大厦充电站,深圳市龙华区龙华街道昌永路12号金源大厦,1362,681,,1000,,,,114.0176545,22.66935389,http://admin.bjev520.com/jsp/beiqi/pcmap/do/pcmap_Detail.jsp?charingId=27524,6,6,12,DH-DC0600SG27/750/750/60.0,DH-AC0070XG18-D/253/253/7.0,星星充电,公共,星星充电,已建成已测试,其他,,,,,114.022713,22.666572
93,星河明居,深圳市福田区福民路南侧,1326,663,,1000,,,,114.0479165,22.52529536,http://admin.bjev520.com/jsp/beiqi/pcmap/do/pcmap_Detail.jsp?charingId=12011,0,4,4,-1,-1,其他,社会开放,普天,已建成未测试,其他,普天充电卡,,不详,不详,114.053023,22.522568
387,南山比克大厦充电站,广东省深圳市南山区粤海街道比克科技大厦,1208,604,,1000,,,,113.9482329,22.53652622,http://admin.bjev520.com/jsp/beiqi/pcmap/do/pcmap_Detail.jsp?charingId=41423,12,0,12,-1,-1,深圳奇辉,社会开放,南方电网,已建成已测试,地面,顺易充App,,,,113.953123,22.53353
420,高时充电站（核电工业园站）,广东省深圳市龙华区福城街道狮径路9号核电工业园,1207,603.5,,1000,,,,114.0228447,22.71607492,http://admin.bjev520.com/jsp/beiqi/pcmap/do/pcmap_Detail.jsp?charingId=79855,7,0,7,BD-D-120/750V-2-CT/750/750/120.0,-1,星星充电,公共,星星充电,已建成已测试,其他,,,,不详,114.027918,22.713319
377,罗湖京基100车库负三层充电站,广东省深圳市罗湖区桂园街道京基100大厦深圳瑞吉酒店,1080,540,,1000,,,,114.1015341,22.54575378,http://admin.bjev520.com/jsp/beiqi/pcmap/do/pcmap_Detail.jsp?charingId=41404,0,52,52,-1,-1,山东鲁能,社会开放,南方电网,已建成已测试,地下,顺易充App,,,,114.10665,22.543071
101,沙嘴红旗岭,深圳市福田区沙嘴路红旗岭综合楼,1073,536.5,,1000,,,,114.0311778,22.52480894,http://admin.bjev520.com/jsp/beiqi/pcmap/do/pcmap_Detail.jsp?charingId=12022,0,4,4,-1,GA-8032//220/7,普天新能源,社会开放,普天,已建成未测试,地面,普天充电卡,电费：1.2元/度,,第一小时5元第二小时起1元/小时，每天最高10元。,114.036256,22.522044
362,星星充电站(大东明广场站),深圳市光明区公明大东明城市广场,1032,516,,1000,,,,113.9009489,22.77234957,http://admin.bjev520.com/jsp/beiqi/pcmap/do/pcmap_Detail.jsp?charingId=40253,16,0,16,DH-DC1200SG30-1/1000/1000/120.0,-1,星星充电,公共,星星充电,已建成已测试,其他,,,,,113.905826,22.769343
310,福田莲花二村停车场充电站,广东省深圳市福田区华富街道莲花二村,1024,512,,1000,,,,114.0643579,22.55401694,http://admin.bjev520.com/jsp/beiqi/pcmap/do/pcmap_Detail.jsp?charingId=38060,0,29,29,-1,-1,南方和顺,社会开放,南方电网,已建成已测试,地面,App，刷卡,,,,114.069483,22.551318
123,宝安公园站,深圳市宝安公园东南门入口右侧,1017,508.5,,1000,,,,113.8978126,22.58927717,http://admin.bjev520.com/jsp/beiqi/pcmap/do/pcmap_Detail.jsp?charingId=12449,32,0,32,60,-1,普天新能源,社会开放,普天,已建成未测试,其他,普天充电卡,,0.45元/度,免费,113.90268,22.586228
149,深圳景元大厦充电站,广东省深圳市龙岗区S360(布龙路),974,487,,1000,,,,114.1024759,22.62687236,http://admin.bjev520.com/jsp/beiqi/pcmap/do/pcmap_Detail.jsp?charingId=13247,0,7,7,-1,M11001C/220/220/7.0,特锐德,公共,特来电,已建成已测试,其他,充电吧APP,,"0:00~07:00:0.7000,07:00~09:00:0.7000,09:00~11:30:0.7000,11:30~14:00:0.7000,14:00~16:30:0.7000,16:30~19:00:0.7000,19:00~21:00:0.7000,21:00~23:00:0.7000,23:00~24:00:0.7000元/度电",,114.107596,22.624199
76,深圳豪方现代豪园充电站,广东省深圳市南山区高新中二道33号豪方现代豪园小区停车场,878,439,,1000,,,,113.9304106,22.5479533,http://admin.bjev520.com/jsp/beiqi/pcmap/do/pcmap_Detail.jsp?charingId=11112,0,25,25,-1,M11001C/220/220/7.0,特锐德,公共,特来电,已建成已测试,其他,充电吧APP,电费:00:00~24:00:0.9500,服务费:00:00~24:00:0.7000元/度电,,113.935279,22.544925
281,宝能科技园北区地上停车场充电站,广东省深圳市龙岗区清祥路宝创大厦,788,394,,1000,,,,114.0586314,22.67669377,http://admin.bjev520.com/jsp/beiqi/pcmap/do/pcmap_Detail.jsp?charingId=37538,18,12,30,-1,-1,深圳奇辉,社会开放,南方电网,已建成已测试,地面,e充电APP,,0.1224元/度电,小车30分钟后第一小时5元，第二小时起1元/半小时,114.06376,22.674006
37,民生深圳湾支行充电站,广东省深圳市南山区后海滨路绿海湾花园24商铺民生银行,747,373.5,,1000,,,,113.93453,22.49424572,http://admin.bjev520.com/jsp/beiqi/pcmap/do/pcmap_Detail.jsp?charingId=8243,3,0,3,-1,-1,,社会开放,普天,已建成未测试,地面,普天充电卡,1元/度,1元/度电,10元/小时,113.939399,22.491222
394,市儿童医院充电站,广东省深圳市福田区莲花街道福中一路深圳市儿童医院地下一楼,745,372.5,,1000,,,,114.0488516,22.55012712,http://admin.bjev520.com/jsp/beiqi/pcmap/do/pcmap_Detail.jsp?charingId=41440,0,30,30,-1,-1,普天新能源,社会开放,聚电,已建成已测试,地下,刷卡,不详,不详,,114.053961,22.547403
331,福田皇洲花园充电站,广东省深圳市福田区福田街道皇洲花园一楼停车场,724,362,,1000,,,,114.0673605,22.53377162,http://admin.bjev520.com/jsp/beiqi/pcmap/do/pcmap_Detail.jsp?charingId=38158,0,1,1,-1,-1,中天昱品,社会开放,南方电网,已建成已测试,地面,顺易充App,,,,114.072486,22.531075
205,深圳越海家园充电站,深圳市福田区紫竹六道与竹子林四路交汇处西北侧越海家园地面停车场,721,360.5,,1000,,,,114.0018145,22.53800911,http://admin.bjev520.com/jsp/beiqi/pcmap/do/pcmap_Detail.jsp?charingId=24475,0,39,39,-1,-1,,公共,云杉智慧,已建成已测试,其他,微信；支付宝；其他,固定收费：1.3元/度,固定收费：0.8元/度元/度电,第一个小时5元，后每个小时1元，每天最高10元,114.006826,22.535162
42,深圳天发大厦充电站,广东省深圳市福田区泰然十路沙头街道天发大厦,716,358,,1000,,,,114.0269009,22.53316053,http://admin.bjev520.com/jsp/beiqi/pcmap/do/pcmap_Detail.jsp?charingId=8343,0,20,20,-1,M11002B/220/220/7.0,特锐德,公共,特来电,已建成已测试,其他,充电吧APP,,"0:00~07:00:0.7000,07:00~09:00:0.7000,09:00~11:30:0.7000,11:30~14:00:0.7000,14:00~16:30:0.7000,16:30~19:00:0.7000,19:00~21:00:0.7000,21:00~23:00:0.7000,23:00~24:00:0.7000元/度电",,114.031971,22.530385
379,南山后海充电站,广东省深圳市南山区粤海街道滨海大道辅路舜远金融大厦(建设中),619,309.5,,1000,,,,113.9403483,22.52268789,http://admin.bjev520.com/jsp/beiqi/pcmap/do/pcmap_Detail.jsp?charingId=41406,1,11,12,-1,-1,长园深瑞,社会开放,南方电网,已建成已测试,地面,顺易充App,,,免费,113.945226,22.519675
233,深圳花样年花郡充电站,深圳市宝安区明玉路11号花样年花郡小区,549,274.5,,1000,,,,113.8771927,22.56707537,http://admin.bjev520.com/jsp/beiqi/pcmap/do/pcmap_Detail.jsp?charingId=24720,0,6,6,-1,-1,,公共,云杉智慧,已建成已测试,其他,微信；支付宝；其他,固定收费：1.3元/度,固定收费：0.8元/度元/度电,首小时5元，1小时起每小时1元，当天最高10元,113.882082,22.564032
166,深圳海心汇福园充电站,广东省深圳市龙岗区吉华路264号,542,271,,1000,,,,114.1057303,22.62060394,http://admin.bjev520.com/jsp/beiqi/pcmap/do/pcmap_Detail.jsp?charingId=18137,0,32,32,-1,M11002B/220/220/7.0,特锐德,公共,特来电,已建成已测试,其他,充电吧APP,电费:00:00~24:00:1.0300,服务费:00:00~24:00:0.7000元/度电,"不免费,第一小时10元，第二小时5元/小时，每天最高35元",114.110846,22.617928
399,青禾大富充电站直流,深圳市观澜大富,513,256.5,,1000,,,,114.0362399,22.71286264,http://admin.bjev520.com/jsp/beiqi/pcmap/do/pcmap_Detail.jsp?charingId=42424,20,0,20,未配置/1666/1666/100.0,-1,深圳致联,公共,深圳致联,已建成已测试,其他,,,,不详,114.04134,22.71014
21,深圳曦湾华府充电站,广东省深圳市南山区中心路2314,505,252.5,,1000,,,,114.0185375,22.5289705,http://admin.bjev520.com/jsp/beiqi/pcmap/do/pcmap_Detail.jsp?charingId=6075,0,19,19,-1,M11001C/220/220/7.0,特锐德,公共,特来电,已建成已测试,其他,充电吧APP,电费:00:00~24:00:1.2000,服务费:00:00~24:00:0.7000元/度电,,114.023589,22.526172
322,龙岗平湖智创谷充电,广东省深圳市龙岗区平湖街道南方和顺汽车充电站(宝能智创谷),491,245.5,,1000,,,,114.1307563,22.70351011,http://admin.bjev520.com/jsp/beiqi/pcmap/do/pcmap_Detail.jsp?charingId=38118,0,40,40,-1,-1,南方和顺,社会开放,南方电网,已建成已测试,地下,顺易充App,,,,114.135833,22.700827
60,深圳寰宇大酒店,广东省深圳市罗湖区广东省深圳市罗湖区红岭中路环宇大厦一楼,489,244.5,,1000,,,,114.1003407,22.54718327,http://admin.bjev520.com/jsp/beiqi/pcmap/do/pcmap_Detail.jsp?charingId=10041,0,1,1,-1,-1,,社会开放,充电队长,已建成已测试,其他,充电网APP,计费时段 :00:00-24:00;电费: 1.26,计费时段 :00:00-24:00;服务费: 0.6,,114.105458,22.544501
307,龙华花园新村充电站,广东省深圳市龙华区龙华街道联康五路10号花园新村(花园路),471,235.5,,1000,,,,114.0142438,22.66391982,http://admin.bjev520.com/jsp/beiqi/pcmap/do/pcmap_Detail.jsp?charingId=38015,0,1,1,-1,-1,中天昱品,社会开放,南方电网,已建成已测试,地面,顺易充App,,,免费,114.019294,22.661127
116,市二院,福田区笋岗路深圳市二医院,464,232,,1000,,,,114.0954065,22.55688949,http://admin.bjev520.com/jsp/beiqi/pcmap/do/pcmap_Detail.jsp?charingId=12042,10,0,10,-1,-1,其他,社会开放,普天,已建成未测试,其他,普天充电卡,,不详,不详,114.100529,22.554209
193,深圳旭生大厦充电站,广东省深圳市宝安区旭生大厦,459,229.5,,1000,,,,113.8586773,22.58684143,http://admin.bjev520.com/jsp/beiqi/pcmap/do/pcmap_Detail.jsp?charingId=21838,0,6,6,-1,M11002B/220/220/7.0,特锐德,公共,特来电,已建成已测试,其他,充电吧APP,,"0:00~07:00:0.7000,07:00~09:00:0.7000,09:00~11:30:0.7000,11:30~14:00:0.7000,14:00~16:30:0.7000,16:30~19:00:0.7000,19:00~21:00:0.7000,21:00~23:00:0.7000,23:00~24:00:0.7000元/度电","不免费,以场站方公告为准",113.863603,22.583821
142,龙珠军苑充电站,广东省深圳市桃源街道龙苑路11号龙珠军苑地上停车场,451,225.5,,1000,,,,113.9823979,22.56295698,http://admin.bjev520.com/jsp/beiqi/pcmap/do/pcmap_Detail.jsp?charingId=12808,2,3,5,60kW,7kW,广东粤凯,社会开放,华南充电,已建成已测试,地面,微信,1.6 元/度,免费,5元/小时,113.987362,22.560053
395,青禾万众城充电站交流,深圳市龙华区民治大道490号,441,220.5,,1000,,,,114.0333307,22.63107895,http://admin.bjev520.com/jsp/beiqi/pcmap/do/pcmap_Detail.jsp?charingId=42074,0,49,49,-1,未配置/1666/1666/100.0,深圳致联,公共,深圳致联,已建成已测试,其他,,,,不详,114.03842,22.628331
113,星河国际,深圳市福华三路269号,435,217.5,,1000,,,,114.0490055,22.53435483,http://admin.bjev520.com/jsp/beiqi/pcmap/do/pcmap_Detail.jsp?charingId=12038,0,5,5,-1,-1,其他,社会开放,普天,已建成未测试,其他,普天充电卡,,不详,不详,114.054114,22.53163
332,莲花山汽车充电站,广东省深圳市福田区梅林街道奥士达路2-11号凯丰社区公园,432,216,,1000,,,,114.058138,22.56708258,http://admin.bjev520.com/jsp/beiqi/pcmap/do/pcmap_Detail.jsp?charingId=38159,0,41,41,-1,-1,南方电力集团,社会开放,南方电网,已建成已测试,地面,顺易充App,谷:0.2801 平:0.7241 峰:1.0766,,免费,114.063259,22.564376
26,深圳朗山酒店充电站,广东省深圳市南山区松坪山路7-2朗山酒店停车场,423,211.5,,1000,,,,113.9457703,22.55918987,http://admin.bjev520.com/jsp/beiqi/pcmap/do/pcmap_Detail.jsp?charingId=6792,0,12,12,-1,未配置/220/220/7.0,特锐德,公共,特来电,已建成已测试,其他,充电吧APP,电费:00:00~24:00:1.2000,服务费:00:00~24:00:0.7000元/度电,,113.950658,22.55619
72,深圳金沙摩尔充电站,广东省深圳市龙岗区四联路54号,410,205,,1000,,,,114.1993267,22.65028255,http://admin.bjev520.com/jsp/beiqi/pcmap/do/pcmap_Detail.jsp?charingId=10642,0,28,28,-1,M11002B/220/220/7.0,特锐德,公共,特来电,已建成已测试,其他,充电吧APP,,"0:00~07:00:0.7000,07:00~09:00:0.7000,09:00~11:30:0.7000,11:30~14:00:0.7000,14:00~16:30:0.7000,16:30~19:00:0.7000,19:00~21:00:0.7000,21:00~23:00:0.7000,23:00~24:00:0.7000元/度电",,114.204225,22.647468
228,深圳和成世纪名园充电站,深圳市龙岗区布龙路与五和大道交汇处东南侧,405,202.5,,1000,,,,114.0554835,22.6297323,http://admin.bjev520.com/jsp/beiqi/pcmap/do/pcmap_Detail.jsp?charingId=24664,0,75,75,-1,-1,,公共,云杉智慧,已建成已测试,其他,微信；支付宝；其他,固定收费：1.1元/度,固定收费：0.8元/度元/度电,首小时5元，最高15元,114.060606,22.62703
30,深圳七巧国充电站,广东省深圳市宝安区兴业路3003-7,388,194,,1000,,,,113.8512664,22.5708271,http://admin.bjev520.com/jsp/beiqi/pcmap/do/pcmap_Detail.jsp?charingId=7983,4,10,14,M11005C/500/500/60.0,M11002B/220/220/7.0,特锐德,公共,特来电,已建成已测试,其他,充电吧APP,,"0:00~07:00:0.7000,07:00~09:00:0.7000,09:00~11:30:0.7000,11:30~14:00:0.7000,14:00~16:30:0.7000,16:30~19:00:0.7000,19:00~21:00:0.7000,21:00~23:00:0.7000,23:00~24:00:0.7000元/度电",,113.856208,22.567816
242,大浪充电站,深圳市建辉路（三联村口公交站，128个快充）,385,192.5,,1000,,,,114.0216341,22.67380879,http://admin.bjev520.com/jsp/beiqi/pcmap/do/pcmap_Detail.jsp?charingId=25395,117,0,117,未配置/400/400/60.0,-1,深圳致联,公共,深圳致联,已建成已测试,其他,,,,不详,114.026702,22.671039
175,深圳同富村工业园充电站,广东省深圳市龙华区同富邨工业园泰松工业园,363,181.5,,1000,,,,113.9934881,22.70171901,http://admin.bjev520.com/jsp/beiqi/pcmap/do/pcmap_Detail.jsp?charingId=18803,6,0,6,M11006C/750/750/150.0,-1,特锐德,公共,特来电,已建成已测试,其他,充电吧APP,,"0:00~07:00:0.7000,07:00~09:00:0.7000,09:00~11:30:0.7000,11:30~14:00:0.7000,14:00~16:30:0.7000,16:30~19:00:0.7000,19:00~21:00:0.7000,21:00~23:00:0.7000,23:00~24:00:0.7000元/度电",,113.998489,22.698873
226,深圳彩悦大厦充电站,深圳市龙华区留仙大道24号彩悦大厦地面停车场,359,179.5,,1000,,,,114.0277456,22.61811125,http://admin.bjev520.com/jsp/beiqi/pcmap/do/pcmap_Detail.jsp?charingId=24651,1,14,15,-1,-1,,公共,云杉智慧,已建成已测试,其他,微信；支付宝；其他,固定收费：0.92元/度,固定收费：0.8元/度元/度电,第一个小时5元，后3元/小时,114.032823,22.615347
324,龙岗布吉名城国际广场充电站,广东省深圳市龙岗区布吉街道名城国际广场,358,179,,1000,,,,114.1352949,22.62094225,http://admin.bjev520.com/jsp/beiqi/pcmap/do/pcmap_Detail.jsp?charingId=38127,0,2,2,-1,-1,中天昱品,社会开放,南方电网,已建成已测试,地面,顺易充App,,,,114.140356,22.618235
168,深圳汇聚创新园充电站,广东省深圳市宝安区留仙大道2号,356,178,,1000,,,,113.9224888,22.58524216,http://admin.bjev520.com/jsp/beiqi/pcmap/do/pcmap_Detail.jsp?charingId=18307,0,13,13,-1,未配置/220/220/7.0,特锐德,公共,特来电,已建成已测试,其他,充电吧APP,,"0:00~07:00:0.7000,07:00~09:00:0.7000,09:00~11:30:0.7000,11:30~14:00:0.7000,14:00~16:30:0.7000,16:30~19:00:0.7000,19:00~21:00:0.7000,21:00~23:00:0.7000,23:00~24:00:0.7000元/度电",,113.927354,22.582207
199,鹤洲充电站,广东省深圳市宝安区西乡街道致联新能源汽车充电站鹤洲站,342,171,,1000,,,,113.8570469,22.63091555,http://admin.bjev520.com/jsp/beiqi/pcmap/do/pcmap_Detail.jsp?charingId=23745,40,63,103,DC60kW~160kW,AC380V/63A/42kW,北京智充,社会开放,致联新能源,已建成已测试,地面,致联新能源APP,0.24元/度~1.04元/度,0.21~0.66元/度电,免费,113.861979,22.627904
353,深圳光明兆恒工业园充电站 二期,深圳市光明新区公明街道根玉路田寮村模具产业基地7号兆恒工业园南区A座一层,321,160.5,,1000,,,,113.8872673,22.72669278,http://admin.bjev520.com/jsp/beiqi/pcmap/do/pcmap_Detail.jsp?charingId=39108,5,13,18,DH-DC1200SG30-B/1000/1000/120.0,DH-AC0070XG30-C/253/253/7.0,星星充电,公共,星星充电,已建成已测试,其他,,,,不详,113.892153,22.723674
6,中海凯丽充电点,中国广东省深圳市龙岗区大运路168,319,159.5,,1000,,,,114.2099126,22.70589416,http://admin.bjev520.com/jsp/beiqi/pcmap/do/pcmap_Detail.jsp?charingId=2200,0,3,3,-1,-1,其他,社会开放,腾势,已建成未测试,地下,充电网APP,安标准收取,安标准收取元/度电,安标准收取,114.214792,22.703078
356,龙岗区五联路充电站,深圳市龙岗区五联路22-1号,312,156,,1000,,,,114.2364583,22.75018157,http://admin.bjev520.com/jsp/beiqi/pcmap/do/pcmap_Detail.jsp?charingId=39393,7,0,7,PRS-7576T-750/120-2/750/750/120.0,-1,,公共,云快充,已建成已测试,其他,支付宝、微信,,,以场站实际为准,114.241301,22.747357
15,共乐大厦站,广东省深圳市宝安区宝安大道与西乡大道交汇处（共乐大厦停车场）,305,152.5,,1000,,,,113.8654198,22.58189984,http://admin.bjev520.com/jsp/beiqi/pcmap/do/pcmap_Detail.jsp?charingId=4542,16,0,16,-1,-1,其他,社会开放,普天,已建成未测试,地面,普天充电卡,,0.45元/度电,5元/小时,113.870331,22.57887
9,深圳博达大厦充电站,广东省深圳市南山区深云路6,290,145,,1000,,,,113.9834788,22.55406451,http://admin.bjev520.com/jsp/beiqi/pcmap/do/pcmap_Detail.jsp?charingId=3786,2,8,10,M11011B/450/450/30.0,3907060140040035/220/220/7.0,特锐德,公共,特来电,已建成已测试,其他,充电吧APP,,"0:00~07:00:0.7000,07:00~09:00:0.7000,09:00~11:30:0.7000,11:30~14:00:0.7000,14:00~16:30:0.7000,16:30~19:00:0.7000,19:00~21:00:0.7000,21:00~23:00:0.7000,23:00~24:00:0.7000元/度电",,113.988445,22.551163
333,盐田小梅沙大酒店停车场,广东省深圳市盐田区梅沙街道盐葵路小梅沙大酒店,290,145,,1000,,,,114.3246842,22.60555039,http://admin.bjev520.com/jsp/beiqi/pcmap/do/pcmap_Detail.jsp?charingId=38160,0,6,6,-1,-1,南方和顺,社会开放,南方电网,已建成已测试,地面,顺易充App,,,,114.32957,22.602789
107,宝安人民医院,深圳市宝安区宝城16区龙井二路118号,284,142,,1000,,,,113.9096757,22.56502825,http://admin.bjev520.com/jsp/beiqi/pcmap/do/pcmap_Detail.jsp?charingId=12032,0,3,3,-1,7kW,其他,社会开放,普天,已建成未测试,其他,普天充电卡,不详,不详,5元/小时,113.914537,22.56198
173,深圳喜悦里华庭充电站,广东省深圳市龙岗区建新路满京华喜悦里华庭,281,140.5,,1000,,,,114.2639841,22.72358195,http://admin.bjev520.com/jsp/beiqi/pcmap/do/pcmap_Detail.jsp?charingId=18528,0,43,43,-1,未配置/220/220/7.0,特锐德,公共,特来电,已建成已测试,其他,充电吧APP,电费:00:00~24:00:0.7170,服务费:00:00~24:00:0.7000元/度电,,114.268814,22.720755
251,白芒充电站大巴桩,深圳市西丽街道松白路1045号,281,140.5,,1000,,,,113.9309628,22.63258288,http://admin.bjev520.com/jsp/beiqi/pcmap/do/pcmap_Detail.jsp?charingId=25411,15,0,15,未配置/640/640/160.0,-1,深圳致联,公共,深圳致联,已建成已测试,其他,,,,不详,113.935837,22.629566
350,深圳龙岗美泰物流园充电站,深圳市龙岗区上李朗社区美泰物流园D栋1楼北侧停车坪,281,140.5,,1000,,,,114.1296744,22.649545,http://admin.bjev520.com/jsp/beiqi/pcmap/do/pcmap_Detail.jsp?charingId=38830,4,0,4,DH-DC1200SG30-1/1000/1000/120.0,-1,星星充电,公共,星星充电,已建成已测试,其他,,,,不详,114.13475,22.646851
410,松岗江边泥头车专用充电站,广东省深圳市宝安区松岗创业二路与高速轿辅道交叉口东北150米,273,136.5,,1000,,,,113.8052242,22.77152566,http://admin.bjev520.com/jsp/beiqi/pcmap/do/pcmap_Detail.jsp?charingId=44274,12,0,12,DH-DC2400SG38/1000/1000/240.0,-1,星星充电,公共,星星充电,已建成已测试,其他,,,,不收费,113.810299,22.768642
17,新安公园站,广东省深圳市宝安区新安公园公交站台旁,269,134.5,,1000,,,,113.9069432,22.56648549,http://admin.bjev520.com/jsp/beiqi/pcmap/do/pcmap_Detail.jsp?charingId=4545,32,0,32,-1,-1,其他,社会开放,普天,已建成未测试,地面,普天充电卡,,元/度电,免费,113.911805,22.563436
171,深圳怀德峰景南园充电站,广东省深圳市宝安区翠岗西路,262,131,,1000,,,,113.8154437,22.66766378,http://admin.bjev520.com/jsp/beiqi/pcmap/do/pcmap_Detail.jsp?charingId=18426,0,20,20,-1,未配置/220/220/7.0,特锐德,公共,特来电,已建成已测试,其他,充电吧APP,电费:00:00~24:00:0.9000,服务费:00:00~24:00:0.7000元/度电,,113.820485,22.664733
194,竹韵花园A区,深圳市坪山区坪山区创景路与竹岭二路交叉口东北100米竹韵花园A区,258,129,,1000,,,,114.3957704,22.70479935,http://admin.bjev520.com/jsp/beiqi/pcmap/do/pcmap_Detail.jsp?charingId=23592,0,6,6,-1,-1,依威能源,社会开放,依威能源,已建成已测试,未知,充电吧APP,不详,不详元/度电,不详,114.400723,22.702147
63,深圳观澜格兰云天大酒店,广东省深圳市龙岗区广东省深圳市龙华新区观澜大道环观南路交汇处一楼架空停车场,243,121.5,,1000,,,,114.0358309,22.69385253,http://admin.bjev520.com/jsp/beiqi/pcmap/do/pcmap_Detail.jsp?charingId=10240,0,10,10,-1,3.3/7kW,充电队长,社会开放,充电队长,已建成已测试,其他,充电队长APP,计费时段 :00:00-24:00;电费: 1.2,计费时段 :00:00-24:00;服务费: 0.8,,114.040929,22.691124
357,下步庙南区,广东省深圳市福田区南园街道南华村52栋旁,239,119.5,,1000,,,,114.0840795,22.53604756,http://admin.bjev520.com/jsp/beiqi/pcmap/do/pcmap_Detail.jsp?charingId=39879,0,7,7,-1,-1,普天新能源,社会开放,聚电,已建成已测试,地面,刷卡,,,不详,114.089207,22.533364
150,深圳军威物业充电站,广东省深圳市南山区松白路1008,232,116,,1000,,,,113.9308698,22.63337488,http://admin.bjev520.com/jsp/beiqi/pcmap/do/pcmap_Detail.jsp?charingId=13383,3,10,13,M11011C/500/500/60.0,M11001C/220/220/7.0,特锐德,公共,特来电,已建成已测试,其他,充电吧APP,,"0:00~07:00:0.7000,07:00~09:00:0.7000,09:00~11:30:0.7000,11:30~14:00:0.7000,14:00~16:30:0.7000,16:30~19:00:0.7000,19:00~21:00:0.7000,21:00~23:00:0.7000,23:00~24:00:0.7000元/度电",,113.935744,22.630358
296,坪山龙田街道事处处,广东省深圳市坪山区坪山街道龙岗区防洪防风避险中心竹坑综合市场,226,113,,1000,,,,114.3856274,22.71230322,http://admin.bjev520.com/jsp/beiqi/pcmap/do/pcmap_Detail.jsp?charingId=37786,0,10,10,-1,-1,深圳奇辉,社会开放,南方电网,已建成已测试,地面,顺易充App,,,免费,114.390582,22.70965
343,深新大厦,广东省深圳市福田区梅林街道深新大厦,221,110.5,,1000,,,,114.0668052,22.57312519,http://admin.bjev520.com/jsp/beiqi/pcmap/do/pcmap_Detail.jsp?charingId=38292,0,2,2,-1,-1,普天新能源,社会开放,其他,已建成已测试,地下,刷卡,1.2元/度,0.55元/度电,,114.071933,22.570431
27,深圳城市假日充电站,广东省深圳市南山区西丽镇龙珠大道与龙珠五路交界处,217,108.5,,1000,,,,113.9720745,22.56562672,http://admin.bjev520.com/jsp/beiqi/pcmap/do/pcmap_Detail.jsp?charingId=6793,0,5,5,-1,M11001C/220/220/7.0,特锐德,公共,特来电,已建成已测试,其他,充电吧APP,电费:00:00~24:00:1.0577,服务费:00:00~24:00:0.7000元/度电,,113.977014,22.562693
213,深圳竹子林家园充电站,深圳市福田区竹子林五路11号附近竹子林花园停车场,215,107.5,,1000,,,,114.0035731,22.53776382,http://admin.bjev520.com/jsp/beiqi/pcmap/do/pcmap_Detail.jsp?charingId=24523,0,8,8,-1,-1,,公共,云杉智慧,已建成已测试,其他,微信；支付宝；其他,固定收费：1.3元/度,固定收费：0.8元/度元/度电,首小时5元，1小时起每小时1元，当天最高10元,114.008589,22.534922
214,深圳盛荟居充电站,深圳市龙华区上芬小学路与民塘路交叉口西北100米盛荟居,215,107.5,,1000,,,,114.0118851,22.63811585,http://admin.bjev520.com/jsp/beiqi/pcmap/do/pcmap_Detail.jsp?charingId=24536,0,29,29,-1,-1,,公共,云杉智慧,已建成已测试,其他,微信；支付宝；其他,固定收费：1.3元/度,固定收费：0.8元/度元/度电,首小时5元，1小时起每小时1元，当天最高10元,114.016928,22.635311
371,罗湖紫荆花园充电,广东省深圳市罗湖区东晓街道紫荆花园紫荆花园(金稻田路),207,103.5,,1000,,,,114.1120072,22.58977355,http://admin.bjev520.com/jsp/beiqi/pcmap/do/pcmap_Detail.jsp?charingId=41396,0,6,6,-1,-1,山东鲁能,社会开放,南方电网,已建成已测试,地面,顺易充App,,,,114.117112,22.587089
392,福田园岭街道办事处充电站,广东省深圳市福田区园岭街道红荔路2000号深圳市妇幼保健院(红荔路),207,103.5,,1000,,,,114.0889354,22.55251107,http://admin.bjev520.com/jsp/beiqi/pcmap/do/pcmap_Detail.jsp?charingId=41437,0,1,1,-1,-1,中天昱品,社会开放,南方电网,已建成已测试,地面,顺易充App,,,,114.094062,22.54983
209,深圳山海家园充电站,广东省深圳市盐田区梧桐路1033号山海家园地下停车场,200,100,,,100,,,114.2327343,22.56310129,http://admin.bjev520.com/jsp/beiqi/pcmap/do/pcmap_Detail.jsp?charingId=24509,0,15,15,-1,-1,,公共,云杉智慧,已建成已测试,其他,微信；支付宝；其他,固定收费：0.717元/度,固定收费：0.8元/度元/度电,第一小时5元，第二小时起1元/小时，封顶15元,114.237569,22.56024
0,南方电网和谐充电站,广东省深圳市龙岗白灰围一路5号,196,98,,,100,,,114.2220377,22.72497255,http://admin.bjev520.com/jsp/beiqi/pcmap/do/pcmap_Detail.jsp?charingId=922,4,0,4,-1,-1,其他,社会开放,南方电网,已建成未测试,其他,现金结算,1.035元/度,免费,免费,114.226897,22.722149
7,奥特迅充电点,广东省深圳市南山区松坪山路5,196,98,,,100,,,113.9467609,22.55832686,http://admin.bjev520.com/jsp/beiqi/pcmap/do/pcmap_Detail.jsp?charingId=2201,32,0,32,-1,-1,其他,社会开放,深圳奥特迅,已建成已测试,地下,奥特迅充电卡,峰平谷大工业电价,0.45元元/度电,免费,113.95165,22.555329
18,宝安体育场站,广东省深圳市宝安区体育馆北入口停车场内,195,97.5,,,100,,,113.8760373,22.56049601,http://admin.bjev520.com/jsp/beiqi/pcmap/do/pcmap_Detail.jsp?charingId=4547,48,0,48,-1,-1,其他,社会开放,普天,已建成未测试,地面,普天充电卡,,元/度电,不详,113.880928,22.557453
215,国皇大厦充电站,深圳市福田区金田路与滨河大道交汇处东南侧,180,90,,,100,,,114.0581483,22.53163715,http://admin.bjev520.com/jsp/beiqi/pcmap/do/pcmap_Detail.jsp?charingId=24554,1,7,8,-1,-1,,公共,云杉智慧,已建成已测试,其他,微信；支付宝；其他,,固定收费：0.8元/度元/度电,每小时5元，全天10元,114.063267,22.528928
118,深圳春晖苑充电站,广东省深圳市宝安区广东省深圳市宝安区横当岭一路,177,88.5,,,100,,,113.9665755,22.69572721,http://admin.bjev520.com/jsp/beiqi/pcmap/do/pcmap_Detail.jsp?charingId=12203,0,4,4,-1,未配置/220/220/7.0,特锐德,公共,特来电,已建成已测试,其他,充电吧APP,电费:00:00~24:00:1.1000,服务费:00:00~24:00:0.7000元/度电,,113.971511,22.692801
408,深圳光明埃迪蒙托工业园充电站,深圳市埃迪蒙托工业园（西南2门）,176,88,,,100,,,113.8598394,22.78314892,http://admin.bjev520.com/jsp/beiqi/pcmap/do/pcmap_Detail.jsp?charingId=43921,20,0,20,DH-DC0600SG27-C/750/750/60.0,-1,星星充电,公共,星星充电,已建成已测试,其他,,,,请司机用户从正门出，向保安出示充电订单后，才能免2小时停车费,113.864775,22.780173
391,南山西丽人民医院地上停车场充电站,广东省深圳市南山区西丽街道西丽人民医院住院部,174,87,,,100,,,113.9446076,22.58285389,http://admin.bjev520.com/jsp/beiqi/pcmap/do/pcmap_Detail.jsp?charingId=41436,0,18,18,-1,-1,深圳奇辉,社会开放,南方电网,已建成已测试,地面,顺易充App,,,,113.949495,22.579854
134,深圳广田集团大厦充电站,广东省深圳市罗湖区深南东路2102号,171,85.5,,,100,,,114.1187283,22.54711778,http://admin.bjev520.com/jsp/beiqi/pcmap/do/pcmap_Detail.jsp?charingId=12541,0,6,6,-1,M11002B/220/220/7.0,特锐德,公共,特来电,已建成已测试,其他,充电吧APP,电费:00:00~24:00:1.1900,服务费:00:00~24:00:0.7000元/度电,,114.123819,22.544423
136,深圳祥昭大厦充电站,广东省深圳市龙华区福龙路辅路祥昭大厦,171,85.5,,,100,,,113.9988934,22.63820468,http://admin.bjev520.com/jsp/beiqi/pcmap/do/pcmap_Detail.jsp?charingId=12552,4,24,28,M11005C/500/500/60.0,M11021B/220/220/7.0,特锐德,公共,特来电,已建成已测试,其他,充电吧APP,,"0:00~07:00:0.7000,07:00~09:00:0.7000,09:00~11:30:0.7000,11:30~14:00:0.7000,14:00~16:30:0.7000,16:30~19:00:0.7000,19:00~21:00:0.7000,21:00~23:00:0.7000,23:00~24:00:0.7000元/度电",,114.003904,22.635361
212,深圳天一名居充电站,深圳市福田区深圳市福田区莲花街道商报东路129号,170,85,,,100,,,114.0422857,22.55814087,http://admin.bjev520.com/jsp/beiqi/pcmap/do/pcmap_Detail.jsp?charingId=24520,0,10,10,-1,-1,,公共,云杉智慧,已建成已测试,其他,微信；支付宝；其他,固定收费：1.0元/度,固定收费：0.8元/度元/度电,首小时5元，1小时起每小时1元，当天最高10元,114.047386,22.555404
151,深圳瑞思国际大厦充电站,广东省深圳市罗湖区沿河北路1002路瑞思国际大厦,169,84.5,,,100,,,114.1374946,22.55021608,http://admin.bjev520.com/jsp/beiqi/pcmap/do/pcmap_Detail.jsp?charingId=13406,0,17,17,-1,M11002B/220/220/7.0,特锐德,公共,特来电,已建成已测试,其他,充电吧APP,电费:00:00~24:00:1.1200,服务费:00:00~24:00:0.7000元/度电,,114.142546,22.547497
421,汇电鑫,深圳市坪山新区团结路,169,84.5,,,100,,,114.3406379,22.69420096,http://admin.bjev520.com/jsp/beiqi/pcmap/do/pcmap_Detail.jsp?charingId=80193,6,0,6,NCCP-DC500-60K-GB01/500/500/60.0,-1,,公共,云快充,已建成已测试,其他,支付宝、微信,,,免,114.345553,22.691487
248,时尚新居充电站,深圳市笋岗街道宝岗路207号时尚新居地下停车场内,165,82.5,,,100,,,114.1074799,22.57043359,http://admin.bjev520.com/jsp/beiqi/pcmap/do/pcmap_Detail.jsp?charingId=25403,0,2,2,-1,未配置/218/218/7.0,深圳致联,公共,深圳致联,已建成已测试,其他,,00:00~24:00:0.85,00:00~24:00:0.80元/度电,不详,114.11259,22.56775
244,百富汇充电站,深圳市梅龙大道与景龙建设路交汇处（无停车费）,157,78.5,,,100,,,114.0050607,22.64136646,http://admin.bjev520.com/jsp/beiqi/pcmap/do/pcmap_Detail.jsp?charingId=25397,0,39,39,-1,未配置/666/666/42.0,深圳致联,公共,深圳致联,已建成已测试,其他,,,,不详,114.010087,22.638542
183,深圳鼎新大厦充电站,广东省深圳市南山区留仙大道2014鼎新大厦停车场,141,70.5,,,100,,,113.9485983,22.58426227,http://admin.bjev520.com/jsp/beiqi/pcmap/do/pcmap_Detail.jsp?charingId=19077,0,12,12,-1,M11002B/220/220/7.0,特锐德,公共,特来电,已建成已测试,其他,充电吧APP,,"0:00~07:00:0.7000,07:00~09:00:0.7000,09:00~11:30:0.7000,11:30~14:00:0.7000,14:00~16:30:0.7000,16:30~19:00:0.7000,19:00~21:00:0.7000,21:00~23:00:0.7000,23:00~24:00:0.7000元/度电",,113.953492,22.581271
24,深圳农科商务楼充电站,广东省深圳市福田区红荔西路8153号农科商务楼,140,70,,,100,,,114.0143564,22.54289564,http://admin.bjev520.com/jsp/beiqi/pcmap/do/pcmap_Detail.jsp?charingId=6495,0,6,6,-1,未配置/220/220/7.0,特锐德,公共,特来电,已建成已测试,其他,充电吧APP,电费:00:00~24:00:1.1800,服务费:00:00~24:00:0.7000元/度电,,114.019399,22.540086
87,天越翔园,深圳市罗湖区莲塘国威路,139,69.5,,,100,,,114.1666363,22.56647648,http://admin.bjev520.com/jsp/beiqi/pcmap/do/pcmap_Detail.jsp?charingId=12004,0,3,3,-1,-1,其他,社会开放,普天,已建成未测试,其他,普天充电卡,,不详,不详,114.171613,22.563707
177,深圳万科香榭茗园充电站,广东省深圳市福田区农垦路15香榭茗园地下停车场,135,67.5,,,100,,,114.066618,22.56146053,http://admin.bjev520.com/jsp/beiqi/pcmap/do/pcmap_Detail.jsp?charingId=18917,0,6,6,-1,M11002B/220/220/7.0,特锐德,公共,特来电,已建成已测试,其他,充电吧APP,电费:00:00~24:00:0.7170,服务费:00:00~24:00:0.7000元/度电,,114.071745,22.558765
326,龙岗六约龙塘工业区充电站,广东省深圳市龙岗区横岗街道龙新五巷,133,66.5,,,100,,,114.1839153,22.64598093,http://admin.bjev520.com/jsp/beiqi/pcmap/do/pcmap_Detail.jsp?charingId=38131,0,15,15,-1,-1,南方和顺,社会开放,南方电网,已建成已测试,地面,顺易充App,,,,114.188851,22.643191
318,深国际华通源物流中心充电站,广东省深圳市龙华区观澜街道观澜华通源,121,60.5,,,100,,,114.0156919,22.74821064,http://admin.bjev520.com/jsp/beiqi/pcmap/do/pcmap_Detail.jsp?charingId=38092,12,0,12,-1,-1,深圳奇辉,社会开放,南方电网,已建成已测试,地面,顺易充App,,,,114.020751,22.745444
229,创维数字大厦充电站,深圳市宝安区石岩街道办松白路（创维天桥）西侧地上一层,119,59.5,,,100,,,113.916629,22.64734528,http://admin.bjev520.com/jsp/beiqi/pcmap/do/pcmap_Detail.jsp?charingId=24676,0,18,18,-1,-1,,公共,云杉智慧,已建成已测试,其他,微信；支付宝；其他,固定收费：1.2元/度,固定收费：0.8元/度元/度电,第一小时：5元/小时，第二小时起2元/小时；,113.921496,22.644314
321,龙岗平湖宝能智创谷地上停车场充电站,广东省深圳市龙岗区平湖街道南方和顺汽车充电站(宝能智创谷),118,59,,,100,,,114.162811,22.64346917,http://admin.bjev520.com/jsp/beiqi/pcmap/do/pcmap_Detail.jsp?charingId=38116,30,0,30,-1,-1,深圳奇辉,社会开放,南方电网,已建成已测试,地面,顺易充App,,,,114.167803,22.640718
405,青禾福民充电站直流,深圳市观澜福民,116,58,,,100,,,114.0362399,22.71286264,http://admin.bjev520.com/jsp/beiqi/pcmap/do/pcmap_Detail.jsp?charingId=42505,22,0,22,未配置/1666/1666/100.0,-1,深圳致联,公共,深圳致联,已建成已测试,其他,,,,不详,114.04134,22.71014
185,深圳金域云山栖充电站,广东省深圳市龙岗区凹凸路,115,57.5,,,100,,,114.2420628,22.72380152,http://admin.bjev520.com/jsp/beiqi/pcmap/do/pcmap_Detail.jsp?charingId=19189,0,42,42,-1,M11001C/220/220/7.0,特锐德,公共,特来电,已建成已测试,其他,充电吧APP,电费:00:00~24:00:0.7385,服务费:00:00~24:00:0.7000元/度电,,114.246899,22.720968
297,宝安下十围充电站,广东省深圳市宝安区福永街道广生十巷10巷11号103,115,57.5,,,100,,,113.8164221,22.65463636,http://admin.bjev520.com/jsp/beiqi/pcmap/do/pcmap_Detail.jsp?charingId=37787,0,1,1,-1,-1,中天昱品,社会开放,南方电网,已建成已测试,地面,顺易充App,,,,113.82146,22.651701
352,深圳市宝安区新园工业区充电站,深圳市宝安区西乡街道固戍一路575号第一栋厂房一楼东边,115,57.5,,,100,,,113.8484205,22.60274566,http://admin.bjev520.com/jsp/beiqi/pcmap/do/pcmap_Detail.jsp?charingId=38967,3,3,6,DH-DC0300HG27/750/750/20.0,DH-AC0070XG18-D/253/253/7.0,星星充电,公共,星星充电,已建成已测试,其他,,,,,113.853371,22.599743
174,深圳万科公园里充电站,广东省深圳市龙岗区荔园路19号,114,57,,,100,,,114.2171374,22.63567485,http://admin.bjev520.com/jsp/beiqi/pcmap/do/pcmap_Detail.jsp?charingId=18681,0,24,24,-1,M11002B/220/220/7.0,特锐德,公共,特来电,已建成已测试,其他,充电吧APP,电费:00:00~24:00:0.7170,服务费:00:00~24:00:0.7000元/度电,,114.221999,22.632835
419,实用新能源汽车充电站,广东省深圳市龙华区观湖街道樟坑径社区下围工业一路2号2-22,114,57,,,100,,,113.8271708,22.64157819,http://admin.bjev520.com/jsp/beiqi/pcmap/do/pcmap_Detail.jsp?charingId=79851,4,0,4,ZYEQ-90KW\/750V-U2B/750/750/90.0,-1,星星充电,公共,星星充电,已建成已测试,其他,,,,不详,113.832179,22.63862
161,深圳新翠雅苑充电站,广东省深圳市龙岗区坪西路,111,55.5,,,100,,,114.2771418,22.75354088,http://admin.bjev520.com/jsp/beiqi/pcmap/do/pcmap_Detail.jsp?charingId=17401,0,12,12,-1,未配置/220/220/7.0,特锐德,公共,特来电,已建成已测试,其他,充电吧APP,电费:00:00~24:00:1.1000,服务费:00:00~24:00:0.7000元/度电,"不免费,小车：首三小时5元，超3小时15元，30分钟内免费",114.281979,22.750735
190,深圳金众金域阁充电站,广东省深圳市龙华区广东省深圳市宝安区致远南路,111,55.5,,,100,,,114.0244274,22.60666178,http://admin.bjev520.com/jsp/beiqi/pcmap/do/pcmap_Detail.jsp?charingId=21213,0,8,8,-1,M11001C/220/220/7.0,特锐德,公共,特来电,已建成已测试,其他,充电吧APP,电费:00:00~24:00:0.7484,服务费:00:00~24:00:0.7000元/度电,"不免费,以场站方公告为准",114.029497,22.603887
358,港之龙科技园充电站,广东省深圳市龙华区龙华街道骏德球馆深圳港之龙商务中心,107,53.5,,,100,,,114.0354842,22.66811139,http://admin.bjev520.com/jsp/beiqi/pcmap/do/pcmap_Detail.jsp?charingId=40220,4,14,18,-1,-1,山东鲁能,社会开放,南方电网,已建成已测试,地面,顺易充App,,,,114.04058,22.665376
164,深圳中科纳能大厦充电站,广东省深圳市南山区学府路科园路中科纳能大厦,106,53,,,100,,,113.9363158,22.52955089,http://admin.bjev520.com/jsp/beiqi/pcmap/do/pcmap_Detail.jsp?charingId=17828,0,6,6,-1,M11002B/220/220/7.0,特锐德,公共,特来电,已建成已测试,其他,充电吧APP,,"0:00~07:00:0.7000,07:00~09:00:0.7000,09:00~11:30:0.7000,11:30~14:00:0.7000,14:00~16:30:0.7000,16:30~19:00:0.7000,19:00~21:00:0.7000,21:00~23:00:0.7000,23:00~24:00:0.7000元/度电","不免费,以场站方公告为准",113.941189,22.526531
235,英唐大厦充电站,深圳市高新园科技南五路五号地面停车场,106,53,,,100,,,114.0674539,22.5257299,http://admin.bjev520.com/jsp/beiqi/pcmap/do/pcmap_Detail.jsp?charingId=24735,0,12,12,-1,-1,,公共,云杉智慧,已建成已测试,其他,微信；支付宝；其他,固定收费：1.2元/度,固定收费：0.8元/度元/度电,第一小时10元/小时，第二小时起2元/小时；最高35元/天,114.072579,22.523033
422,同乐同心,深圳市龙岗区同心路87号,106,53,,,100,,,114.3155603,22.72583475,http://admin.bjev520.com/jsp/beiqi/pcmap/do/pcmap_Detail.jsp?charingId=80195,6,0,6,DCL120B-750VDCH/750/750/120.0,-1,,公共,云快充,未知,其他,支付宝、微信,,,免费,114.32044,22.723082
359,宝安石岩三祝里村停车场充电站,广东省深圳市宝安区石岩街道三祝里村路,105,52.5,,,100,,,113.9497089,22.68764207,http://admin.bjev520.com/jsp/beiqi/pcmap/do/pcmap_Detail.jsp?charingId=40221,0,14,14,-1,-1,山东鲁能,社会开放,南方电网,已建成已测试,地面,顺易充App,,,,113.954611,22.684672
104,宝通大厦,深圳市宝安区宝民一路215号,101,50.5,,,100,,,113.8910423,22.57002656,http://admin.bjev520.com/jsp/beiqi/pcmap/do/pcmap_Detail.jsp?charingId=12028,0,3,3,-1,-1,其他,社会开放,普天,已建成未测试,其他,普天充电卡,,不详,不详,113.895914,22.566976
360,松岗红星国际新城停车场充电站,广东省深圳市宝安区松岗街道松安路红星国际新城,100,50,,,100,,,113.828687,22.76488039,http://admin.bjev520.com/jsp/beiqi/pcmap/do/pcmap_Detail.jsp?charingId=40225,4,26,30,-1,-1,深圳奇辉,社会开放,南方电网,已建成已测试,地面,顺易充App,,,不详,113.833699,22.761951
274,光明下石家停车场充电站,广东省深圳市光明区公明街道下石家路,98,49,,,100,,,113.8944405,22.77162101,http://admin.bjev520.com/jsp/beiqi/pcmap/do/pcmap_Detail.jsp?charingId=37487,4,20,24,-1,-1,南方和顺,社会开放,南方电网,已建成已测试,地面,顺易充App,,时段服务费0.6199元/度，平时段服务费0.1759元/度，峰时段0.0734元/度元/度电,第1小时5元起，第2小时起2元/小时，每天最高收费20元,113.899322,22.768614
363,深圳金骐智谷充电站,广东省深圳市南山区塘岭路,98,49,,,100,,,113.9883112,22.59342287,http://admin.bjev520.com/jsp/beiqi/pcmap/do/pcmap_Detail.jsp?charingId=40963,4,24,28,-1,-1,,公共,特来电,已建成已测试,其他,充电吧APP,电费:00:00~24:00:1.2000,服务费:00:00~24:00:0.7000元/度电,,113.993292,22.59054
146,深圳豪方花园充电站,广东省深圳市南山区南海大道4040豪方花园小区,97,48.5,,,100,,,113.9293546,22.54699591,http://admin.bjev520.com/jsp/beiqi/pcmap/do/pcmap_Detail.jsp?charingId=12821,0,12,12,-1,未配置/220/220/7.0,特锐德,公共,特来电,已建成已测试,其他,充电吧APP,,"0:00~07:00:0.7000,07:00~09:00:0.7000,09:00~11:30:0.7000,11:30~14:00:0.7000,14:00~16:30:0.7000,16:30~19:00:0.7000,19:00~21:00:0.7000,21:00~23:00:0.7000,23:00~24:00:0.7000元/度电",,113.934222,22.543966
313,龙华清湖新村停车场充电站,广东省深圳市龙华区龙华街道清湖东一巷清湖新村,94,47,,,100,,,114.0443561,22.67163477,http://admin.bjev520.com/jsp/beiqi/pcmap/do/pcmap_Detail.jsp?charingId=38087,0,24,24,-1,-1,南方和顺,社会开放,南方电网,已建成已测试,地面,顺易充App,,,,114.049467,22.66892
163,深圳星都豪庭充电站,广东省深圳市龙岗区布吉街道龙岗大道2504号,93,46.5,,,100,,,114.1333047,22.61550018,http://admin.bjev520.com/jsp/beiqi/pcmap/do/pcmap_Detail.jsp?charingId=17631,0,32,32,-1,3907060140040035/220/220/7.0,特锐德,公共,特来电,已建成已测试,其他,充电吧APP,,"0:00~07:00:0.7000,07:00~09:00:0.7000,09:00~11:30:0.7000,11:30~14:00:0.7000,14:00~16:30:0.7000,16:30~19:00:0.7000,19:00~21:00:0.7000,21:00~23:00:0.7000,23:00~24:00:0.7000元/度电",,114.13837,22.612795
95,李朗国际珠宝产业园,深圳市龙岗区南湾街道布澜路31号,92,46,,,100,,,114.1208378,22.64509401,http://admin.bjev520.com/jsp/beiqi/pcmap/do/pcmap_Detail.jsp?charingId=12013,0,6,6,-1,-1,其他,社会开放,普天,已建成未测试,其他,普天充电卡,,不详,不详,114.125931,22.64241
325,信息科技大厦停车场,广东省深圳市福田区福田保税区市花路16栋信息科技中心,92,46,,,100,,,114.0406255,22.51077302,http://admin.bjev520.com/jsp/beiqi/pcmap/do/pcmap_Detail.jsp?charingId=38130,0,18,18,-1,-1,普天新能源,社会开放,普天,已建成已测试,地面,普天充电卡,1.24,,第一小时10元，第二小时起5元每小时，每天最高35元,114.04572,22.50803
61,皇岗口岸停车场,广东省深圳市福田区广东省深圳市福田区皇岗口岸车港城7楼,91,45.5,,,100,,,114.0686077,22.52139277,http://admin.bjev520.com/jsp/beiqi/pcmap/do/pcmap_Detail.jsp?charingId=10042,0,3,3,-1,-1,,社会开放,充电队长,已建成已测试,其他,其他,计费时段 :00:00-24:00;电费: 1.34,不详,,114.073733,22.518697
241,鹤洲充电站,深圳市洲石路与沈海高速交汇处（鹤洲方向高速桥下小路直入，103个快充）,91,45.5,,,100,,,113.8570469,22.63091555,http://admin.bjev520.com/jsp/beiqi/pcmap/do/pcmap_Detail.jsp?charingId=25393,93,0,93,未配置/400/400/60.0,-1,深圳致联,公共,深圳致联,已建成已测试,其他,,,,不详,113.861979,22.627904
320,龙岗平湖上木古DCC创业园充电站,广东省深圳市龙岗区平湖街道平吉大道141途窝品冠艺术酒店(深圳平湖华南城店),90,45,,,100,,,114.1176403,22.67087831,http://admin.bjev520.com/jsp/beiqi/pcmap/do/pcmap_Detail.jsp?charingId=38114,0,50,50,-1,-1,南方和顺,社会开放,南方电网,已建成已测试,地面,顺易充App,,,免费,114.122741,22.668203
117,深圳新豪方大厦充电站,广东省深圳市南山区深南大道188号新豪方大厦,87,43.5,,,100,,,113.921144,22.54403446,http://admin.bjev520.com/jsp/beiqi/pcmap/do/pcmap_Detail.jsp?charingId=12201,0,9,9,-1,M11001C/220/220/7.0,特锐德,公共,特来电,已建成已测试,其他,充电吧APP,电费:00:00~24:00:1.0600,服务费:00:00~24:00:0.7000元/度电,,113.926006,22.540994
345,深圳市龙岗区南岭1983创意小镇,深圳市龙岗区南湾街道南新路1983创意小镇,87,43.5,,,100,,,114.1423737,22.60807847,http://admin.bjev520.com/jsp/beiqi/pcmap/do/pcmap_Detail.jsp?charingId=38366,6,0,6,DH-DC0600SG25-B/500/500/60.0,-1,星星充电,公共,星星充电,已建成已测试,其他,,,,按场地方实际收费标准收取,114.147417,22.605358
16,西乡公园站,广东省深圳市宝安区西乡公园正门前停车场,85,42.5,,,100,,,113.8762234,22.58011022,http://admin.bjev520.com/jsp/beiqi/pcmap/do/pcmap_Detail.jsp?charingId=4543,16,0,16,-1,-1,其他,社会开放,普天,已建成未测试,地面,普天充电卡,,元/度电,不详,113.881115,22.577069
263,梅林二村停车场,广东省深圳市福田区梅林街道梅中路5-5号,82,41,,,100,,,114.0400468,22.56778691,http://admin.bjev520.com/jsp/beiqi/pcmap/do/pcmap_Detail.jsp?charingId=33176,3,7,10,NFGS_YL_A380/042-1//380/42,EVG2-32DNW5//220/72,南方和顺,社会开放,依威能源,已建成已测试,地面,充电吧APP,1.05,0.8元/度电,第一小时10元，第二小时期2元每小时，每天最高30元,114.045144,22.565046
162,深圳紫悦山充电站,广东省深圳市龙岗区环城南路,81,40.5,,,100,,,114.2944855,22.7607716,http://admin.bjev520.com/jsp/beiqi/pcmap/do/pcmap_Detail.jsp?charingId=17630,0,11,11,-1,M11002B/220/220/7.0,特锐德,公共,特来电,已建成已测试,其他,充电吧APP,电费:00:00~24:00:0.7384,服务费:00:00~24:00:0.7000元/度电,,114.299339,22.757992
92,南岗商务大厦,深圳市南山区前海路1428号,78,39,,,100,,,113.91077,22.53036904,http://admin.bjev520.com/jsp/beiqi/pcmap/do/pcmap_Detail.jsp?charingId=12009,0,3,3,-1,-1,其他,社会开放,普天,已建成未测试,其他,普天充电卡,,不详,不详,113.915629,22.527319
210,创维平面显示科技充电站,深圳市石岩塘头一号路18号地面,76,38,,,100,,,113.9201652,22.6426448,http://admin.bjev520.com/jsp/beiqi/pcmap/do/pcmap_Detail.jsp?charingId=24513,1,12,13,-1,-1,,公共,云杉智慧,已建成已测试,其他,微信；支付宝；其他,,固定收费：0.8元/度元/度电,第一小时5元/小时，第二小时起1元/小时；最高10元/天,113.925033,22.639616
80,星河世纪,深圳市福田区彩田路星河世纪,75,37.5,,,100,,,114.0623522,22.54051454,http://admin.bjev520.com/jsp/beiqi/pcmap/do/pcmap_Detail.jsp?charingId=11997,0,6,6,-1,-1,其他,社会开放,普天,已建成未测试,其他,普天充电卡,,不详,不详,114.067475,22.537812
176,深圳华润万家二期充电站,广东省深圳市宝安区沙井镇新沙路与中心路交汇深明丰大厦地上停车场,74,37,,,100,,,113.8228635,22.73115563,http://admin.bjev520.com/jsp/beiqi/pcmap/do/pcmap_Detail.jsp?charingId=18858,0,13,13,-1,M11002B/220/220/7.0,特锐德,公共,特来电,已建成已测试,其他,充电吧APP,,"0:00~07:00:0.7000,07:00~09:00:0.7000,09:00~11:30:0.7000,11:30~14:00:0.7000,14:00~16:30:0.7000,16:30~19:00:0.7000,19:00~21:00:0.7000,21:00~23:00:0.7000,23:00~24:00:0.7000元/度电",,113.827889,22.728227
328,龙岗六约大和工业区充电站,广东省深圳市龙岗区横岗街道恒丰路麻地村,73,36.5,,,100,,,114.1839512,22.63391726,http://admin.bjev520.com/jsp/beiqi/pcmap/do/pcmap_Detail.jsp?charingId=38133,0,9,9,-1,-1,南方和顺,社会开放,南方电网,已建成已测试,地面,顺易充App,,,,114.188886,22.631125
223,深圳软件园一期②充电站（交流）,深圳市南山区粤海街道高新中三道2号西门软件园一期（1栋旁）,72,36,,,100,,,113.9338763,22.5480469,http://admin.bjev520.com/jsp/beiqi/pcmap/do/pcmap_Detail.jsp?charingId=24611,0,42,42,-1,-1,,公共,云杉智慧,已建成已测试,其他,微信；支付宝；其他,,固定收费：0.8元/度元/度电,30分钟内免费，首小时5元，以后每半小时1元，30元封顶,113.938748,22.545024
52,中海凯骊酒店,广东省深圳市龙岗区广东省深圳市龙岗区大运路168中海凯骊酒店,68,34,,,100,,,114.2103544,22.70642656,http://admin.bjev520.com/jsp/beiqi/pcmap/do/pcmap_Detail.jsp?charingId=10032,0,7,7,-1,-1,充电队长,社会开放,充电队长,已建成已测试,其他,充电队长APP,计费时段 :00:00-24:00;电费: 1.0,不详,免费,114.215233,22.70361
266,盐田区现代产业服务中心,深圳市盐田区沙头角街道沙盐路3018号负一楼A区.负二楼C区,68,34,,,100,,,114.2262977,22.55515426,http://admin.bjev520.com/jsp/beiqi/pcmap/do/pcmap_Detail.jsp?charingId=36012,0,40,40,-1,未配置/2147483647/2147483647/7.0,深圳致联,公共,深圳致联,已建成已测试,其他,,,,不详,114.23114,22.552296
347,深圳南山蛇口海伴雅居,深圳市南山区蛇口海昌路109号,66,33,,,100,,,113.9152783,22.48939163,http://admin.bjev520.com/jsp/beiqi/pcmap/do/pcmap_Detail.jsp?charingId=38681,2,6,8,DH-DC0600SG27/750/750/45.0,DH-AC0070XG18-C/253/253/7.0,星星充电,公共,星星充电,已建成已测试,其他,,"时间段:00:00-23:59,电价:0.73","时间段:00:00-23:59,服务费:0.45元/度电",不详,113.920135,22.486344
247,今日家园充电站,深圳市罗湖区东昌路78号今日家园小区地面停车场内,65,32.5,,,100,,,114.1310657,22.58398033,http://admin.bjev520.com/jsp/beiqi/pcmap/do/pcmap_Detail.jsp?charingId=25402,0,9,9,-1,未配置/218/218/7.0,深圳致联,公共,深圳致联,已建成已测试,其他,,00:00~24:00:0.85,00:00~24:00:0.80元/度电,不详,114.136134,22.581274
413,盐田区蓝色海福居充电站,深圳市官上路3号地下室负一楼、负二楼南面2栋和3栋交界,65,32.5,,,100,,,114.2268545,22.55492566,http://admin.bjev520.com/jsp/beiqi/pcmap/do/pcmap_Detail.jsp?charingId=53222,0,31,31,-1,未配置/2147483647/2147483647/7.0,深圳致联,公共,深圳致联,已建成已测试,其他,,,,不详,114.231696,22.552067
19,灵芝公园站,广东省深圳市宝安区灵芝公园东停车场内,64,32,,,100,,,113.9026794,22.57257537,http://admin.bjev520.com/jsp/beiqi/pcmap/do/pcmap_Detail.jsp?charingId=4548,16,0,16,-1,-1,其他,社会开放,普天,已建成未测试,地面,普天充电卡,,元/度电,5元/天,113.907543,22.569525
68,蛇口花园城中心,广东省深圳市南山区广东省深圳市南山区蛇口水湾路52号招商大厦P2层中区2号缴费处正对面,64,32,,,100,,,113.9164528,22.49365266,http://admin.bjev520.com/jsp/beiqi/pcmap/do/pcmap_Detail.jsp?charingId=10245,0,20,20,-1,3.3/7kW,充电队长,社会开放,充电队长,已建成已测试,其他,e充电APP,计费时段 :00:00-24:00;电费: 1.2,计费时段 :00:00-24:00;服务费: 0.45,,113.92131,22.490606
401,青禾马家龙充电站直流,深圳市南山区马家龙充电站,64,32,,,100,,,113.9207496,22.5535312,http://admin.bjev520.com/jsp/beiqi/pcmap/do/pcmap_Detail.jsp?charingId=42426,11,0,11,未配置/1666/1666/100.0,-1,深圳致联,公共,深圳致联,已建成已测试,其他,,,,不详,113.925612,22.550491
315,龙华迎桥花苑,广东省深圳市龙华区福城街道迎侨花园,63,31.5,,,100,,,114.0415837,22.71410716,http://admin.bjev520.com/jsp/beiqi/pcmap/do/pcmap_Detail.jsp?charingId=38089,0,9,9,-1,-1,深圳奇辉,社会开放,南方电网,已建成已测试,地面,顺易充App,,,不详,114.046693,22.711397
189,深圳福祥停车场充电站,广东省深圳市宝安区福永综合楼停车场,60,30,,,100,,,113.9192478,22.57620265,http://admin.bjev520.com/jsp/beiqi/pcmap/do/pcmap_Detail.jsp?charingId=21188,0,13,13,-1,M11002B/220/220/7.0,特锐德,公共,特来电,已建成已测试,其他,充电吧APP,电费:00:00~24:00:0.8755,服务费:00:00~24:00:0.7000元/度电,,113.924111,22.573163
265,泰然大厦,深圳市福田区云松大厦对面泰然大厦,60,30,,,100,,,114.0167215,22.53322443,http://admin.bjev520.com/jsp/beiqi/pcmap/do/pcmap_Detail.jsp?charingId=35413,0,4,4,-1,EVG2-32DNW5//220/7.0,依威能源,社会开放,依威能源,已建成已测试,未知,E充站APP或依威能源电卡,2,不详,第一小时15元，之后每小时10元，每天最高60元,114.021769,22.530421
58,投行大厦,广东省深圳市福田区广东省深圳市福田区福华一路115投行大厦,58,29,,,100,,,114.0466953,22.53913907,http://admin.bjev520.com/jsp/beiqi/pcmap/do/pcmap_Detail.jsp?charingId=10039,0,15,15,-1,YSA2D007220//220/7,,社会开放,云杉智慧,已建成已测试,地下,云充电APP,1元,0.65元/度电,第一小时15元/小时，后每小时加收5元。最高60元/天,114.051801,22.53641
169,深圳东城花园二期充电站,广东省深圳市龙岗区河新街14号,58,29,,,100,,,114.1798111,22.63906085,http://admin.bjev520.com/jsp/beiqi/pcmap/do/pcmap_Detail.jsp?charingId=18372,3,38,41,M11011C/500/500/60.0,M11002B/220/220/7.0,特锐德,公共,特来电,已建成已测试,其他,充电吧APP,,"0:00~07:00:0.7000,07:00~09:00:0.7000,09:00~11:30:0.7000,11:30~14:00:0.7000,14:00~16:30:0.7000,16:30~19:00:0.7000,19:00~21:00:0.7000,21:00~23:00:0.7000,23:00~24:00:0.7000元/度电",,114.184757,22.636277
364,白芒充电站小车桩,深圳市西丽街道松白路1045号,58,29,,,100,,,113.9309628,22.63258288,http://admin.bjev520.com/jsp/beiqi/pcmap/do/pcmap_Detail.jsp?charingId=41115,4,0,4,未配置/400/400/60.0,-1,深圳致联,公共,深圳致联,已建成已测试,其他,,,,不详,113.935837,22.629566
259,深圳罗湖福德花园,深圳市罗湖区深南东路1110号福德花园,57,28.5,,,100,,,114.1282649,22.54906085,http://admin.bjev520.com/jsp/beiqi/pcmap/do/pcmap_Detail.jsp?charingId=27202,2,5,7,DH-DC0600SG27/750/750/60.0,DH-AC0070XG18-C/253/253/7.0,星星充电,公共,星星充电,已建成已测试,其他,,"时间段:00:00-23:59,电价:0.81","时间段:00:00-23:59,服务费:0.45元/度电",不详,114.133337,22.546355
89,宝安中医院,深圳市宝安区裕安二路25号,56,28,,,100,,,113.8942909,22.57478069,http://admin.bjev520.com/jsp/beiqi/pcmap/do/pcmap_Detail.jsp?charingId=12006,0,3,3,-1,-1,其他,社会开放,普天,已建成未测试,其他,普天充电卡,,不详,不详,113.89916,22.57173
165,深圳胜发大厦充电站,广东省深圳市南山区沿山路23号,56,28,,,100,,,113.908543,22.49489414,http://admin.bjev520.com/jsp/beiqi/pcmap/do/pcmap_Detail.jsp?charingId=18112,0,11,11,-1,M11002B/220/220/7.0,特锐德,公共,特来电,已建成已测试,其他,充电吧APP,电费:00:00~24:00:0.9000,服务费:00:00~24:00:0.7000元/度电,,113.9134,22.491842
354,深圳宝安新沙荟名庭三期,深圳市宝安区沙井街道新沙荟名庭三期1栋A座1楼,56,28,,,100,,,113.811187,22.73606735,http://admin.bjev520.com/jsp/beiqi/pcmap/do/pcmap_Detail.jsp?charingId=39215,0,55,55,-1,DH-AC0070XG18-D/253/253/7.0,星星充电,公共,星星充电,已建成已测试,其他,,"时间段:00:00-23:59,电价:0.737","时间段:00:00-23:59,服务费:0.45元/度电",不详,113.816244,22.733162
254,深圳宝安福永锐明工业园充电站,深圳市宝安区福永福海街道和秀西路44号锐明工业园,54,27,,,100,,,113.7824766,22.69578113,http://admin.bjev520.com/jsp/beiqi/pcmap/do/pcmap_Detail.jsp?charingId=25550,8,9,17,DH-DC0600SG27/750/750/60.0,DH-AC0070XG18-C/253/253/7.0,星星充电,公共,星星充电,已建成已测试,其他,,,,,113.787599,22.692911
11,深圳坪山区坪山体育中心充电点,广东省深圳市坪山区坪山体育中心停车场内,53,26.5,,,100,,,114.337849,22.6763143,http://admin.bjev520.com/jsp/beiqi/pcmap/do/pcmap_Detail.jsp?charingId=3892,15,5,20,直流45KW,交流32A,深圳巴斯巴,社会开放,深圳巴斯巴,已建成未测试,地面,巴斯巴充电卡,1.76元/度,0.45元/度电,免费,114.342759,22.673591
252,盐田区海美居充电站,深圳市盐田北山道石头围街,52,26,,,100,,,114.2462704,22.59954293,http://admin.bjev520.com/jsp/beiqi/pcmap/do/pcmap_Detail.jsp?charingId=25417,0,8,8,-1,未配置/218/218/7.0,深圳致联,公共,深圳致联,已建成已测试,其他,,,,不详,114.251096,22.596683
73,深圳东方都会大厦充电站,广东省深圳市罗湖区沿河北路1002号,51,25.5,,,100,,,114.1377692,22.5503675,http://admin.bjev520.com/jsp/beiqi/pcmap/do/pcmap_Detail.jsp?charingId=11018,0,14,14,-1,M11002B/220/220/7.0,特锐德,公共,特来电,已建成已测试,其他,充电吧APP,电费:00:00~24:00:1.2000,服务费:00:00~24:00:0.7000元/度电,,114.14282,22.547648
115,皇岗公园,深圳市福田区福强路皇岗公园南门停车场内,50,25,,,100,,,114.0529215,22.52036526,http://admin.bjev520.com/jsp/beiqi/pcmap/do/pcmap_Detail.jsp?charingId=12041,5,0,5,-1,-1,其他,社会开放,普天,已建成未测试,其他,普天充电卡,峰1.0759平0.7234谷0.2794,不详,不详,114.058034,22.517647
293,深圳机场充电站,广东省深圳市宝安区深圳市宝安国际机场航站四路3005号深圳宝安国际机场,48,24,,,100,,,113.8180555,22.63924743,http://admin.bjev520.com/jsp/beiqi/pcmap/do/pcmap_Detail.jsp?charingId=37779,0,8,8,-1,-1,山东鲁能,社会开放,南方电网,已建成已测试,地面,顺易充App,,,免费,113.823088,22.636306
96,金田大厦,深圳市罗湖区和平路1199号,46,23,,,100,,,114.1099522,22.54152056,http://admin.bjev520.com/jsp/beiqi/pcmap/do/pcmap_Detail.jsp?charingId=12014,0,1,1,-1,-1,其他,社会开放,普天,已建成未测试,其他,普天充电卡,,不详,不详,114.115057,22.538833
144,罗湖体育馆充电站,广东省深圳市罗湖体育馆,46,23,,,100,,,114.1460722,22.55818454,http://admin.bjev520.com/jsp/beiqi/pcmap/do/pcmap_Detail.jsp?charingId=12810,2,0,2,50kW,-1,ABB,社会开放,华南充电,已建成已测试,其他,微信,1.6元/度,免费,首小时5元，第2小时1元/小时，一天最高10元,114.151103,22.555452
264,特发小区,广东省深圳市福田区香蜜湖街道香梅路27号,46,23,,,100,,,114.0252099,22.55771434,http://admin.bjev520.com/jsp/beiqi/pcmap/do/pcmap_Detail.jsp?charingId=35401,0,3,3,-1,-1,依威能源,社会开放,依威能源,已建成已测试,地面,E充站APP或依威能源电卡,0.72,不详元/度电,第一小时5元之后每小时1元，每天最高10元。,114.030278,22.554936
47,深圳水木丹华充电站,广东省深圳市南山区学苑大道水木丹华园小区,45,22.5,,,100,,,113.9845086,22.59454917,http://admin.bjev520.com/jsp/beiqi/pcmap/do/pcmap_Detail.jsp?charingId=8930,0,15,15,-1,M11002B/220/220/7.0,特锐德,公共,特来电,已建成已测试,其他,充电吧APP,,"0:00~07:00:0.7000,07:00~09:00:0.7000,09:00~11:30:0.7000,11:30~14:00:0.7000,14:00~16:30:0.7000,16:30~19:00:0.7000,19:00~21:00:0.7000,21:00~23:00:0.7000,23:00~24:00:0.7000元/度电",,113.98948,22.591655
237,罗湖渔民村充电站,深圳市罗湖区和平路渔民村地下负二层,45,22.5,,,100,,,114.1071657,22.5356441,http://admin.bjev520.com/jsp/beiqi/pcmap/do/pcmap_Detail.jsp?charingId=24741,0,12,12,-1,交流单枪7kw/235/235/7.0,云杉,公共,云杉智慧,已建成已测试,其他,微信；支付宝；其他,固定收费：1.1元/度,固定收费：0.8元/度元/度电,第一小时5元/小时，第二小时起1元/小时；最高15元/天,114.112274,22.532958
340,坪山聚龙花园二期户外停车场充电站,广东省深圳市坪山区坪山街道南方和顺聚龙花园2期汽车充电站,45,22.5,,,100,,,114.3863565,22.72464348,http://admin.bjev520.com/jsp/beiqi/pcmap/do/pcmap_Detail.jsp?charingId=38234,0,27,27,-1,-1,深圳奇辉,社会开放,南方电网,已建成已测试,地面,顺易充App,,,免费,114.391312,22.721994
367,宝安嘉华花园充电站,广东省深圳市宝安区西乡街道嘉华花园(东区)嘉华花园东区,42,21,,,100,,,113.8840343,22.58594299,http://admin.bjev520.com/jsp/beiqi/pcmap/do/pcmap_Detail.jsp?charingId=41386,2,3,5,-1,-1,山东鲁能,社会开放,南方电网,已建成已测试,地面,顺易充App,,,,113.888915,22.582897
77,深圳悠然居充电站,广东省深圳市南山区南海大道1081-5,41,20.5,,,100,,,113.9158523,22.50344412,http://admin.bjev520.com/jsp/beiqi/pcmap/do/pcmap_Detail.jsp?charingId=11276,0,6,6,-1,M11002B/220/220/7.0,特锐德,公共,特来电,已建成已测试,其他,充电吧APP,电费:00:00~24:00:0.9500,服务费:00:00~24:00:0.7000元/度电,,113.92071,22.500397
276,光明玉律四区十三巷停车场充电站,广东省深圳市光明区玉塘街道公明德兴路,41,20.5,,,100,,,113.8154773,22.72101858,http://admin.bjev520.com/jsp/beiqi/pcmap/do/pcmap_Detail.jsp?charingId=37514,0,8,8,-1,-1,深圳奇辉,社会开放,南方电网,已建成已测试,地面,顺易充App,,,,113.820522,22.718101
409,松岗江边停车场充电站二期,广东省深圳市宝安区松岗创业二路与高速轿辅道交叉口东北150米,41,20.5,,,100,,,113.8069735,22.77446281,http://admin.bjev520.com/jsp/beiqi/pcmap/do/pcmap_Detail.jsp?charingId=44262,22,0,22,DH-DC1200SG38/1000/1000/120.0,-1,星星充电,公共,星星充电,已建成已测试,其他,,,,不收费,113.812044,22.771577
132,新闻大厦充电站,深圳市华强北街道红宝路159号新闻大厦,40,20,,,100,,,114.0976102,22.54400678,http://admin.bjev520.com/jsp/beiqi/pcmap/do/pcmap_Detail.jsp?charingId=12469,0,25,25,-1,7,深圳聚电,社会开放,普天,已建成未测试,其他,普天充电卡,不详,不详,不详,114.10273,22.541325
71,汉京九榕台（汉京半山公馆）,广东省深圳市南山区广东省深圳市南山区月亮湾片区小南山山脚月亮湾山庄旁,38,19,,,100,,,113.8831802,22.491301,http://admin.bjev520.com/jsp/beiqi/pcmap/do/pcmap_Detail.jsp?charingId=10367,0,3,3,-1,-1,充电队长,社会开放,充电队长,已建成已测试,其他,e充电APP,不详,不详,免费,113.888056,22.48825
195,伟林雅苑,深圳市宝安区根玉路与S33南光高速交叉口东200米伟林雅苑,38,19,,,100,,,113.869657,22.7691096,http://admin.bjev520.com/jsp/beiqi/pcmap/do/pcmap_Detail.jsp?charingId=23602,0,12,12,-1,-1,依威能源,社会开放,依威能源,已建成已测试,未知,充电吧APP,不详,不详元/度电,不详,113.874572,22.766117
88,盐田体育中心,深圳市盐田区梅沙街道环梅路70号,36,18,,,100,,,114.2985038,22.60194601,http://admin.bjev520.com/jsp/beiqi/pcmap/do/pcmap_Detail.jsp?charingId=12005,0,5,5,-1,-1,其他,社会开放,普天,已建成未测试,其他,普天充电卡,,不详,不详,114.303352,22.599136
243,前海充电站,深圳市南头街道关口二路嘉进隆汽车城B区15场地,36,18,,,100,,,113.9023987,22.54936647,http://admin.bjev520.com/jsp/beiqi/pcmap/do/pcmap_Detail.jsp?charingId=25396,0,32,32,-1,未配置/666/666/42.0,深圳致联,公共,深圳致联,已建成已测试,其他,,,,不详,113.907261,22.546314
368,南山卫星大厦停车场充电站,广东省深圳市南山区粤海街道高新南九道69号卫星大厦(科园路),36,18,,,100,,,113.9354969,22.52746938,http://admin.bjev520.com/jsp/beiqi/pcmap/do/pcmap_Detail.jsp?charingId=41387,0,12,12,-1,-1,深圳奇辉,社会开放,南方电网,已建成未测试,地下,顺易充App,,,,113.940369,22.524448
255,深圳市公明欧式堡充电站,深圳欧式堡商业中心地面停车场,35,17.5,,,100,,,113.8845845,22.78370387,http://admin.bjev520.com/jsp/beiqi/pcmap/do/pcmap_Detail.jsp?charingId=26206,6,0,6,DH-DC0600SG27-B/500/500/60.0,-1,星星充电,公共,星星充电,已建成已测试,其他,,,,不详,113.889477,22.780704
312,龙岗布吉上李朗统建楼充电站,广东省深圳市龙岗区南湾街道布澜路188号上李朗统建楼小区,35,17.5,,,100,,,114.1121971,22.65720143,http://admin.bjev520.com/jsp/beiqi/pcmap/do/pcmap_Detail.jsp?charingId=38071,2,5,7,-1,-1,南方和顺,社会开放,南方电网,已建成已测试,地面,顺易充App,,,,114.117306,22.654528
54,中国储能大厦,广东省深圳市南山区广东省深圳市南山区深圳南山科技园南区深南大道与科苑路交汇处,34,17,,,100,,,113.9399517,22.54085574,http://admin.bjev520.com/jsp/beiqi/pcmap/do/pcmap_Detail.jsp?charingId=10034,0,25,25,-1,-1,充电队长,社会开放,充电队长,已建成已测试,其他,充电队长APP,计费时段 :00:00-24:00;电费: 1.2,不详,免费,113.94483,22.537843
221,深圳清湖充电站,深圳市清湖新业一路4号,33,16.5,,,100,,,114.0366677,22.67364836,http://admin.bjev520.com/jsp/beiqi/pcmap/do/pcmap_Detail.jsp?charingId=24591,18,13,31,直流双枪120kw/765/765/120.0,交流单枪40kw/456/456/40.0,云杉,公共,云杉智慧,已建成已测试,其他,微信；支付宝；其他,,,,114.041766,22.670917
236,中泰天成充电站,深圳市南山区南海大道与东滨路交汇处地下一层,32,16,,,100,,,113.9188032,22.50788737,http://admin.bjev520.com/jsp/beiqi/pcmap/do/pcmap_Detail.jsp?charingId=24736,0,6,6,-1,-1,,公共,云杉智慧,已建成已测试,其他,微信；支付宝；其他,固定收费：1.2元/度,固定收费：0.8元/度元/度电,,113.923662,22.504843
260,深圳市宝安区裕兴科技工业园,深圳市宝安区西乡街道南昌社区固戍二路第三工业区裕兴科技工业园E栋一楼,32,16,,,100,,,113.8322421,22.59925758,http://admin.bjev520.com/jsp/beiqi/pcmap/do/pcmap_Detail.jsp?charingId=27490,6,2,8,DH-DC0600SG25-B/500/500/60.0,DH-AC0070XG18-D/253/253/7.0,星星充电,公共,星星充电,已建成已测试,其他,,,,不详,113.837234,22.596283
249,万事达名苑,深圳市翠竹街道太宁路185号万事达名苑地面停车场内,30,15,,,100,,,114.1304572,22.57137087,http://admin.bjev520.com/jsp/beiqi/pcmap/do/pcmap_Detail.jsp?charingId=25404,0,5,5,-1,未配置/218/218/7.0,深圳致联,公共,深圳致联,已建成已测试,其他,,00:00~24:00:0.85,00:00~24:00:0.80元/度电,不详,114.135526,22.568664
372,罗湖金光华广场负二楼充电站,广东省深圳市罗湖区南湖街道南湖路凯利宾馆,29,14.5,,,100,,,114.1142629,22.54233489,http://admin.bjev520.com/jsp/beiqi/pcmap/do/pcmap_Detail.jsp?charingId=41399,0,20,20,-1,-1,山东鲁能,社会开放,南方电网,已建成已测试,地下,顺易充App,,,,114.119361,22.539644
400,青禾万众城充电站直流,深圳市万众城家私城,29,14.5,,,100,,,114.0335481,22.63319704,http://admin.bjev520.com/jsp/beiqi/pcmap/do/pcmap_Detail.jsp?charingId=42425,8,0,8,未配置/1666/1666/100.0,-1,深圳致联,公共,深圳致联,已建成已测试,其他,,,,不详,114.038638,22.63045
2,南方电网充电站,广东省深圳市福田区红荔路5016,28,14,,,100,,,114.0639153,22.55228964,http://admin.bjev520.com/jsp/beiqi/pcmap/do/pcmap_Detail.jsp?charingId=927,0,13,13,-1,7kW,其他,社会开放,南方电网,已建成未测试,地面,南方电网充电卡,1.01元/度,免费,首小时5元，之后1元/小时,114.06904,22.54959
49,深圳振业天峦二期充电站,广东省深圳市龙岗区龙岗街宝沙一路一号,28,14,,,100,,,114.2569837,22.68494206,http://admin.bjev520.com/jsp/beiqi/pcmap/do/pcmap_Detail.jsp?charingId=9397,0,18,18,-1,M11001C/220/220/7.0,特锐德,公共,特来电,已建成已测试,其他,充电吧APP,,"0:00~07:00:0.7000,07:00~09:00:0.7000,09:00~11:30:0.7000,11:30~14:00:0.7000,14:00~16:30:0.7000,16:30~19:00:0.7000,19:00~21:00:0.7000,21:00~23:00:0.7000,23:00~24:00:0.7000元/度电",,114.261811,22.682101
273,沙井新桥村综合大楼停车场,广东省深圳市宝安区沙井街道沙井北环路108新桥村综合大楼,28,14,,,100,,,113.8305675,22.74187,http://admin.bjev520.com/jsp/beiqi/pcmap/do/pcmap_Detail.jsp?charingId=37486,40,0,40,-1,-1,南方和顺,社会开放,南方电网,已建成已测试,地面,顺易充App,,,,113.835573,22.73893
303,龙华宝能科技园地下停车场充电站,广东省深圳市龙华区龙华街道宝能科技园宝创大厦,28,14,,,100,,,114.0586314,22.67669377,http://admin.bjev520.com/jsp/beiqi/pcmap/do/pcmap_Detail.jsp?charingId=38000,0,350,350,-1,-1,南方和顺,社会开放,南方电网,已建成已测试,地下,顺易充App,,,,114.06376,22.674006
366,龙岗义乌星星充电站,深圳市龙岗区龙信工业园,28,14,,,100,,,114.2870374,22.7284196,http://admin.bjev520.com/jsp/beiqi/pcmap/do/pcmap_Detail.jsp?charingId=41381,20,0,20,DH-DC1200SG30-1/1000/1000/120.0,-1,星星充电,公共,星星充电,已建成已测试,其他,,,,限时：2；超出标准：场地方标准,114.291881,22.725619
102,体育场站,深圳市福田区上步北路与笋岗路交界处，体育场东门入口处。,26,13,,,100,,,114.0886046,22.56206234,http://admin.bjev520.com/jsp/beiqi/pcmap/do/pcmap_Detail.jsp?charingId=12024,8,0,8,-1,-1,其他,社会开放,普天,已建成未测试,其他,普天充电卡,,不详,不详,114.093732,22.559382
140,九方购物中心充电站点,广东省深圳市龙城街道招商依山郡14栋,26,13,,,100,,,114.213602,22.7316064,http://admin.bjev520.com/jsp/beiqi/pcmap/do/pcmap_Detail.jsp?charingId=12636,3,2,5,21,7,充电网,社会开放,南洋新能源,已建成已测试,地下,充电网APP,1.40元/度,0.45元/度元/度电,,114.218476,22.728793
36,红荔路莲花山充电站,广东省深圳市福田区红荔路6032号,25,12.5,,,100,,,114.0453086,22.55056411,http://admin.bjev520.com/jsp/beiqi/pcmap/do/pcmap_Detail.jsp?charingId=8240,10,0,10,-1,-1,,社会开放,普天,已建成未测试,地面,普天充电卡,执行峰谷平电价,0.22元/度电,免费,114.050413,22.547833
201,深圳创丰宝充电站,广东省深圳市龙岗区龙城街道盛平社区长兴北路6号,25,12.5,,,100,,,114.2390156,22.73545168,http://admin.bjev520.com/jsp/beiqi/pcmap/do/pcmap_Detail.jsp?charingId=24219,10,0,10,未配置/750/750/240.0,-1,特锐德,公共,特来电,已建成已测试,其他,充电吧APP,电费:00:00~24:00:1.3600,服务费:00:00~24:00:0.7000元/度电,,114.243855,22.732622
308,深圳市国际创新中心,广东省深圳市福田区华富街道振华西路137深圳国际创新中心,25,12.5,,,100,,,114.0661854,22.54454436,http://admin.bjev520.com/jsp/beiqi/pcmap/do/pcmap_Detail.jsp?charingId=38052,0,165,165,-1,-1,车电网,社会开放,车电网,已建成已测试,地下,充电吧APP,统一电价1.23,0.55元/度电,,114.071311,22.541847
143,罗湖水贝珠宝充电站,广东省深圳市贝丽北路2号水贝珠宝停车场,24,12,,,100,,,114.1224747,22.57055484,http://admin.bjev520.com/jsp/beiqi/pcmap/do/pcmap_Detail.jsp?charingId=12809,1,0,1,10kW,-1,宝威再生能源,社会开放,腾势,已建成已测试,其他,PIN码,免费,免费,,114.12756,22.567858
191,深圳银星智界一期充电站,广东省深圳市龙华区龙华新区布朗路银星智界,24,12,,,100,,,114.0393546,22.72611179,http://admin.bjev520.com/jsp/beiqi/pcmap/do/pcmap_Detail.jsp?charingId=21566,15,0,15,3907060140040078/500/500/150.0,-1,特锐德,公共,特来电,已建成已测试,其他,充电吧APP,,"0:00~07:00:0.7000,07:00~09:00:0.7000,09:00~11:30:0.7000,11:30~14:00:0.7000,14:00~16:30:0.7000,16:30~19:00:0.7000,19:00~21:00:0.7000,21:00~23:00:0.7000,23:00~24:00:0.7000元/度电",,114.044461,22.7234
227,深圳山海阳光园充电站,深圳市盐田区园林路与盘山公路交汇处北侧山海阳光园停车场,24,12,,,100,,,114.2173616,22.55982331,http://admin.bjev520.com/jsp/beiqi/pcmap/do/pcmap_Detail.jsp?charingId=24652,0,8,8,-1,-1,,公共,云杉智慧,已建成已测试,其他,微信；支付宝；其他,固定收费：0.717元/度,固定收费：0.8元/度元/度电,按物业标准收费,114.222218,22.556973
329,龙岗六约深坑村工业区充电站,广东省深圳市龙岗区横岗街道深龙路富华居,24,12,,,100,,,114.1700437,22.64184414,http://admin.bjev520.com/jsp/beiqi/pcmap/do/pcmap_Detail.jsp?charingId=38135,0,3,3,-1,-1,南方和顺,社会开放,南方电网,已建成已测试,地面,顺易充App,,,,114.175016,22.639079
355,宝安区机场大酒店充电站,深圳市机场大酒店,24,12,,,100,,,113.8193442,22.65071964,http://admin.bjev520.com/jsp/beiqi/pcmap/do/pcmap_Detail.jsp?charingId=39391,12,0,12,PRS-7576T-750/120-2/750/750/120.0,-1,,公共,云快充,已建成已测试,其他,支付宝、微信,,,无,113.824374,22.647778
28,深圳国际市长中心充电站,广东省深圳市南山区石洲中路55,23,11.5,,,100,,,113.9615191,22.54171119,http://admin.bjev520.com/jsp/beiqi/pcmap/do/pcmap_Detail.jsp?charingId=7485,0,5,5,-1,未配置/220/220/7.0,特锐德,公共,特来电,已建成已测试,其他,充电吧APP,电费:00:00~24:00:1.2000,服务费:00:00~24:00:0.7000元/度电,,113.966434,22.538747
32,大鹏供电局充电站,广东省深圳市葵兴西路大鹏供电局院内,23,11.5,,,100,,,114.4096869,22.63203277,http://admin.bjev520.com/jsp/beiqi/pcmap/do/pcmap_Detail.jsp?charingId=8226,0,8,8,-1,-1,深圳奥特迅,社会开放,南方电网,已建成未测试,地面,南方电网充电卡,,元/度电,免费,114.414625,22.629361
219,光明甲子塘二期充电站,深圳市光明高新区甲子塘片区综合服务中心停车场,23,11.5,,,100,,,113.9004331,22.73261487,http://admin.bjev520.com/jsp/beiqi/pcmap/do/pcmap_Detail.jsp?charingId=24566,0,9,9,-1,交流单枪7kw/235/235/7.0,云杉,公共,云杉智慧,已建成已测试,其他,微信；支付宝；其他,,固定收费：0.8元/度元/度电,,113.905308,22.729596
376,罗湖京基100车库负四层充电站,广东省深圳市罗湖区桂园街道京基·粤菜王府(KKMALL店)京基100大厦,23,11.5,,,100,,,114.1015341,22.54575378,http://admin.bjev520.com/jsp/beiqi/pcmap/do/pcmap_Detail.jsp?charingId=41403,0,29,29,-1,-1,山东鲁能,社会开放,南方电网,已建成已测试,地下,顺易充App,,,,114.10665,22.543071
423,深圳国际会展中心二期充电站,广东省深圳市宝安区特来电国际会展中心充电站,23,11.5,,,100,,,113.7652607,22.71441857,http://admin.bjev520.com/jsp/beiqi/pcmap/do/pcmap_Detail.jsp?charingId=80246,65,0,65,未配置/750/750/150.0,-1,特锐德,公共,特来电,已建成已测试,其他,其他,,"0:00~07:00:0.6689,07:00~09:00:0.4749,09:00~11:30:0.2224,11:30~14:00:0.4749,14:00~16:30:0.2224,16:30~19:00:0.4749,19:00~21:00:0.2224,21:00~23:00:0.4749,23:00~24:00:0.6689元/度电","限时免费停车,充电车辆免3小时停车费。",113.770414,22.711571
110,深圳体育馆充电站,深圳市福田区笋岗西路,22,11,,,100,,,114.0884655,22.56236234,http://admin.bjev520.com/jsp/beiqi/pcmap/do/pcmap_Detail.jsp?charingId=12035,0,4,4,-1,-1,其他,社会开放,普天,已建成未测试,其他,普天充电卡,,不详,不详,114.093593,22.559682
159,深圳高新奇科技园充电站,广东省深圳市宝安区广东省深圳市宝安区隆昌路,22,11,,,100,,,113.9222153,22.57865923,http://admin.bjev520.com/jsp/beiqi/pcmap/do/pcmap_Detail.jsp?charingId=17263,0,11,11,-1,M11002B/220/220/7.0,特锐德,公共,特来电,已建成已测试,其他,充电吧APP,,"0:00~07:00:0.7000,07:00~09:00:0.7000,09:00~11:30:0.7000,11:30~14:00:0.7000,14:00~16:30:0.7000,16:30~19:00:0.7000,19:00~21:00:0.7000,21:00~23:00:0.7000,23:00~24:00:0.7000元/度电",,113.92708,22.575623
160,深圳非凡空间阁充电站,广东省深圳市龙岗区龙岗中心城龙城中路99号,22,11,,,100,,,114.2464541,22.73316997,http://admin.bjev520.com/jsp/beiqi/pcmap/do/pcmap_Detail.jsp?charingId=17264,0,14,14,-1,M11021B/220/220/7.0,特锐德,公共,特来电,已建成已测试,其他,充电吧APP,电费:00:00~24:00:0.9020,服务费:00:00~24:00:0.7000元/度电,,114.251288,22.730339
204,云顶嘉园充电站,深圳市宝安区新安四路313号云顶嘉园地面停车场,22,11,,,100,,,113.8842661,22.57871995,http://admin.bjev520.com/jsp/beiqi/pcmap/do/pcmap_Detail.jsp?charingId=24451,0,18,18,-1,-1,,公共,云杉智慧,已建成已测试,其他,微信；支付宝；其他,固定收费：1.0064元/度,固定收费：0.8元/度元/度电,首小时5元，每小时加1元，最高10元/天,113.889146,22.575673
298,紫竹三路路边停车位,广东省深圳市福田区香蜜湖街道竹子林三路越海家园,22,11,,,100,,,114.0018145,22.53800911,http://admin.bjev520.com/jsp/beiqi/pcmap/do/pcmap_Detail.jsp?charingId=37788,4,0,4,-1,-1,南方和顺,社会开放,南方电网,已建成已测试,地面,顺易充App,峰 1.1 平 0.9,免费,免费,114.006826,22.535162
349,龙华观澜客盛星星充电站,深圳市龙华区雪岗北路438号客盛创新园462-472号铺面门口,22,11,,,100,,,114.0467191,22.67949015,http://admin.bjev520.com/jsp/beiqi/pcmap/do/pcmap_Detail.jsp?charingId=38829,20,0,20,DH-DC0600SG25-B/500/500/60.0,-1,星星充电,公共,星星充电,在建中,其他,,,,不详,114.051834,22.676782
403,青禾嘉泰欣充电站,深圳市龙岗区宝龙街道浪背路嘉泰欣工业园,21,10.5,,,100,,,114.3189317,22.73526264,http://admin.bjev520.com/jsp/beiqi/pcmap/do/pcmap_Detail.jsp?charingId=42428,10,0,10,未配置/1666/1666/100.0,-1,深圳致联,公共,深圳致联,已建成已测试,其他,,,,不详,114.323817,22.732519
14,光明群体中心,广东省深圳市光明新区体育中心站台旁,20,10,,,,10,,113.9007804,22.77899742,http://admin.bjev520.com/jsp/beiqi/pcmap/do/pcmap_Detail.jsp?charingId=4539,23,0,23,-1,-1,其他,社会开放,普天,已建成未测试,地面,普天充电卡,,元/度电,免费,113.905658,22.775993
155,深圳凤凰大厦充电站,广东省深圳市福田区深南大道2008-6凤凰大厦地下停车场,20,10,,,,10,,114.0597121,22.54399407,http://admin.bjev520.com/jsp/beiqi/pcmap/do/pcmap_Detail.jsp?charingId=17209,0,16,16,-1,M11001C/220/220/7.0,特锐德,公共,特来电,已建成已测试,其他,充电吧APP,电费:00:00~24:00:1.1800,服务费:00:00~24:00:0.7000元/度电,,114.064833,22.541288
167,深圳南山书城充电站,广东省深圳市南山区南海大道2899号,20,10,,,,10,,113.9248564,22.52233525,http://admin.bjev520.com/jsp/beiqi/pcmap/do/pcmap_Detail.jsp?charingId=18201,0,10,10,-1,M11002B/220/220/7.0,特锐德,公共,特来电,已建成已测试,其他,充电吧APP,,"0:00~07:00:0.7000,07:00~09:00:0.7000,09:00~11:30:0.7000,11:30~14:00:0.7000,14:00~16:30:0.7000,16:30~19:00:0.7000,19:00~21:00:0.7000,21:00~23:00:0.7000,23:00~24:00:0.7000元/度电",,113.929719,22.519298
180,深圳正诚丰充电站,广东省深圳市宝安区新沙路358号正诚丰科技园,20,10,,,,10,,113.8149963,22.7326404,http://admin.bjev520.com/jsp/beiqi/pcmap/do/pcmap_Detail.jsp?charingId=19006,0,10,10,-1,M11002B/220/220/7.0,特锐德,公共,特来电,已建成已测试,其他,充电吧APP,,"0:00~07:00:0.7000,07:00~09:00:0.7000,09:00~11:30:0.7000,11:30~14:00:0.7000,14:00~16:30:0.7000,16:30~19:00:0.7000,19:00~21:00:0.7000,21:00~23:00:0.7000,23:00~24:00:0.7000元/度电","不免费,全天（24小时）收费10元，30分钟内免费",113.820043,22.729727
258,深圳中天美景沙井店,深圳宝安区沙井街道中心路7-1,20,10,,,,10,,113.8210273,22.71843573,http://admin.bjev520.com/jsp/beiqi/pcmap/do/pcmap_Detail.jsp?charingId=26708,5,5,10,DH-DC0600SG27-C/750/750/60.0,DH-AC0070XG18-D/253/253/7.0,星星充电,公共,星星充电,已建成已测试,其他,,,,,113.826057,22.715507
12,坪山新区管委会充电点,广东省深圳市坪山新区深汕路333号管委会大楼停车场,19,9.5,,,,10,,114.3463261,22.70878926,http://admin.bjev520.com/jsp/beiqi/pcmap/do/pcmap_Detail.jsp?charingId=3893,2,12,14,直流45KW,交流32A,深圳巴斯巴,社会开放,深圳巴斯巴,已建成未测试,地面,巴斯巴充电卡,不详,0.45元/度电,免费,114.35125,22.706089
99,维景酒店,深圳市罗湖区东门中路2088号,19,9.5,,,,10,,114.1179365,22.55174565,http://admin.bjev520.com/jsp/beiqi/pcmap/do/pcmap_Detail.jsp?charingId=12020,0,3,3,-1,-1,其他,社会开放,普天,已建成未测试,其他,普天充电卡,,不详,不详,114.123029,22.549052
270,盐田区人民医院（盐田院区）,深圳市盐田北四街5号住院部负一楼,19,9.5,,,,10,,114.2486701,22.59257063,http://admin.bjev520.com/jsp/beiqi/pcmap/do/pcmap_Detail.jsp?charingId=36651,0,10,10,-1,未配置/2147483647/2147483647/7.0,深圳致联,公共,深圳致联,已建成已测试,其他,,,,不详,114.253494,22.58971
275,长圳村委会停车场充电站,广东省深圳市光明区玉塘街道长圳路19号,19,9.5,,,,10,,113.9133469,22.72094647,http://admin.bjev520.com/jsp/beiqi/pcmap/do/pcmap_Detail.jsp?charingId=37513,6,65,71,-1,-1,南方和顺,社会开放,南方电网,已建成已测试,地面,顺易充App,,,,113.918218,22.71793
346,深圳宝安西乡西湾智园工业区,深圳市宝安区西乡街道航空路西湾智园工业区宿舍楼内侧停车场,19,9.5,,,,10,,113.8291454,22.60669675,http://admin.bjev520.com/jsp/beiqi/pcmap/do/pcmap_Detail.jsp?charingId=38680,4,7,11,DH-DC0300HG27/750/750/30.0,DH-AC0070XG18-C/253/253/7.0,星星充电,公共,星星充电,在建中,其他,,,,不详,113.834146,22.603729
34,濠江社区公园充电站,广东省深圳市宝安区宝民一路28-1号,18,9,,,,10,,113.8995894,22.56266389,http://admin.bjev520.com/jsp/beiqi/pcmap/do/pcmap_Detail.jsp?charingId=8232,20,0,20,-1,-1,,社会开放,普天,已建成未测试,地面,普天充电卡,1.2元/度,0.45元/度电,5元/天,113.904454,22.559612
157,深圳东方华都大厦充电站,广东省深圳市罗湖区文锦中路52号，东方都会负一楼停车场,18,9,,,,10,,114.1240168,22.55400113,http://admin.bjev520.com/jsp/beiqi/pcmap/do/pcmap_Detail.jsp?charingId=17260,0,8,8,-1,未配置/220/220/7.0,特锐德,公共,特来电,已建成已测试,其他,充电吧APP,电费:00:00~24:00:1.2000,服务费:00:00~24:00:0.7000元/度电,"不免费,以场站方公告为准（车位紧张，需月卡才能进入。）",114.129098,22.551301
196,南塘商业广场,深圳市罗湖区南庆街4号南塘商业广场,18,9,,,,10,,114.11329,22.54728974,http://admin.bjev520.com/jsp/beiqi/pcmap/do/pcmap_Detail.jsp?charingId=23605,0,6,6,-1,-1,依威能源,社会开放,依威能源,已建成已测试,未知,充电吧APP,不详,不详元/度电,不详,114.11839,22.5446
300,福田福兴华园充电站,广东省深圳市福田区梅林街道福兴花园福兴花园(龙尾路),18,9,,,,10,,114.0398299,22.57143503,http://admin.bjev520.com/jsp/beiqi/pcmap/do/pcmap_Detail.jsp?charingId=37986,0,1,1,-1,-1,中天昱品,社会开放,南方电网,已建成已测试,地面,顺易充App,,,,114.044927,22.568694
316,龙华迎侨花苑,广东省深圳市龙华区福城街道迎侨花园,18,9,,,,10,,114.0415837,22.71410716,http://admin.bjev520.com/jsp/beiqi/pcmap/do/pcmap_Detail.jsp?charingId=38090,0,6,6,-1,-1,中天昱品,社会开放,南方电网,已建成已测试,地面,顺易充App,,,不详,114.046693,22.711397
389,南山高发科技园充电站,广东省深圳市南山区桃源街道高发三路高发科技园,18,9,,,,10,,113.9715791,22.55830177,http://admin.bjev520.com/jsp/beiqi/pcmap/do/pcmap_Detail.jsp?charingId=41428,0,1,1,-1,-1,中天昱品,社会开放,南方电网,已建成已测试,地面,顺易充App,,,,113.976517,22.555366
216,凤凰雁盟充电站,深圳宝安区福永街道凤凰第四工业区岭下路7号,17,8.5,,,,10,,113.8373213,22.69717274,http://admin.bjev520.com/jsp/beiqi/pcmap/do/pcmap_Detail.jsp?charingId=24559,21,14,35,-1,-1,,公共,云杉智慧,已建成已测试,其他,微信；支付宝；其他,,,,113.842306,22.694208
269,宝安黄田鸿丰华充电站,深圳市宝安区黄田村内工业区29号鸿丰华互联网产业园,17,8.5,,,,10,,113.8429301,22.62995508,http://admin.bjev520.com/jsp/beiqi/pcmap/do/pcmap_Detail.jsp?charingId=36565,2,0,2,DH-DC1200SG30-B/1000/1000/120.0,-1,星星充电,公共,星星充电,已建成已测试,其他,,,,不详,113.847896,22.626966
397,特来电国际会展中心充电站,广东省深圳市宝安区南环路德冠廷体育足球公园,17,8.5,,,,10,,113.7899068,22.71969516,http://admin.bjev520.com/jsp/beiqi/pcmap/do/pcmap_Detail.jsp?charingId=42239,72,0,72,未配置/750/750/150.0,-1,特锐德,公共,特来电,已建成已测试,其他,其他,,"0:00~07:00:0.6689,07:00~09:00:0.4749,09:00~11:30:0.2224,11:30~14:00:0.4749,14:00~16:30:0.2224,16:30~19:00:0.4749,19:00~21:00:0.2224,21:00~23:00:0.4749,23:00~24:00:0.6689元/度电","限时免费停车,充电车辆免3小时停车费。",113.795015,22.716821
74,深圳南园枫叶大厦充电站,广东省深圳市南山区南山大道1040号,16,8,,,,10,,113.9165112,22.5195522,http://admin.bjev520.com/jsp/beiqi/pcmap/do/pcmap_Detail.jsp?charingId=11019,19,0,19,未配置/500/500/60.0,-1,特锐德,公共,特来电,已建成已测试,其他,充电吧APP,,"0:00~07:00:0.7000,07:00~09:00:0.7000,09:00~11:30:0.7000,11:30~14:00:0.7000,14:00~16:30:0.7000,16:30~19:00:0.7000,19:00~21:00:0.7000,21:00~23:00:0.7000,23:00~24:00:0.7000元/度电",,113.92137,22.516506
79,国际科技大厦,深圳市福田区福虹路11号,16,8,,,,10,,114.0783312,22.5425452,http://admin.bjev520.com/jsp/beiqi/pcmap/do/pcmap_Detail.jsp?charingId=11996,0,3,3,-1,-1,其他,社会开放,普天,已建成未测试,其他,普天充电卡,,不详,不详,114.08346,22.539859
197,中海信科技园,深圳市龙岗区甘李6路12号中海信科技园,16,8,,,,10,,114.1079601,22.65365117,http://admin.bjev520.com/jsp/beiqi/pcmap/do/pcmap_Detail.jsp?charingId=23612,0,12,12,-1,-1,依威能源,社会开放,依威能源,已建成已测试,未知,充电吧APP,不详,不详元/度电,不详,114.113075,22.65098
294,坪山生物医药创新产业园一期充电站,广东省深圳市坪山区坑梓街道金联路14号坪山生物医药企业加速器,16,8,,,,10,,114.4010286,22.74307088,http://admin.bjev520.com/jsp/beiqi/pcmap/do/pcmap_Detail.jsp?charingId=37781,0,77,77,-1,-1,南方和顺,社会开放,南方电网,已建成已测试,地面,顺易充App,,,免费,114.405981,22.740429
334,梅山苑一期综合楼停车场,广东省深圳市福田区梅林街道梅山苑梅山苑1期,16,8,,,,10,,114.0283537,22.56669828,http://admin.bjev520.com/jsp/beiqi/pcmap/do/pcmap_Detail.jsp?charingId=38161,0,2,2,-1,-1,南方和顺,社会开放,南方电网,已建成已测试,地面,顺易充App,平:0.7241 谷:0.2801 峰:1.0766,,第一小时5元，第二小时起每小时1元，每天最高10元,114.033429,22.563929
335,盐田万科东海岸蓝色会所充电站,广东省深圳市盐田区梅沙街道环碧路240号万科东海岸,16,8,,,,10,,114.2941749,22.60269599,http://admin.bjev520.com/jsp/beiqi/pcmap/do/pcmap_Detail.jsp?charingId=38163,0,22,22,-1,-1,中天昱品,社会开放,南方电网,已建成已测试,地下,顺易充App,,,,114.299018,22.599879
370,宝安沙井长流陂绿道充电站,广东省深圳市宝安区沙井街道新玉路,15,7.5,,,,10,,113.856812,22.73068497,http://admin.bjev520.com/jsp/beiqi/pcmap/do/pcmap_Detail.jsp?charingId=41390,0,5,5,-1,-1,南方和顺,社会开放,南方电网,已建成已测试,地面,顺易充App,,,免费,113.861751,22.727697
25,水田农产品批发市场充电点,广东省深圳市宝安区石龙仔道11号,14,7,,,,10,,113.9590288,22.68810382,http://admin.bjev520.com/jsp/beiqi/pcmap/do/pcmap_Detail.jsp?charingId=6585,2,2,4,-1,-1,深圳科陆,社会开放,其他,已建成已测试,地面,其他,1.0元/度,0.5元/度元/度电,免费,113.963948,22.685156
386,南山荔香公园充电站,广东省深圳市南山区南头街道深南大道荔香公园,14,7,,,,10,,113.9245505,22.5395408,http://admin.bjev520.com/jsp/beiqi/pcmap/do/pcmap_Detail.jsp?charingId=41422,0,24,24,-1,-1,南方和顺,社会开放,南方电网,已建成已测试,地面,顺易充App,,,免费,113.929414,22.536504
5,华侨城沃尔玛充电点,广东省深圳市南山区兴隆西街11,13,6.5,,,,10,,113.9777089,22.5387226,http://admin.bjev520.com/jsp/beiqi/pcmap/do/pcmap_Detail.jsp?charingId=2197,0,6,6,-1,-1,深圳聚电,社会开放,聚电,已建成已测试,地下,聚电桩APP,按标准收取,按标准收取 元/度电,按标准收取,113.98266,22.535803
202,深圳宝源行充电站,广东省深圳市福田区竹子林对面福强路北福安大厦,13,6.5,,,,10,,114.0107286,22.53550364,http://admin.bjev520.com/jsp/beiqi/pcmap/do/pcmap_Detail.jsp?charingId=24222,0,6,6,-1,未配置/220/220/7.0,特锐德,公共,特来电,已建成已测试,其他,充电吧APP,电费:00:00~24:00:1.2100,服务费:00:00~24:00:0.7000元/度电,,114.015762,22.532683
48,深圳银星工业园充电站,广东省深圳市龙华区龙华新区观光路1301号银星高科技工业园,12,6,,,,10,,114.0474979,22.72694133,http://admin.bjev520.com/jsp/beiqi/pcmap/do/pcmap_Detail.jsp?charingId=9030,0,32,32,-1,M11002B/220/220/7.0,特锐德,公共,特来电,已建成已测试,其他,充电吧APP,电费:00:00~24:00:1.0000,服务费:00:00~24:00:0.7000元/度电,"不免费,30分钟内免费，全天收费10元",114.052617,22.724247
91,海松大厦,深圳市福田区车公庙泰然九路,12,6,,,,10,,114.0187957,22.53359355,http://admin.bjev520.com/jsp/beiqi/pcmap/do/pcmap_Detail.jsp?charingId=12008,0,18,18,-1,EVG2-32DNW5//220/7,依威能源,社会开放,依威能源,已建成已测试,地下,易充卡,2,不详,工第一小时15元，第一小时后10元/小时.每天最高60元,114.023848,22.530796
267,光明甲子塘充电站,深圳市光明高新区甲子塘片区综合服务中心停车场,12,6,,,,10,,113.9004331,22.73261487,http://admin.bjev520.com/jsp/beiqi/pcmap/do/pcmap_Detail.jsp?charingId=36022,12,5,17,双枪直流80KW/750/750/80.0,交流单枪42kw/235/235/42.0,云杉,公共,云杉智慧,已建成已测试,其他,微信；支付宝；其他,,,,113.905308,22.729596
279,光明区楼村农贸市场停车场充电站,广东省深圳市光明区楼村农贸市场停车场,12,6,,,,10,,113.9192478,22.57620265,http://admin.bjev520.com/jsp/beiqi/pcmap/do/pcmap_Detail.jsp?charingId=37519,0,29,29,-1,-1,南方和顺,社会开放,南方电网,已建成已测试,地面,顺易充App,,,,113.924111,22.573163
290,西乡华电智能碧海湾充电站,广东省深圳市宝安区西乡街道碧海湾高尔夫俱乐部,12,6,,,,10,,113.8470582,22.58688249,http://admin.bjev520.com/jsp/beiqi/pcmap/do/pcmap_Detail.jsp?charingId=37751,80,80,160,-1,-1,南方电力集团,社会开放,南方电网,已建成已测试,地面,顺易充App,,,不详,113.852011,22.58388
53,深圳南方众悦名车店,广东省深圳市南山区广东省深圳市南山区南头街道宝安大道以北双界河以东嘉进隆前海汽车城E01A-4,11,5.5,,,,10,,113.9038221,22.55208989,http://admin.bjev520.com/jsp/beiqi/pcmap/do/pcmap_Detail.jsp?charingId=10033,2,4,6,50kW,-1,,社会开放,充电网,已建成已测试,其他,充电网APP,计费时段 :00:00-24:00;电费: 1.33,计费时段 :00:00-24:00;服务费: 0.45,免费,113.908684,22.549038
70,深圳香林华府充电站,广东省深圳市龙岗区坪地街道坪西龙岭南路1号香林华府小区,11,5.5,,,,10,,114.2736011,22.76531703,http://admin.bjev520.com/jsp/beiqi/pcmap/do/pcmap_Detail.jsp?charingId=10355,0,29,29,-1,M11001C/220/220/7.0,特锐德,公共,特来电,已建成已测试,其他,充电吧APP,电费:00:00~24:00:0.9000,服务费:00:00~24:00:0.7000元/度电,,114.278437,22.762511
158,深圳万豪御景苑充电站,广东省深圳市南山区兴海大道2018,11,5.5,,,,10,,113.8875206,22.49049213,http://admin.bjev520.com/jsp/beiqi/pcmap/do/pcmap_Detail.jsp?charingId=17261,0,12,12,-1,未配置/220/220/7.0,特锐德,公共,特来电,已建成已测试,其他,充电吧APP,电费:00:00~24:00:1.0000,服务费:00:00~24:00:0.7000元/度电,,113.892391,22.487439
200,深圳深房传麒山充电站,广东省深圳市光明区二十七号路,11,5.5,,,,10,,113.9369403,22.74670944,http://admin.bjev520.com/jsp/beiqi/pcmap/do/pcmap_Detail.jsp?charingId=24194,0,4,4,-1,未配置/220/220/7.0,特锐德,公共,特来电,已建成已测试,其他,充电吧APP,,"0:00~07:00:0.7000,07:00~09:00:0.7000,09:00~11:30:0.7000,11:30~14:00:0.7000,14:00~16:30:0.7000,16:30~19:00:0.7000,19:00~21:00:0.7000,21:00~23:00:0.7000,23:00~24:00:0.7000元/度电","不免费,以场站方公告为准！",113.941828,22.74373
314,龙华格兰云天国际酒店充电站,广东省深圳市龙华区福城街道环观南路深圳观澜格兰云天国际酒店,11,5.5,,,,10,,114.0380189,22.69530905,http://admin.bjev520.com/jsp/beiqi/pcmap/do/pcmap_Detail.jsp?charingId=38088,30,0,30,-1,-1,南方和顺,社会开放,南方电网,已建成已测试,地面,顺易充App,,,,114.043121,22.692586
375,罗湖西湖宾馆充电站,广东省深圳市罗湖区桂园街道桂圆北街西湖大厦,11,5.5,,,,10,,114.1044298,22.55618222,http://admin.bjev520.com/jsp/beiqi/pcmap/do/pcmap_Detail.jsp?charingId=41402,54,0,54,-1,-1,深圳奇辉,社会开放,南方电网,已建成已测试,地面,顺易充App,,,,114.109543,22.553499
57,欢乐海岸,广东省深圳市南山区广东省深圳市南山区白石东路8号欢乐海岸,10,5,,,,10,,113.9829768,22.52632269,http://admin.bjev520.com/jsp/beiqi/pcmap/do/pcmap_Detail.jsp?charingId=10038,0,20,20,-1,7,充电网,社会开放,充电网,已建成已测试,其他,充电网APP,计费时段 :00:00-24:00;电费: 1.6,计费时段 :00:00-24:00;服务费: 0.4,,113.98794,22.523418
108,沙井综合楼,广东省深圳市宝安区新沙路,10,5,,,,10,,113.825642,22.7310649,http://admin.bjev520.com/jsp/beiqi/pcmap/do/pcmap_Detail.jsp?charingId=12033,0,3,3,-1,-1,其他,社会开放,普天,已建成未测试,其他,普天充电卡,,不详,不详,113.83066,22.728131
170,深圳老兵大厦充电站,广东省深圳市宝安区兴业路3012号,10,5,,,,10,,113.8449926,22.5773621,http://admin.bjev520.com/jsp/beiqi/pcmap/do/pcmap_Detail.jsp?charingId=18410,0,8,8,-1,M11002B/220/220/7.0,特锐德,公共,特来电,已建成已测试,其他,充电吧APP,电费:00:00~24:00:1.2000,服务费:00:00~24:00:0.7000元/度电,,113.84995,22.574362
192,深圳海科兴产业园二期充电站,广东省深圳市龙岗区广东省深圳市坪山区宝山路16号海科兴产业园,10,5,,,,10,,114.3217801,22.69256274,http://admin.bjev520.com/jsp/beiqi/pcmap/do/pcmap_Detail.jsp?charingId=21606,0,24,24,-1,3907060140040035/220/220/7.0,特锐德,公共,特来电,已建成已测试,其他,充电吧APP,,"0:00~07:00:0.7000,07:00~09:00:0.7000,09:00~11:30:0.7000,11:30~14:00:0.7000,14:00~16:30:0.7000,16:30~19:00:0.7000,19:00~21:00:0.7000,21:00~23:00:0.7000,23:00~24:00:0.7000元/度电","不免费,以场站方公告为准",114.326667,22.689813
246,华能大厦负三层充电站,深圳市华强北街道深南中路2066-2068号华能大厦地下停车场负三层（16个3.5千瓦慢充）,10,5,,,,10,,114.0846231,22.54402887,http://admin.bjev520.com/jsp/beiqi/pcmap/do/pcmap_Detail.jsp?charingId=25401,0,16,16,-1,未配置/218/218/7.0,深圳致联,公共,深圳致联,已建成已测试,其他,,00:00~24:00:1.30,00:00~24:00:0.70元/度电,不详,114.089751,22.541346
84,有色大厦,深圳市福田区深南大道6013号中国有色大厦负二层停车场,9,4.5,,,,10,,114.0217557,22.53811008,http://admin.bjev520.com/jsp/beiqi/pcmap/do/pcmap_Detail.jsp?charingId=12001,0,12,12,-1,GA-8032//220/7,普天新能源,社会开放,普天,已建成未测试,地下,普天充电卡,,不详,第一小时15元之后每小时10元，最高60元,114.026815,22.535321
232,中泰艺术名庭二期充电站,深圳市南山区东滨路与向南路交汇沿东滨西行300米处南山一品地面停车场,9,4.5,,,,10,,113.9151779,22.51151555,http://admin.bjev520.com/jsp/beiqi/pcmap/do/pcmap_Detail.jsp?charingId=24717,1,5,6,-1,-1,,公共,云杉智慧,已建成已测试,其他,微信；支付宝；其他,固定收费：1.2元/度,固定收费：0.8元/度元/度电,首小时5元，1小时起每小时1元，当天最高15元,113.920036,22.508468
277,公明天虹停车场充电站,广东省深圳市光明区公明街道振明路天虹商场(公明店),9,4.5,,,,10,,113.8881666,22.78487109,http://admin.bjev520.com/jsp/beiqi/pcmap/do/pcmap_Detail.jsp?charingId=37516,1,18,19,-1,-1,深圳奇辉,社会开放,南方电网,已建成已测试,地面,顺易充App,,,不详,113.893055,22.78187
330,福田环庆文化广场充电站,广东省深圳市福田区环庆文化广场地下停车场负一楼,9,4.5,,,,10,,114.0739989,22.53751878,http://admin.bjev520.com/jsp/beiqi/pcmap/do/pcmap_Detail.jsp?charingId=38157,0,76,76,-1,-1,南方和顺,社会开放,南方电网,已建成已测试,地下,顺易充App,,,不详,114.079127,22.534829
361,光明迳口村委三号光翠北路停车场充电站,广东省深圳市光明区光明街道迳口路,9,4.5,,,,10,,114.0351357,22.6403229,http://admin.bjev520.com/jsp/beiqi/pcmap/do/pcmap_Detail.jsp?charingId=40226,0,23,23,-1,-1,南方和顺,社会开放,南方电网,已建成已测试,地面,顺易充App,,,免费,114.040229,22.637581
374,罗湖文锦广场充电站,广东省深圳市罗湖区翠竹街道文锦北路2073号文锦广场,9,4.5,,,,10,,114.1203243,22.56090737,http://admin.bjev520.com/jsp/beiqi/pcmap/do/pcmap_Detail.jsp?charingId=41401,6,6,12,-1,-1,南方和顺,社会开放,南方电网,已建成已测试,地面,顺易充App,,,,114.125413,22.558212
65,曙光大厦,广东省深圳市南山区广东省深圳市南山区科技南十二路曙光大厦地下停车场,8,4,,,,10,,113.9523617,22.54074471,http://admin.bjev520.com/jsp/beiqi/pcmap/do/pcmap_Detail.jsp?charingId=10242,0,5,5,-1,-1,充电队长,社会开放,充电队长,已建成已测试,其他,充电队长APP,计费时段 :00:00-24:00;电费: 1.25,不详,,113.957259,22.537758
188,深圳来福士广场充电站,广东省深圳市南山区福士广场南海大道与登良路交汇处,8,4,,,,10,,113.920902,22.51503806,http://admin.bjev520.com/jsp/beiqi/pcmap/do/pcmap_Detail.jsp?charingId=19492,0,27,27,-1,未配置/220/220/7.0,特锐德,公共,特来电,已建成已测试,其他,充电吧APP,,"0:00~07:00:0.7000,07:00~09:00:0.7000,09:00~11:30:0.7000,11:30~14:00:0.7000,14:00~16:30:0.7000,16:30~19:00:0.7000,19:00~21:00:0.7000,21:00~23:00:0.7000,23:00~24:00:0.7000元/度电",,113.925762,22.511996
222,爱华小区充电站,深圳市福田区华发南路68号爱华住宅小区14栋北侧,8,4,,,,10,,114.0850694,22.54196184,http://admin.bjev520.com/jsp/beiqi/pcmap/do/pcmap_Detail.jsp?charingId=24596,0,6,6,-1,-1,,公共,云杉智慧,已建成已测试,其他,微信；支付宝；其他,固定收费：1.0元/度,固定收费：0.8元/度元/度电,第一小时5元，第二小时起1元/小时，每天最高15元,114.090197,22.539279
341,坪山澜湾园停车场充电站,广东省深圳市坪山区坪山街道金牛东路,8,4,,,,10,,114.3920778,22.7122889,http://admin.bjev520.com/jsp/beiqi/pcmap/do/pcmap_Detail.jsp?charingId=38235,0,45,45,-1,-1,南方和顺,社会开放,南方电网,已建成已测试,地面,顺易充App,,,,114.397032,22.709638
342,新阁小区,广东省深圳市福田区梅林街道新阁小区,8,4,,,,10,,114.0689893,22.570506,http://admin.bjev520.com/jsp/beiqi/pcmap/do/pcmap_Detail.jsp?charingId=38290,0,2,2,-1,-1,普天新能源,社会开放,聚电,已建成已测试,地面,刷卡,,0.55元/度电,,114.074118,22.567814
398,深圳银星智界一期交流充电站,广东省深圳市龙华区观澜街道新澜社区观光路1301-76号银星智界,8,4,,,,10,,114.0393546,22.72611179,http://admin.bjev520.com/jsp/beiqi/pcmap/do/pcmap_Detail.jsp?charingId=42375,0,12,12,-1,未配置/220/220/7.0,特锐德,公共,特来电,已建成已测试,其他,其他,,"0:00~07:00:0.7000,07:00~09:00:0.7000,09:00~11:30:0.7000,11:30~14:00:0.7000,14:00~16:30:0.7000,16:30~19:00:0.7000,19:00~21:00:0.7000,21:00~23:00:0.7000,23:00~24:00:0.7000元/度电",,114.044461,22.7234
415,深圳福海充电站,广东省深圳市宝安区福海街道塘尾社区南玻大道2号,8,4,,,,10,,113.8104597,22.71055214,http://admin.bjev520.com/jsp/beiqi/pcmap/do/pcmap_Detail.jsp?charingId=53681,78,0,78,未配置/750/750/150.0,-1,特锐德,公共,特来电,未知,其他,其他,,"0:00~07:00:0.6355,07:00~09:00:0.4512,09:00~11:30:0.2113,11:30~14:00:0.4512,14:00~16:30:0.2113,16:30~19:00:0.4512,19:00~21:00:0.2113,21:00~23:00:0.4512,23:00~24:00:0.6355元/度电",免费,113.815517,22.707641
100,盐田区盐港医院,深圳市盐田区东海大道363号,7,3.5,,,,10,,114.2490923,22.59286453,http://admin.bjev520.com/jsp/beiqi/pcmap/do/pcmap_Detail.jsp?charingId=12021,0,3,3,-1,-1,其他,社会开放,普天,已建成未测试,其他,普天充电卡,,不详,不详,114.253916,22.590004
119,深圳李朗珠宝产业园充电站,广东省深圳市龙岗区甘李二路,7,3.5,,,,10,,114.1173624,22.64572529,http://admin.bjev520.com/jsp/beiqi/pcmap/do/pcmap_Detail.jsp?charingId=12204,0,34,34,-1,M11001C/220/220/7.0,特锐德,公共,特来电,已建成已测试,其他,充电吧APP,电费:00:00~24:00:1.3000,服务费:00:00~24:00:0.7000元/度电,,114.122462,22.643045
179,深圳万科九龙山充电站,广东省深圳市龙华区广东省深圳市龙华区龙澜大道万科九龙山,7,3.5,,,,10,,114.015722,22.71491714,http://admin.bjev520.com/jsp/beiqi/pcmap/do/pcmap_Detail.jsp?charingId=19001,0,17,17,-1,M11002B/220/220/7.0,特锐德,公共,特来电,已建成已测试,其他,充电吧APP,电费:00:00~24:00:0.8655,服务费:00:00~24:00:0.7000元/度电,"不免费,按月卡用户收费",114.020779,22.712141
198,深圳怀德峰景北园充电站,广东省深圳市宝安区翠岗西路与怀德南路交叉口附近,7,3.5,,,,10,,113.815559,22.66721409,http://admin.bjev520.com/jsp/beiqi/pcmap/do/pcmap_Detail.jsp?charingId=23645,0,18,18,-1,未配置/220/220/7.0,特锐德,公共,特来电,已建成已测试,其他,充电吧APP,电费:00:00~24:00:0.9000,服务费:00:00~24:00:0.7000元/度电,"不免费,以场地方公告为准！",113.8206,22.664283
230,爱华大厦充电站,深圳市福田区深南中路2038号爱华大厦停车场固定车棚内,7,3.5,,,,10,,114.0858335,22.54370747,http://admin.bjev520.com/jsp/beiqi/pcmap/do/pcmap_Detail.jsp?charingId=24691,0,10,10,-1,-1,,公共,云杉智慧,已建成已测试,其他,微信；支付宝；其他,固定收费：1.068元/度,固定收费：0.8元/度元/度电,第一小时15元，第二小时起每小时加收5元，每天最高60元,114.090961,22.541025
424,深圳仙田充电站,广东省深圳市龙岗区坪地街道坪西社区龙岭南路,7,3.5,,,,10,,114.2748814,22.76510875,http://admin.bjev520.com/jsp/beiqi/pcmap/do/pcmap_Detail.jsp?charingId=80249,66,0,66,未配置/750/750/120.0,-1,特锐德,公共,特来电,已建成已测试,其他,其他,,"0:00~07:00:0.6589,07:00~09:00:0.6249,09:00~11:30:0.3201,11:30~14:00:0.6249,14:00~16:30:0.3201,16:30~19:00:0.6249,19:00~21:00:0.3201,21:00~23:00:0.6249,23:00~24:00:0.6589元/度电",免费,114.279718,22.762304
86,桃花源科技馆,深圳市宝安区松岗街道与沙井街道交汇点,6,3,,,,10,,113.8252745,22.73829211,http://admin.bjev520.com/jsp/beiqi/pcmap/do/pcmap_Detail.jsp?charingId=12003,0,3,3,-1,-1,其他,社会开放,普天,已建成未测试,其他,普天充电卡,,不详,不详,113.830294,22.735361
98,中心城,深圳市福田区福华一路3号深圳中心城,6,3,,,,10,,114.0540361,22.53786651,http://admin.bjev520.com/jsp/beiqi/pcmap/do/pcmap_Detail.jsp?charingId=12019,0,3,3,-1,-1,其他,社会开放,普天,已建成未测试,其他,普天充电卡,,不详,不详,114.059151,22.535151
109,泰然科技园,深圳市泰然四路与泰然九路交界处露天停车场,6,3,,,,10,,114.0227805,22.53735532,http://admin.bjev520.com/jsp/beiqi/pcmap/do/pcmap_Detail.jsp?charingId=12034,0,3,3,-1,-1,其他,社会开放,普天,已建成未测试,其他,普天充电卡,,不详,不详,114.027842,22.534569
111,汉京大厦,深圳市南山南海大道与登良路交汇处西南角,6,3,,,,10,,113.9192187,22.51467781,http://admin.bjev520.com/jsp/beiqi/pcmap/do/pcmap_Detail.jsp?charingId=12036,0,6,6,-1,-1,其他,社会开放,普天,已建成未测试,其他,普天充电卡,,不详,不详,113.924078,22.511634
147,深圳南方腾悦站,广东省深圳市西乡大道华万工业园,6,3,,,,10,,113.8492472,22.59120056,http://admin.bjev520.com/jsp/beiqi/pcmap/do/pcmap_Detail.jsp?charingId=12823,4,0,4,60kW,-1,其他,社会开放,永达南方,已建成已测试,其他,微信,1.1元/度,0.45元/度元/度电,免费,113.854195,22.588195
182,坪山中心公园充电点,广东省深圳市龙岗区丹梓西路辅路,6,3,,,,10,,114.0746211,22.54755861,http://admin.bjev520.com/jsp/beiqi/pcmap/do/pcmap_Detail.jsp?charingId=19069,8,12,20,-1,-1,深圳巴斯巴,社会开放,深圳巴斯巴,已建成已测试,地面,巴斯巴充电卡,按照标准收取,按照标准收取元/度电,免费,114.07975,22.54487
234,幸福万象充电站,深圳市罗湖区万象城边和平路与船步路交汇处地下一层,6,3,,,,10,,114.105875,22.53542638,http://admin.bjev520.com/jsp/beiqi/pcmap/do/pcmap_Detail.jsp?charingId=24725,0,16,16,-1,交流单枪7kw/235/235/7.0,云杉,公共,云杉智慧,已建成已测试,其他,微信；支付宝；其他,固定收费：1.1元/度,固定收费：0.8元/度元/度电,第一小时15元/小时，第二小时起5元/小时,114.110985,22.532741
278,光明马田办事处（一办）停车场充电站,广东省深圳市光明区马田街道科裕一路深圳光明居家服饰创意谷,6,3,,,,10,,114.0351357,22.6403229,http://admin.bjev520.com/jsp/beiqi/pcmap/do/pcmap_Detail.jsp?charingId=37518,4,19,23,-1,-1,深圳奇辉,社会开放,南方电网,已建成已测试,地面,顺易充App,,,,114.040229,22.637581
283,大鹏水头沙社区停车场充电站,广东省深圳市龙岗区南澳街道水沙路68号,6,3,,,,10,,114.4764499,22.5520605,http://admin.bjev520.com/jsp/beiqi/pcmap/do/pcmap_Detail.jsp?charingId=37676,6,14,20,-1,-1,深圳奇辉,社会开放,南方电网,已建成已测试,地面,顺易充App,,,免费,114.481222,22.549253
305,龙华东运强,广东省深圳市龙华区龙华街道安达诚驾校训练场,6,3,,,,10,,114.0548212,22.67617,http://admin.bjev520.com/jsp/beiqi/pcmap/do/pcmap_Detail.jsp?charingId=38011,24,0,24,-1,-1,南方和顺,社会开放,南方电网,已建成已测试,地面,顺易充App,,,免费,114.059946,22.673476
388,南山高新区生物孵化器充电站,广东省深圳市南山区粤海街道高新中一道,6,3,,,,10,,113.9353704,22.55271307,http://admin.bjev520.com/jsp/beiqi/pcmap/do/pcmap_Detail.jsp?charingId=41425,2,10,12,-1,-1,深圳奇辉,社会开放,南方电网,已建成已测试,地面,顺易充App,,,,113.940244,22.549693
390,南山西丽人民医院地下停车场充电站,广东省深圳市南山区西丽街道西丽人民医院,6,3,,,,10,,113.9446076,22.58285389,http://admin.bjev520.com/jsp/beiqi/pcmap/do/pcmap_Detail.jsp?charingId=41435,0,43,43,-1,-1,山东鲁能,社会开放,南方电网,已建成已测试,地下,顺易充App,,,,113.949495,22.579854
411,特瓦特油富商城超级充电站,深圳市龙华区奋进路油富商城停车场,6,3,,,,10,,114.0425304,22.64890643,http://admin.bjev520.com/jsp/beiqi/pcmap/do/pcmap_Detail.jsp?charingId=53206,20,0,20,未配置/0/0/400.0,-1,,公共,特瓦特,已建成已测试,其他,,,"0:00:00~07:00:00,0.228;07:00:00~09:00:00,0.156;09:00:00~11:30:00,0.096;11:30:00~14:00:00,0.156;14:00:00~16:30:00,0.096;16:30:00~19:00:00,0.156;19:00:00~21:00:00,0.096;21:00:00~23:00:00,0.156;23:00:00~23:59:59,0.228;元/度电",充电减免120分钟,114.047637,22.646183
40,深圳市体育中心停车场,广东省深圳市福田区笋岗西路2006东门,5,2.5,,,,10,,114.0841119,22.56034482,http://admin.bjev520.com/jsp/beiqi/pcmap/do/pcmap_Detail.jsp?charingId=8249,6,4,10,-1,-1,,社会开放,普天,已建成未测试,地面,普天充电卡,按峰谷平电价标准,0.45元/度电,5元/小时,114.089241,22.557663
46,深圳玉律南海百货充电站,广东省深圳市光明区光明新区公明街道玉律社区南海百货商场停车场,5,2.5,,,,10,,113.8961561,22.73648099,http://admin.bjev520.com/jsp/beiqi/pcmap/do/pcmap_Detail.jsp?charingId=8751,4,9,13,M11005C/500/500/60.0,M11002B/220/220/7.0,特锐德,公共,特来电,已建成已测试,其他,充电吧APP,,"0:00~07:00:0.7000,07:00~09:00:0.7000,09:00~11:30:0.7000,11:30~14:00:0.7000,14:00~16:30:0.7000,16:30~19:00:0.7000,19:00~21:00:0.7000,21:00~23:00:0.7000,23:00~24:00:0.7000元/度电",,113.901034,22.733463
66,百度大厦,广东省深圳市南山区广东省深圳市南山区科技园学府路东百度国际大厦停车场,5,2.5,,,,10,,113.9378801,22.52757923,http://admin.bjev520.com/jsp/beiqi/pcmap/do/pcmap_Detail.jsp?charingId=10243,0,4,4,-1,-1,充电队长,社会开放,充电队长,已建成已测试,其他,充电队长APP,不详,不详,免费,113.942755,22.524562
83,国贸商业大厦,深圳市罗湖区人民南路,5,2.5,,,,10,,114.1151623,22.54413957,http://admin.bjev520.com/jsp/beiqi/pcmap/do/pcmap_Detail.jsp?charingId=12000,0,5,5,-1,-1,其他,社会开放,普天,已建成未测试,其他,普天充电卡,,不详,不详,114.120259,22.541448
135,深圳东关岸上林居充电站,广东省深圳市龙岗区广东省深圳市龙岗区,5,2.5,,,,10,,114.2428342,22.74188137,http://admin.bjev520.com/jsp/beiqi/pcmap/do/pcmap_Detail.jsp?charingId=12542,0,37,37,-1,M11021B/220/220/7.0,特锐德,公共,特来电,已建成已测试,其他,充电吧APP,电费:00:00~24:00:0.7500,服务费:00:00~24:00:0.7000元/度电,,114.247671,22.739053
152,深圳鸿隆世纪广场充电站,广东省深圳市罗湖区深南东路4002号,5,2.5,,,,10,,114.1094072,22.54563292,http://admin.bjev520.com/jsp/beiqi/pcmap/do/pcmap_Detail.jsp?charingId=13761,0,38,38,-1,未配置/220/220/7.0,特锐德,公共,特来电,已建成已测试,其他,充电吧APP,电费:00:00~24:00:0.8755,服务费:00:00~24:00:0.7000元/度电,"不免费,第一小时15元，第二小时5元/小时，每天最高60元",114.114513,22.542946
172,深圳金山大厦充电站,广东省深圳市罗湖区深南东路5033-南门,5,2.5,,,,10,,114.1041573,22.54366601,http://admin.bjev520.com/jsp/beiqi/pcmap/do/pcmap_Detail.jsp?charingId=18451,0,8,8,-1,未配置/220/220/7.0,特锐德,公共,特来电,已建成已测试,其他,充电吧APP,,"0:00~07:00:0.7000,07:00~09:00:0.7000,09:00~11:30:0.7000,11:30~14:00:0.7000,14:00~16:30:0.7000,16:30~19:00:0.7000,19:00~21:00:0.7000,21:00~23:00:0.7000,23:00~24:00:0.7000元/度电",,114.10927,22.540982
186,深圳讯美科技广场充电站,广东省深圳市南山区科华路3号,5,2.5,,,,10,,113.9420215,22.54854827,http://admin.bjev520.com/jsp/beiqi/pcmap/do/pcmap_Detail.jsp?charingId=19278,0,41,41,-1,M11001C/220/220/7.0,特锐德,公共,特来电,已建成已测试,其他,充电吧APP,电费:00:00~24:00:1.2000,服务费:00:00~24:00:0.7000元/度电,,113.946903,22.54554
302,龙华滢水山庄充电站,广东省深圳市龙华区民治街道滢水山庄滢水山庄1区,5,2.5,,,,10,,114.0462037,22.60524328,http://admin.bjev520.com/jsp/beiqi/pcmap/do/pcmap_Detail.jsp?charingId=37997,0,3,3,-1,-1,中天昱品,社会开放,南方电网,已建成已测试,地面,顺易充App,,,,114.051313,22.60252
317,龙华桂花新村停车场充电站,广东省深圳市龙华区观澜街道沿河路桂花新村,5,2.5,,,,10,,114.0545619,22.73047838,http://admin.bjev520.com/jsp/beiqi/pcmap/do/pcmap_Detail.jsp?charingId=38091,13,0,13,-1,-1,南方和顺,社会开放,南方电网,已建成已测试,地面,顺易充App,,,,114.05969,22.727798
323,龙岗平湖宝能智创谷地下停车场充电站,广东省深圳市龙岗区平湖街道银力体育学院(深圳校区),5,2.5,,,,10,,114.2904373,22.72448973,http://admin.bjev520.com/jsp/beiqi/pcmap/do/pcmap_Detail.jsp?charingId=38119,0,30,30,-1,-1,南方和顺,社会开放,南方电网,已建成已测试,地下,顺易充App,,,,114.295284,22.721693
381,福田彩田村充电站,广东省深圳市福田区莲花街道彩田村地下负一楼停车场,5,2.5,,,,10,,114.0571871,22.5634814,http://admin.bjev520.com/jsp/beiqi/pcmap/do/pcmap_Detail.jsp?charingId=41408,0,107,107,-1,-1,深圳奇辉,社会开放,南方电网,已建成已测试,地下,顺易充App,,,,114.062307,22.560773
418,高时充电站（坂田站）,广东省深圳市龙岗区坂田街道小桔养车(坂田店)高时石材集团(环城路),5,2.5,,,,10,,114.0747231,22.62451527,http://admin.bjev520.com/jsp/beiqi/pcmap/do/pcmap_Detail.jsp?charingId=79484,58,3,61,SEV750\/60Y/750/750/60.0,BD-A-40\/380-1-CT/380/380/40.0,星星充电,公共,星星充电,已建成已测试,其他,,,,充电免3小时停车费，出场时请按出口道闸按钮接通管理处放行,114.079857,22.621836
31,深圳天安数码时代充电站,广东省深圳市福田区泰然四路5号天安数码时代地面停车场,4,2,,,,10,,114.0274385,22.53790287,http://admin.bjev520.com/jsp/beiqi/pcmap/do/pcmap_Detail.jsp?charingId=8132,0,14,14,-1,M11002B/220/220/7.0,特锐德,公共,特来电,已建成已测试,其他,充电吧APP,,"0:00~07:00:0.7000,07:00~09:00:0.7000,09:00~11:30:0.7000,11:30~14:00:0.7000,14:00~16:30:0.7000,16:30~19:00:0.7000,19:00~21:00:0.7000,21:00~23:00:0.7000,23:00~24:00:0.7000元/度电",,114.03251,22.535129
35,笔架山公园南门充电站,广东省深圳市福田区笋岗西路,4,2,,,,10,,114.0705765,22.55830048,http://admin.bjev520.com/jsp/beiqi/pcmap/do/pcmap_Detail.jsp?charingId=8239,0,4,4,-1,UE-EVWH-ST//220/7,深圳聚电,社会开放,普天,已建成已测试,地面,普天充电卡,1.2元/度,0.45元/度电,,114.075705,22.555609
39,通心岭停车场充电站,广东省深圳市福田区华强北街道同德路20号,4,2,,,,10,,114.0935374,22.55054587,http://admin.bjev520.com/jsp/beiqi/pcmap/do/pcmap_Detail.jsp?charingId=8248,15,0,15,-1,-1,,社会开放,普天,已建成未测试,地面,普天充电卡,按峰谷平电价标准,0.45元/度电,5元/小时+1元/小时,114.098661,22.547865
51,华万工业园,广东省深圳市宝安区广东省深圳市宝安区西乡街道宝安大道固戍华万工业园D栋沃悦汽车服务有限公司,4,2,,,,10,,113.849153,22.59115741,http://admin.bjev520.com/jsp/beiqi/pcmap/do/pcmap_Detail.jsp?charingId=10031,0,1,1,-1,-1,,社会开放,充电网,已建成已测试,其他,充电网APP,计费时段 :00:00-24:00;电费: 1.2,计费时段 :00:00-24:00;服务费: 0.45,免费,113.854101,22.588152
62,深圳天安国际大厦充电站,广东省深圳市罗湖区人民南路3004号,4,2,,,,10,,114.1144882,22.54343202,http://admin.bjev520.com/jsp/beiqi/pcmap/do/pcmap_Detail.jsp?charingId=10066,0,11,11,-1,M11002B/220/220/7.0,特锐德,公共,特来电,已建成已测试,其他,充电吧APP,电费:00:00~24:00:1.1600,服务费:00:00~24:00:0.7000元/度电,,114.119586,22.540741
181,中信龙盛中心充电点,广东省深圳市龙岗区同富路,4,2,,,,10,,114.2902672,22.7290287,http://admin.bjev520.com/jsp/beiqi/pcmap/do/pcmap_Detail.jsp?charingId=19068,24,16,40,-1,-1,深圳科陆,社会开放,聚电,已建成已测试,地面,聚电桩APP,按照标准收取,按照标准收取元/度电,免费,114.295114,22.726233
184,深圳公园一号广场充电站,广东省深圳市南山区南山街道创业路3023号凯德·公园1号,4,2,,,,10,,113.9207328,22.51821415,http://admin.bjev520.com/jsp/beiqi/pcmap/do/pcmap_Detail.jsp?charingId=19188,0,35,35,-1,M11002B/220/220/7.0,特锐德,公共,特来电,已建成已测试,其他,充电吧APP,,"0:00~07:00:0.7000,07:00~09:00:0.7000,09:00~11:30:0.7000,11:30~14:00:0.7000,14:00~16:30:0.7000,16:30~19:00:0.7000,19:00~21:00:0.7000,21:00~23:00:0.7000,23:00~24:00:0.7000元/度电",,113.925593,22.515172
203,深圳丹梓龙庭充电站,深圳市坪山新区丹梓大道3033号丹梓龙庭小区内地下一层停车场,4,2,,,,10,,114.3899294,22.74452729,http://admin.bjev520.com/jsp/beiqi/pcmap/do/pcmap_Detail.jsp?charingId=24448,0,23,23,-1,-1,,公共,云杉智慧,已建成已测试,其他,微信；支付宝；其他,固定收费：0.67元/度,固定收费：0.8元/度元/度电,,114.394886,22.741885
250,利安商务大厦充电站,深圳市蛇口街道望海路1051号,4,2,,,,10,,113.9240232,22.48627373,http://admin.bjev520.com/jsp/beiqi/pcmap/do/pcmap_Detail.jsp?charingId=25405,0,2,2,-1,未配置/218/218/7.0,深圳致联,公共,深圳致联,已建成已测试,其他,,00:00~24:00:1.00,00:00~24:00:0.80元/度电,不详,113.928883,22.483235
253,深圳龙华区龙观路充电站,广东省深圳市龙华区龙观东路249号（鑫富实业旁）,4,2,,,,10,,114.0228496,22.67128304,http://admin.bjev520.com/jsp/beiqi/pcmap/do/pcmap_Detail.jsp?charingId=25535,40,0,40,DH-DC0600SG27-B/500/500/60.0,-1,星星充电,公共,星星充电,已建成已测试,其他,,,,不详,114.02792,22.668516
256,深圳市汇聚新桥107创智园充电站,深圳市宝安区沙井镇上寮工业路18号汇聚新桥107创智园地面停车场（停车场出入口处右边）,4,2,,,,10,,113.8381266,22.72441294,http://admin.bjev520.com/jsp/beiqi/pcmap/do/pcmap_Detail.jsp?charingId=26282,6,0,6,DH-DC0600SG27-B/500/500/60.0,-1,星星充电,公共,星星充电,已建成已测试,其他,,,,充电车辆前2个小时免停车费，超出部分按场地方收费标准收取。,113.843111,22.721454
292,宝安西湾红树林公园1号地下车库充电站,广东省深圳市宝安区西乡街道金湾大道西湾滨海公园,4,2,,,,10,,113.8320181,22.59050131,http://admin.bjev520.com/jsp/beiqi/pcmap/do/pcmap_Detail.jsp?charingId=37761,0,39,39,-1,-1,南方和顺,社会开放,南方电网,已建成已测试,地下,顺易充App,,,免费,113.83701,22.587526
301,民乐P+R充电站,广东省深圳市龙华区民治街道充电有道的士接驳汽车充电站,4,2,,,,10,,114.0295177,22.6228509,http://admin.bjev520.com/jsp/beiqi/pcmap/do/pcmap_Detail.jsp?charingId=37990,87,267,354,-1,-1,南方和顺,社会开放,南方电网,已建成已测试,地面,顺易充App,,,,114.034599,22.620092
348,深圳宝安创新花园充电站,广东省深圳市宝安区沙井街道创新花园,4,2,,,,10,,113.8256716,22.72307522,http://admin.bjev520.com/jsp/beiqi/pcmap/do/pcmap_Detail.jsp?charingId=38696,5,5,10,DH-DC0600SG27-C/750/750/60.0,DH-AC0070XG18-D/253/253/7.0,星星充电,公共,星星充电,已建成已测试,其他,,,,不详,113.830689,22.720139
3,南方电网充电桩（金光华广场）,广东省深圳市罗湖区人民南路2028号金光华广场B2,3,1.5,,,,10,,114.1142629,22.54233489,http://admin.bjev520.com/jsp/beiqi/pcmap/do/pcmap_Detail.jsp?charingId=929,0,20,20,-1,7kW,其他,社会开放,南方电网,已建成未测试,地下,南方电网充电卡,1.01元/度,免费,10元/小时,114.119361,22.539644
4,奥特迅,广东省深圳市南山区松坪山路5,3,1.5,,,,10,,113.946729,22.55782497,http://admin.bjev520.com/jsp/beiqi/pcmap/do/pcmap_Detail.jsp?charingId=1242,3,0,3,-1,-1,其他,社会开放,深圳奥特迅,已建成已测试,地面,奥特迅充电卡,峰谷电价,0.45元/小时,不详,113.951618,22.554827
20,黄木岗网球中心充电站,广东省深圳市福田区笋岗西路笋岗西路3072号黄木岗网球中心停车场内,3,1.5,,,,10,,114.0824734,22.56187239,http://admin.bjev520.com/jsp/beiqi/pcmap/do/pcmap_Detail.jsp?charingId=5820,15,0,15,45KW直流桩,-1,其他,社会开放,普天,已建成未测试,地面,普天充电卡,,元/度电,,114.087603,22.55919
22,深圳盐田北山工业区充电站,广东省深圳市盐田区北山道146号停车场,3,1.5,,,,10,,114.2631224,22.59433847,http://admin.bjev520.com/jsp/beiqi/pcmap/do/pcmap_Detail.jsp?charingId=6175,15,0,15,DC/45KW,-1,深圳巴斯巴,社会开放,深圳巴斯巴,已建成未测试,地面,巴斯巴充电卡,,元/度电,免费,114.267944,22.591484
41,新闻大厦充电站,广东省深圳市福田区深南中路1002,3,1.5,,,,10,,114.0977283,22.5441748,http://admin.bjev520.com/jsp/beiqi/pcmap/do/pcmap_Detail.jsp?charingId=8251,0,25,25,-1,-1,,社会开放,普天,已建成未测试,地面,普天充电卡,按峰谷平电价标准,免费,5元/小时,114.102848,22.541493
44,深圳天安天展大厦充电站,广东省深圳市福田区沙头街道天展大厦,3,1.5,,,,10,,114.026841,22.53378966,http://admin.bjev520.com/jsp/beiqi/pcmap/do/pcmap_Detail.jsp?charingId=8345,2,13,15,-1,M11002B/220/220/7.0,特锐德,公共,特来电,已建成已测试,其他,充电吧APP,,"0:00~07:00:0.7000,07:00~09:00:0.7000,09:00~11:30:0.7000,11:30~14:00:0.7000,14:00~16:30:0.7000,16:30~19:00:0.7000,19:00~21:00:0.7000,21:00~23:00:0.7000,23:00~24:00:0.7000元/度电",,114.031911,22.531014
59,怡景中心城,广东省深圳市福田区广东省深圳市福田区福华一路3号中心城广场,3,1.5,,,,10,,114.0547282,22.53912427,http://admin.bjev520.com/jsp/beiqi/pcmap/do/pcmap_Detail.jsp?charingId=10040,0,76,76,-1,-1,充电队长,社会开放,充电队长,已建成已测试,其他,充电队长APP,计费时段 :00:00-24:00;电费: 1.2,不详,,114.059844,22.53641
90,青少年活动中心,深圳市福田区红荔路1001号,3,1.5,,,,10,,114.0975627,22.55147124,http://admin.bjev520.com/jsp/beiqi/pcmap/do/pcmap_Detail.jsp?charingId=12007,0,4,4,-1,-1,其他,社会开放,普天,已建成未测试,其他,普天充电卡,,不详,不详,114.102683,22.54879
122,甲岸停车场,深圳市海雅缤纷城公交站台旁,3,1.5,,,,10,,113.8987749,22.56272696,http://admin.bjev520.com/jsp/beiqi/pcmap/do/pcmap_Detail.jsp?charingId=12447,32,0,32,60,-1,普天新能源,社会开放,普天,已建成已测试,其他,普天充电卡,,0.45元/度,不详,113.90364,22.559675
124,粤海街道中国科技开发院,深圳市粤海街道思湘坊中国科技开发院中科研发园,3,1.5,,,,10,,113.9486709,22.54154297,http://admin.bjev520.com/jsp/beiqi/pcmap/do/pcmap_Detail.jsp?charingId=12456,0,30,30,-1,7,深圳聚电,社会开放,普天,已建成未测试,其他,普天充电卡,充电费：宝马桩0.8元/度、普天桩1.1元/度；,0.45元/度,10元首小时，第二小时3元,113.953562,22.538548
145,南山智园充电站,广东省深圳市桃源街道南山智园负一层A5区,3,1.5,,,,10,,113.999731,22.59703672,http://admin.bjev520.com/jsp/beiqi/pcmap/do/pcmap_Detail.jsp?charingId=12811,0,15,15,-1,7kW,深圳驿普乐氏,社会开放,易充,已建成已测试,地下,充电驿站（公众号）,1.22元/度,0.45元/度元/度电,免费,114.004741,22.594189
148,深圳京基晶都酒店充电站,广东省深圳市罗湖区深南东路金融中心大厦南座京基晶都酒店停车位（充电需达15元以上，免停车费3小时）,3,1.5,,,,10,,114.1008346,22.54237075,http://admin.bjev520.com/jsp/beiqi/pcmap/do/pcmap_Detail.jsp?charingId=13245,6,0,6,未配置/500/500/120.0,-1,特锐德,公共,特来电,已建成已测试,其他,充电吧APP,,"0:00~07:00:0.7000,07:00~09:00:0.7000,09:00~11:30:0.7000,11:30~14:00:0.7000,14:00~16:30:0.7000,16:30~19:00:0.7000,19:00~21:00:0.7000,21:00~23:00:0.7000,23:00~24:00:0.7000元/度电",,114.105951,22.539688
206,深圳大学充电站,南山区南海大道3688号深圳大学南校区男生宿舍楼后,3,1.5,,,,10,,113.9291395,22.53513494,http://admin.bjev520.com/jsp/beiqi/pcmap/do/pcmap_Detail.jsp?charingId=24476,6,2,8,-1,-1,,公共,云杉智慧,已建成已测试,其他,微信；支付宝；其他,固定收费：0.739元/度,固定收费：0.8元/度元/度电,,113.934006,22.532104
217,中泰艺术名庭充电站,深圳市南山区东滨路4076号中泰艺术名庭停车场,3,1.5,,,,10,,113.91443,22.51145814,http://admin.bjev520.com/jsp/beiqi/pcmap/do/pcmap_Detail.jsp?charingId=24561,0,6,6,-1,-1,,公共,云杉智慧,已建成已测试,其他,微信；支付宝；其他,固定收费：1.2元/度,固定收费：0.8元/度元/度电,第一小时5元/小时，第二小时起1元/小时；最高15元/天,113.919288,22.50841
220,宝丽酒店充电站,深圳市龙岗区横岗街道龙岗大道3162号宝丽酒店,3,1.5,,,,10,,114.1910736,22.64353877,http://admin.bjev520.com/jsp/beiqi/pcmap/do/pcmap_Detail.jsp?charingId=24577,7,3,10,直流双枪120kw/765/765/120.0,交流单枪7kw/235/235/7.0,云杉,公共,云杉智慧,已建成已测试,其他,微信；支付宝；其他,,,,114.195991,22.640736
280,将石大围停车场充电站,广东省深圳市光明区公明街道荣国厢公明大围幼儿园,3,1.5,,,,10,,113.9063794,22.76524925,http://admin.bjev520.com/jsp/beiqi/pcmap/do/pcmap_Detail.jsp?charingId=37520,0,30,30,-1,-1,深圳奇辉,社会开放,南方电网,已建成已测试,地面,顺易充App,,,免费,113.911254,22.762242
288,罗湖区京基100车库负四充电站,广东省深圳市罗湖区桂园街道深南东路5104深圳瑞吉酒店,3,1.5,,,,10,,114.1015341,22.54575378,http://admin.bjev520.com/jsp/beiqi/pcmap/do/pcmap_Detail.jsp?charingId=37726,0,29,29,-1,-1,山东鲁能,社会开放,南方电网,未知,地下,刷卡+APP+微信+支付宝,峰：1.0766 平：0.7241 谷：0.2801,,15分至60分钟5元/小时,114.10665,22.543071
289,大鹏新大集散中心电动汽车充电站二期充电站,广东省深圳市龙岗区南澳街道新大路,3,1.5,,,,10,,114.5122081,22.54113325,http://admin.bjev520.com/jsp/beiqi/pcmap/do/pcmap_Detail.jsp?charingId=37732,245,30,275,-1,-1,深圳奇辉,社会开放,南方电网,已建成已测试,地面,,,,免费,114.516854,22.538219
378,南山海晖大厦金山阁地下停车场充电站,广东省深圳市南山区粤海街道忆江南(海晖大厦东南)海晖大厦,3,1.5,,,,10,,113.9207683,22.5109913,http://admin.bjev520.com/jsp/beiqi/pcmap/do/pcmap_Detail.jsp?charingId=41405,0,1,1,-1,-1,中天昱品,社会开放,南方电网,已建成已测试,地下,顺易充App,,,,113.925628,22.507949
383,深圳少年儿童图书馆,广东省深圳市福田区华强北街道红荔路深圳少年儿童图书馆,3,1.5,,,,10,,114.0942329,22.55117685,http://admin.bjev520.com/jsp/beiqi/pcmap/do/pcmap_Detail.jsp?charingId=41419,0,4,4,-1,-1,广天川,社会开放,普天,已建成已测试,地下,刷卡,1元/度,0.55元元/度电,,114.099356,22.548496
404,青禾福民充电站交流,深圳市观澜福民,3,1.5,,,,10,,114.0362399,22.71286264,http://admin.bjev520.com/jsp/beiqi/pcmap/do/pcmap_Detail.jsp?charingId=42429,0,126,126,-1,未配置/1666/1666/100.0,深圳致联,公共,深圳致联,已建成已测试,其他,,,,不详,114.04134,22.71014
412,深圳添利鑫创业园汽车充电站,深圳市龙岗区龙西社区添利鑫创业园1栋旁,3,1.5,,,,10,,114.3086846,22.67412276,http://admin.bjev520.com/jsp/beiqi/pcmap/do/pcmap_Detail.jsp?charingId=53214,7,0,7,DH-DC1200SG38/1000/1000/120.0,-1,星星充电,公共,星星充电,已建成已测试,其他,,,,充电车辆凭借充电订单扫码免3小时停车,114.313551,22.671344
8,宝安体育中心充电点,广东省深圳市宝安区新湖路2112号,2,1,,,,10,,113.8773421,22.56510368,http://admin.bjev520.com/jsp/beiqi/pcmap/do/pcmap_Detail.jsp?charingId=2359,16,0,16,-1,-1,普天新能源,社会开放,普天,已建成未测试,地面,普天充电卡,按照标准收取,按照标准收取元/度电,按照标准收取,113.882231,22.56206
29,深圳湾体育中心充电站,广东省深圳市南山区深圳湾体育中心,2,1,,,,10,,113.9448202,22.52148513,http://admin.bjev520.com/jsp/beiqi/pcmap/do/pcmap_Detail.jsp?charingId=7742,0,44,44,-1,M11001C/220/220/7.0,特锐德,公共,特来电,已建成已测试,其他,充电吧APP,,"0:00~07:00:0.7000,07:00~09:00:0.7000,09:00~11:30:0.7000,11:30~14:00:0.7000,14:00~16:30:0.7000,16:30~19:00:0.7000,19:00~21:00:0.7000,21:00~23:00:0.7000,23:00~24:00:0.7000元/度电",,113.949704,22.518481
45,深圳新沙荟名庭一期充电站,广东省深圳市宝安区沙井镇新沙路(沙井镇国税局旁),2,1,,,,10,,113.8112453,22.73408004,http://admin.bjev520.com/jsp/beiqi/pcmap/do/pcmap_Detail.jsp?charingId=8347,0,10,10,-1,M11002B/220/220/7.0,特锐德,公共,特来电,已建成已测试,其他,充电吧APP,电费:00:00~24:00:0.7170,服务费:00:00~24:00:0.7000元/度电,,113.816302,22.731174
64,兴业小区,广东省深圳市宝安区广东省深圳市宝安区宝城25区深圳市兴业有限公司兴业停车场,2,1,,,,10,,113.895491,22.57249404,http://admin.bjev520.com/jsp/beiqi/pcmap/do/pcmap_Detail.jsp?charingId=10241,0,10,10,-1,-1,充电队长,社会开放,充电队长,已建成已测试,其他,充电队长APP,计费时段 :00:00-24:00;电费: 1.2,不详,,113.900359,22.569443
75,深圳崇文花园充电站,广东省深圳市南山区留仙大道1998号崇文花园,2,1,,,,10,,113.9865656,22.59329116,http://admin.bjev520.com/jsp/beiqi/pcmap/do/pcmap_Detail.jsp?charingId=11020,4,51,55,M11011C/500/500/60.0,M11001C/220/220/7.0,特锐德,公共,特来电,已建成已测试,其他,充电吧APP,电费:00:00~24:00:1.1000,服务费:00:00~24:00:0.7000元/度电,,113.991542,22.590403
82,新闻大厦,深圳市福田区深南大道与红岭路交汇处,2,1,,,,10,,114.0978925,22.54409983,http://admin.bjev520.com/jsp/beiqi/pcmap/do/pcmap_Detail.jsp?charingId=11999,0,4,4,-1,-1,其他,社会开放,普天,已建成未测试,其他,普天充电卡,,不详,不详,114.103012,22.541418
97,新世界中心,深圳市益田路6009号,2,1,,,,10,,114.0503818,22.54804438,http://admin.bjev520.com/jsp/beiqi/pcmap/do/pcmap_Detail.jsp?charingId=12018,0,6,6,-1,-1,其他,社会开放,普天,已建成未测试,其他,普天充电卡,,不详,不详,114.055493,22.545323
103,信息枢纽大厦,深圳市福田区益田路5055号,2,1,,,,10,,114.0503864,22.53798503,http://admin.bjev520.com/jsp/beiqi/pcmap/do/pcmap_Detail.jsp?charingId=12026,0,4,4,-1,-1,其他,社会开放,普天,已建成未测试,其他,普天充电卡,,不详,不详,114.055497,22.535263
106,深圳少年儿童图书馆,深圳市福田区红荔路1011号,2,1,,,,10,,114.0942329,22.55117685,http://admin.bjev520.com/jsp/beiqi/pcmap/do/pcmap_Detail.jsp?charingId=12031,0,4,4,-1,-1,其他,社会开放,普天,已建成未测试,其他,普天充电卡,,不详,不详,114.099356,22.548496
112,泰然大厦,深圳市泰然八路与泰然十一路交叉口,2,1,,,,10,,114.0167215,22.53322443,http://admin.bjev520.com/jsp/beiqi/pcmap/do/pcmap_Detail.jsp?charingId=12037,0,3,3,-1,-1,其他,社会开放,普天,已建成未测试,其他,普天充电卡,,不详,不详,114.021769,22.530421
156,深圳百丽大厦充电站,广东省深圳市南山区兰桂二路百丽大厦地下停车场,2,1,,,,10,,113.934702,22.50832431,http://admin.bjev520.com/jsp/beiqi/pcmap/do/pcmap_Detail.jsp?charingId=17210,0,9,9,-1,M11002B/220/220/7.0,特锐德,公共,特来电,已建成已测试,其他,充电吧APP,,"0:00~07:00:0.7000,07:00~09:00:0.7000,09:00~11:30:0.7000,11:30~14:00:0.7000,14:00~16:30:0.7000,16:30~19:00:0.7000,19:00~21:00:0.7000,21:00~23:00:0.7000,23:00~24:00:0.7000元/度电",,113.939572,22.505301
187,深圳蛇口希尔顿南海酒店充电站,广东省深圳市南山区工业一路1号地下负一层停车场,2,1,,,,10,,113.9104241,22.48088496,http://admin.bjev520.com/jsp/beiqi/pcmap/do/pcmap_Detail.jsp?charingId=19491,0,10,10,-1,M11002B/220/220/7.0,特锐德,公共,特来电,已建成已测试,其他,充电吧APP,电费:00:00~24:00:1.1000,服务费:00:00~24:00:0.7000元/度电,,113.91528,22.477834
287,龙岗鹏达花园1期9栋充电站,广东省深圳市龙岗区龙岗街道鹏达花园,2,1,,,,10,,114.2623285,22.72015702,http://admin.bjev520.com/jsp/beiqi/pcmap/do/pcmap_Detail.jsp?charingId=37724,0,20,20,-1,-1,深圳奇辉,社会开放,南方电网,已建成已测试,地面,顺易充App,,,,114.267158,22.717328
306,龙华中安达充电站,广东省深圳市龙华区龙华街道7天酒店(深圳龙华清湖地铁站店),2,1,,,,10,,114.0241488,22.67159345,http://admin.bjev520.com/jsp/beiqi/pcmap/do/pcmap_Detail.jsp?charingId=38013,26,12,38,-1,-1,南方和顺,社会开放,南方电网,已建成已测试,地面,顺易充App,,,,114.029222,22.66883
406,星星充电站（观澜狮径路）,广东省深圳市龙华区福城街道海王星辰荣富路与福花路交叉口南侧373米,2,1,,,,10,,114.02131,22.71736877,http://admin.bjev520.com/jsp/beiqi/pcmap/do/pcmap_Detail.jsp?charingId=42833,29,0,29,DH-DC1200SG30-1/1000/1000/120.0,-1,星星充电,公共,星星充电,已建成已测试,其他,,,,充电车辆免两小时停车费,114.02638,22.714609
13,盐田区政府图书馆充电站,广东省深圳市盐田区深盐路2086号停车场,1,0.5,,,,10,,114.2339569,22.55932916,http://admin.bjev520.com/jsp/beiqi/pcmap/do/pcmap_Detail.jsp?charingId=3894,20,0,20,直流45KW,-1,深圳巴斯巴,社会开放,深圳巴斯巴,已建成未测试,地面,巴斯巴充电卡,1.76元/度,0.45元/度电,免费,114.23879,22.556467
23,荔枝公园充电站,广东省深圳市福田区红荔路1011（深圳少儿图书馆左侧停车场内）,1,0.5,,,,10,,114.0938606,22.55122683,http://admin.bjev520.com/jsp/beiqi/pcmap/do/pcmap_Detail.jsp?charingId=6451,10,0,10,45KW和60KW各5台,-1,普天新能源,社会开放,普天,已建成未测试,地面,普天充电卡,,元/度电,半小时内免费，第一小时5元，一小时后1元/半小时,114.098984,22.548546
50,宏发高新产业园,广东省深圳市宝安区广东省深圳市宝安区公明街道腾龙塑胶料行产业园西北角围墙处,1,0.5,,,,10,,113.8861313,22.73719026,http://admin.bjev520.com/jsp/beiqi/pcmap/do/pcmap_Detail.jsp?charingId=10014,0,2,2,-1,-1,,社会开放,充电队长,已建成已测试,其他,充电网APP,计费时段 :00:00-24:00;电费: 1.0,计费时段 :00:00-24:00;服务费: 1.0,免费,113.891019,22.734175
94,中国科技开发院,深圳市南山区高新南一道9南门,1,0.5,,,,10,,113.9486709,22.54154297,http://admin.bjev520.com/jsp/beiqi/pcmap/do/pcmap_Detail.jsp?charingId=12012,0,3,3,-1,-1,其他,社会开放,普天,已建成未测试,其他,普天充电卡,,不详,不详,113.953562,22.538548
114,世纪假日广场,深圳市南山区深南大道9030号,1,0.5,,,,10,,113.9674145,22.54148355,http://admin.bjev520.com/jsp/beiqi/pcmap/do/pcmap_Detail.jsp?charingId=12040,0,46,46,-1,-1,其他,社会开放,普天,已建成未测试,其他,普天充电卡,电费：1.22元/度，服务费：0.8元/度,不详,不详,113.972342,22.538535
125,有色大厦,"深圳市深南大道6013号,中国有色大厦负二层停车场纯K车位",1,0.5,,,,10,,114.0217557,22.53811008,http://admin.bjev520.com/jsp/beiqi/pcmap/do/pcmap_Detail.jsp?charingId=12458,0,14,14,-1,7,深圳聚电,社会开放,普天,已建成未测试,其他,普天充电卡,1.1元/度,1元/度,,114.026815,22.535321
128,中国科技开发院,深圳市粤海街道思湘坊中国科技开发院中科研发园,1,0.5,,,,10,,113.9486709,22.54154297,http://admin.bjev520.com/jsp/beiqi/pcmap/do/pcmap_Detail.jsp?charingId=12463,0,30,30,-1,7,深圳聚电,社会开放,普天,已建成未测试,其他,普天充电卡,充电费：宝马桩0.8元/度、普天桩1.1元/度；,0.45元/度,10元首小时，第二小时3元,113.953562,22.538548
211,深圳中泰燕南名庭充电站,深圳市福田区燕南路88号(振华路与燕南路交汇处)地下停车场,1,0.5,,,,10,,114.0880903,22.54747961,http://admin.bjev520.com/jsp/beiqi/pcmap/do/pcmap_Detail.jsp?charingId=24518,0,30,30,-1,-1,,公共,云杉智慧,已建成已测试,其他,微信；支付宝；其他,固定收费：1.2元/度,固定收费：0.8元/度元/度电,第一小时5元/小时，第二小时起1元/小时；最高15元/天,114.093217,22.544798
231,东部华侨城充电站,深圳盐田区艺海东路东部华侨城大侠谷停车场B19区,1,0.5,,,,10,,114.3024695,22.60662355,http://admin.bjev520.com/jsp/beiqi/pcmap/do/pcmap_Detail.jsp?charingId=24698,7,0,7,直流单枪45kw/515/515/45.0,-1,云杉,公共,云杉智慧,已建成已测试,其他,微信；支付宝；其他,,,,114.307323,22.603821
284,大鹏石桥头小区充电站,广东省深圳市龙岗区大鹏街道葵南路102大鹏布新社区公园,1,0.5,,,,10,,114.4805123,22.57894772,http://admin.bjev520.com/jsp/beiqi/pcmap/do/pcmap_Detail.jsp?charingId=37677,0,6,6,-1,-1,中天昱品,社会开放,南方电网,已建成已测试,地面,顺易充App,,,免费,114.485272,22.576131
311,龙岗布吉甘坑新村村委充电站,广东省深圳市龙岗区布吉街道甘坑新村八路甘坑新村,1,0.5,,,,10,,114.1015517,22.65951677,http://admin.bjev520.com/jsp/beiqi/pcmap/do/pcmap_Detail.jsp?charingId=38070,2,16,18,-1,-1,南方和顺,社会开放,南方电网,已建成已测试,地面,顺易充App,,,,114.106675,22.65685
336,莲花山电动汽车充电站,广东省深圳市福田区梅林街道奥士达路凯丰社区公园旁,1,0.5,,,,10,,114.058138,22.56708258,http://admin.bjev520.com/jsp/beiqi/pcmap/do/pcmap_Detail.jsp?charingId=38175,41,0,41,-1,-1,顺易充,社会开放,南方电网,已建成已测试,地面,顺易充App,,,免费,114.063259,22.564376
407,唯冠小区充电站,深圳市盐田区云汉路5号,1,0.5,,,,10,,114.2370026,22.56520672,http://admin.bjev520.com/jsp/beiqi/pcmap/do/pcmap_Detail.jsp?charingId=43461,0,6,6,-1,未配置/2147483647/2147483647/7.0,深圳致联,公共,深圳致联,已建成已测试,其他,,,,不详,114.241833,22.562344
416,深圳金荣达科技工业园充电站,广东省深圳市龙岗区坂田街道雪岗路2090号金荣达科技工业园,1,0.5,,,,10,,114.0567878,22.66637497,http://admin.bjev520.com/jsp/beiqi/pcmap/do/pcmap_Detail.jsp?charingId=62716,16,0,16,未配置/750/750/3.5,-1,特锐德,公共,特来电,已建成已测试,其他,其他,,"0:00~07:00:0.7000,07:00~09:00:0.7000,09:00~11:30:0.7000,11:30~14:00:0.7000,14:00~16:30:0.7000,16:30~19:00:0.7000,19:00~21:00:0.7000,21:00~23:00:0.7000,23:00~24:00:0.7000元/度电","限时免费停车,充电停车免一小时",114.061914,22.663682
1,深圳盐田区直流充电站,广东省深圳市盐田区盐梅路奥特莱斯购物村,0,0,,,,,0,114.3035822,22.60287714,http://admin.bjev520.com/jsp/beiqi/pcmap/do/pcmap_Detail.jsp?charingId=924,20,0,20,-1,-1,其他,社会开放,南方电网,已建成未测试,其他,南方电网充电卡,,元/度电,不详,114.308437,22.600076
10,奥特迅电力大厦充电站,广东省深圳市高新技术产业园北区松坪山路3号,0,0,,,,,0,113.9466111,22.55781222,http://admin.bjev520.com/jsp/beiqi/pcmap/do/pcmap_Detail.jsp?charingId=3890,37,6,43,DC,7Kw,深圳奥特迅,社会开放,深圳奥特迅,已建成未测试,其他,奥特迅充电卡,1.6,免费,免费,113.9515,22.554814
33,光明新区体育中心充电站,广东省深圳市宝安区光明街道精华大酒店停车场,0,0,,,,,0,113.9007804,22.77899742,http://admin.bjev520.com/jsp/beiqi/pcmap/do/pcmap_Detail.jsp?charingId=8228,23,0,23,-1,-1,,社会开放,普天,已建成未测试,地面,普天充电卡,1.09元/度,0.45元/度电,免费,113.905658,22.775993
38,中国普天力能充电站,广东省深圳市福田区泰然三路天济大厦,0,0,,,,,0,114.0266234,22.53481817,http://admin.bjev520.com/jsp/beiqi/pcmap/do/pcmap_Detail.jsp?charingId=8247,2,0,2,-1,-1,,社会开放,普天,已建成未测试,地面,普天充电卡,1.2元/度,免费,15元/小时，1小时之后1.5元/小时,114.031693,22.532042
43,深圳天安创业园充电站,广东省深圳市福田区天安数码城内泰然四路与泰然五路交汇处,0,0,,,,,0,114.0251563,22.53696394,http://admin.bjev520.com/jsp/beiqi/pcmap/do/pcmap_Detail.jsp?charingId=8344,0,12,12,-1,M11002B/220/220/7.0,特锐德,公共,特来电,已建成已测试,其他,充电吧APP,,"0:00~07:00:0.7000,07:00~09:00:0.7000,09:00~11:30:0.7000,11:30~14:00:0.7000,14:00~16:30:0.7000,16:30~19:00:0.7000,19:00~21:00:0.7000,21:00~23:00:0.7000,23:00~24:00:0.7000元/度电",,114.030223,22.534184
55,航盛科技大厦负三层充电站,广东省深圳市南山区广东省深圳市南山区高新南六道航盛科技大厦,0,0,,,,,0,113.9488018,22.53880585,http://admin.bjev520.com/jsp/beiqi/pcmap/do/pcmap_Detail.jsp?charingId=10036,0,5,5,-1,-1,充电队长,社会开放,充电队长,已建成已测试,其他,充电队长APP,计费时段 :00:00-24:00;电费: 1.5,计费时段 :00:00-24:00;服务费: 0.5,,113.953693,22.535811
56,海岸城广场,广东省深圳市南山区广东省深圳市南山区文心四路海岸城购物广场,0,0,,,,,0,113.9316772,22.52084581,http://admin.bjev520.com/jsp/beiqi/pcmap/do/pcmap_Detail.jsp?charingId=10037,0,12,12,-1,-1,特斯拉,社会开放,充电队长,已建成已测试,其他,充电队长APP,不详,免费,,113.936545,22.517818
67,三湘海尚,广东省深圳市南山区广东省深圳市南山区科苑南路2277号三湘海尚花园,0,0,,,,,0,113.9377107,22.50568317,http://admin.bjev520.com/jsp/beiqi/pcmap/do/pcmap_Detail.jsp?charingId=10244,0,6,6,-1,3.3/7kW,充电队长,社会开放,充电队长,已建成已测试,其他,充电队长APP,计费时段 :00:00-24:00;电费: 1.2,计费时段 :00:00-24:00;服务费: 0.6,免费,113.942584,22.502665
69,海上世界广场,广东省深圳市南山区广东省深圳市南山区蛇口望海路1128号海上世界广场,0,0,,,,,0,113.9112638,22.48667553,http://admin.bjev520.com/jsp/beiqi/pcmap/do/pcmap_Detail.jsp?charingId=10246,0,21,21,-1,-1,充电队长,社会开放,充电队长,已建成已测试,其他,充电队长APP,计费时段 :00:00-24:00;电费: 1.2,不详,,113.91612,22.483625
78,五矿大厦,深圳市罗湖区春风路3006号,0,0,,,,,0,114.1187227,22.54076019,http://admin.bjev520.com/jsp/beiqi/pcmap/do/pcmap_Detail.jsp?charingId=11995,0,1,1,-1,-1,其他,社会开放,普天,已建成未测试,其他,普天充电卡,,不详,不详,114.123813,22.538065
105,凌海大酒店公寓,深圳市盐田区大梅沙环梅路6号,0,0,,,,,0,114.3060729,22.6014809,http://admin.bjev520.com/jsp/beiqi/pcmap/do/pcmap_Detail.jsp?charingId=12030,0,4,4,-1,-1,其他,社会开放,普天,已建成未测试,其他,普天充电卡,,不详,不详,114.310931,22.598684
120,世纪假日广场充电站,深圳市南山大道世纪假日广场,0,0,,,,,0,113.9674145,22.54148355,http://admin.bjev520.com/jsp/beiqi/pcmap/do/pcmap_Detail.jsp?charingId=12438,0,43,43,-1,7,深圳聚电,社会开放,普天,已建成未测试,其他,普天充电卡,1.2元/度,0.45元/度,首小时15元,113.972342,22.538535
121,深圳市体育中心停车场,深圳市体育中心(南1门)笋岗西路2006侧门,0,0,,,,,0,114.0841119,22.56034482,http://admin.bjev520.com/jsp/beiqi/pcmap/do/pcmap_Detail.jsp?charingId=12439,6,4,10,60,7,普天新能源,社会开放,普天,已建成未测试,其他,普天充电卡,1.2元/度,0.45元/度,免费,114.089241,22.557663
126,泰然科技园,深圳市泰然四路与泰然九路交界处露天停车场,0,0,,,,,0,114.0227805,22.53735532,http://admin.bjev520.com/jsp/beiqi/pcmap/do/pcmap_Detail.jsp?charingId=12459,0,30,30,-1,7,深圳聚电,社会开放,普天,已建成未测试,其他,普天充电卡,未知,不详,首小时15元，第二小时3元,114.027842,22.534569
127,汉京大厦,深圳市南山街道南海大道1203号汉京国际,0,0,,,,,0,113.9192187,22.51467781,http://admin.bjev520.com/jsp/beiqi/pcmap/do/pcmap_Detail.jsp?charingId=12462,0,21,21,-1,7,深圳聚电,社会开放,普天,已建成未测试,其他,普天充电卡,1.2 元/度,0.45元/度,10元/小时，第二小时2元,113.924078,22.511634
129,民乐交通接驳设施社会停车场,深圳市民治街道R+P充电站,0,0,,,,,0,114.0331874,22.62379356,http://admin.bjev520.com/jsp/beiqi/pcmap/do/pcmap_Detail.jsp?charingId=12465,21,44,65,60kW,-1,普天新能源,社会开放,普天,已建成未测试,其他,普天充电卡,1.2元/度,免费,15元/天,114.038276,22.621044
130,皇岗公园充电站,深圳市福田街道福强路2088号皇岗公园,0,0,,,,,0,114.0529215,22.52036526,http://admin.bjev520.com/jsp/beiqi/pcmap/do/pcmap_Detail.jsp?charingId=12466,5,0,5,60kW,-1,普天新能源,社会开放,普天,已建成已测试,其他,普天充电卡,1.2元/度,0.45元/度,免费,114.058034,22.517647
131,中国普天力能充电站,深圳市沙头街道泰然三路天济大厦,0,0,,,,,0,114.0266234,22.53481817,http://admin.bjev520.com/jsp/beiqi/pcmap/do/pcmap_Detail.jsp?charingId=12467,2,0,2,10,-1,合普新能源,社会开放,普天,已建成未测试,其他,普天充电卡,1.2元/度,0.45元/度,不详,114.031693,22.532042
133,濠江社区公园充电站,深圳市海雅缤纷城公交站台旁,0,0,,,,,0,113.9012583,22.56271463,http://admin.bjev520.com/jsp/beiqi/pcmap/do/pcmap_Detail.jsp?charingId=12470,32,0,32,60,-1,普天新能源,社会开放,普天,已建成未测试,其他,普天充电卡,,0.45元/度,不详,113.906122,22.559663
137,深圳山海名苑充电站,广东省深圳市龙岗区企沙上路,0,0,,,,,0,114.4838831,22.5458276,http://admin.bjev520.com/jsp/beiqi/pcmap/do/pcmap_Detail.jsp?charingId=12554,0,6,6,-1,M11001C/220/220/7.0,特锐德,公共,特来电,已建成已测试,其他,充电吧APP,电费:00:00~24:00:1.0900,服务费:00:00~24:00:0.7000元/度电,"不免费,以场站方公告为准",114.488629,22.542998
138,深圳朗科大厦充电站,广东省深圳市南山区高新南四道朗科大厦,0,0,,,,,0,113.9478434,22.53876094,http://admin.bjev520.com/jsp/beiqi/pcmap/do/pcmap_Detail.jsp?charingId=12579,0,10,10,-1,M11001C/220/220/7.0,特锐德,公共,特来电,已建成已测试,其他,充电吧APP,电费:00:00~24:00:1.2000,服务费:00:00~24:00:0.7000元/度电,,113.952733,22.535764
139,嘉里建设广场,广东省深圳市中心4路1号（福华路与中心4路交汇处）,0,0,,,,,0,114.0518406,22.53795637,http://admin.bjev520.com/jsp/beiqi/pcmap/do/pcmap_Detail.jsp?charingId=12635,22,40,62,21kW,7kW,充电网,社会开放,南洋新能源,已建成未测试,其他,其他,免费,免费,首小时15元，第二小时起5元/小时,114.056953,22.535237
141,龙岗尚街站,广东省深圳市龙城街道招商依山郡14栋,0,0,,,,,0,114.213602,22.7316064,http://admin.bjev520.com/jsp/beiqi/pcmap/do/pcmap_Detail.jsp?charingId=12645,2,0,2,21kW,-1,充电网,社会开放,南洋新能源,已建成已测试,其他,充电网APP,1.3元/度,0.7元/度元/度电,免费,114.218476,22.728793
153,深圳创维半导体大厦充电站,广东省深圳市南山区高新南一道7号创维半导体设计大厦停车场,0,0,,,,,0,113.9480939,22.54000332,http://admin.bjev520.com/jsp/beiqi/pcmap/do/pcmap_Detail.jsp?charingId=13762,0,69,69,-1,M11001C/220/220/7.0,特锐德,公共,特来电,已建成已测试,其他,充电吧APP,,"0:00~07:00:0.7000,07:00~09:00:0.7000,09:00~11:30:0.7000,11:30~14:00:0.7000,14:00~16:30:0.7000,16:30~19:00:0.7000,19:00~21:00:0.7000,21:00~23:00:0.7000,23:00~24:00:0.7000元/度电",,113.952984,22.537007
154,深圳创维大厦充电站,广东省深圳市南山区高新南一道8-南门创维大厦停车场,0,0,,,,,0,113.94606,22.54225152,http://admin.bjev520.com/jsp/beiqi/pcmap/do/pcmap_Detail.jsp?charingId=13763,0,17,17,-1,M11002B/220/220/7.0,特锐德,公共,特来电,已建成已测试,其他,充电吧APP,,"0:00~07:00:0.7000,07:00~09:00:0.7000,09:00~11:30:0.7000,11:30~14:00:0.7000,14:00~16:30:0.7000,16:30~19:00:0.7000,19:00~21:00:0.7000,21:00~23:00:0.7000,23:00~24:00:0.7000元/度电",,113.950947,22.539251
207,深圳软件园一期①充电站（直流）,深圳市南山区粤海街道高新中三道2号西门软件园一期（1栋旁）,0,0,,,,,0,113.9346955,22.54753959,http://admin.bjev520.com/jsp/beiqi/pcmap/do/pcmap_Detail.jsp?charingId=24496,2,0,2,-1,-1,,公共,云杉智慧,已建成已测试,其他,微信；支付宝；其他,,,,113.939568,22.544518
208,深圳中科检测站充电站,深圳市宝龙四路中科检测站内右边第一栋地面,0,0,,,,,0,114.2929246,22.69379205,http://admin.bjev520.com/jsp/beiqi/pcmap/do/pcmap_Detail.jsp?charingId=24499,3,10,13,直流四枪120kw/765/765/120.0,交流单枪7kw/235/235/7.0,云杉,公共,云杉智慧,已建成已测试,其他,微信；支付宝；其他,固定收费：1.3元/度,固定收费：0.8元/度元/度电,,114.297772,22.690991
218,迈科龙大厦充电站,深圳市南山区高新南六路6号,0,0,,,,,0,113.9492661,22.53866084,http://admin.bjev520.com/jsp/beiqi/pcmap/do/pcmap_Detail.jsp?charingId=24563,0,1,1,-1,未配置/235/235/14.0,云杉,公共,云杉智慧,已建成已测试,其他,e充电APP,固定收费：1.24元/度,固定收费：0.8元/度元/度电,不详,113.954158,22.535667
224,创维人才公寓充电站,深圳市石岩塘头一号路18号地下一层,0,0,,,,,0,113.9138855,22.64730854,http://admin.bjev520.com/jsp/beiqi/pcmap/do/pcmap_Detail.jsp?charingId=24633,0,6,6,-1,-1,,公共,云杉智慧,已建成已测试,其他,微信；支付宝；其他,,固定收费：0.8元/度元/度电,仅小区住户可停车，外来车辆不予入内,113.918752,22.644275
225,智慧广场充电站,深圳市南山区侨香路4068号智慧广场停车场地下二层,0,0,,,,,0,113.9763063,22.55389064,http://admin.bjev520.com/jsp/beiqi/pcmap/do/pcmap_Detail.jsp?charingId=24637,0,26,26,-1,-1,,公共,云杉智慧,已建成已测试,其他,微信；支付宝；其他,固定收费：1.2元/度,固定收费：0.8元/度元/度电,5元/小时，全天50元，月卡500元,113.981255,22.550968
238,投行大厦充电站,深圳市福田区福华一路南侧投行大厦地下四层,0,0,,,,,0,114.0466953,22.53913907,http://admin.bjev520.com/jsp/beiqi/pcmap/do/pcmap_Detail.jsp?charingId=24744,0,15,15,-1,-1,,公共,云杉智慧,已建成已测试,其他,微信；支付宝；其他,固定收费：1.0元/度,固定收费：0.65元/度元/度电,第一小时15元/小时，后每小时加收5元。最高60元/天,114.051801,22.53641
239,文锦渡口岸充电站,深圳市罗湖区沿河南路1188号文锦渡口岸停车楼五楼、六楼,0,0,,,,,0,114.1281621,22.5418552,http://admin.bjev520.com/jsp/beiqi/pcmap/do/pcmap_Detail.jsp?charingId=24752,0,50,50,-1,交流单枪7kw/235/235/7.0,云杉,公共,云杉智慧,已建成已测试,其他,微信；支付宝；其他,固定收费：1.04元/度,固定收费：0.8元/度元/度电,,114.133234,22.539149
240,港中旅大厦充电站,深圳市福田区深南大道4011号香港中旅大厦停车场负三楼,0,0,,,,,0,114.0504911,22.54138563,http://admin.bjev520.com/jsp/beiqi/pcmap/do/pcmap_Detail.jsp?charingId=24766,0,18,18,-1,-1,,公共,云杉智慧,已建成已测试,其他,微信；支付宝；其他,固定收费：1.3元/度,固定收费：0.8元/度元/度电,,114.055602,22.538664
245,航天科技充电站,深圳市科技园科技南十路航天科技创新研究院内（直流60KW 120A，交流21KW 65A）,0,0,,,,,0,113.9495385,22.54069611,http://admin.bjev520.com/jsp/beiqi/pcmap/do/pcmap_Detail.jsp?charingId=25400,0,15,15,-1,未配置/218/218/7.0,深圳致联,公共,深圳致联,已建成已测试,其他,,00:00~24:00:0.74,00:00~24:00:0.36元/度电,不详,113.954431,22.537703
257,深圳福田智立方创新园,深圳市福田区福保街道红棉道4号联星物流大厦,0,0,,,,,0,114.0532422,22.50454108,http://admin.bjev520.com/jsp/beiqi/pcmap/do/pcmap_Detail.jsp?charingId=26384,4,0,4,DH-DC0600SG27/750/750/60.0,-1,星星充电,公共,星星充电,已建成已测试,其他,,,,充电车辆减免2小时停车费,114.058354,22.501823
262,梅林文体中心,广东省深圳市福田区梅林街道梅丽路44-7号,0,0,,,,,0,114.0325929,22.57224301,http://admin.bjev520.com/jsp/beiqi/pcmap/do/pcmap_Detail.jsp?charingId=33172,0,12,12,-1,EVG2-32DNW5//220/7.0,依威能源,公共,依威能源,已建成已测试,地面,充电吧APP,1.3,0.8元/度电,小车第一小时10元起，第二小时起每小时2元，每天最高35元。,114.037677,22.569485
268,南方医科大学深圳医院,深圳市宝安区新湖路1333号,0,0,,,,,0,113.8914061,22.54717659,http://admin.bjev520.com/jsp/beiqi/pcmap/do/pcmap_Detail.jsp?charingId=36177,0,10,10,-1,未配置/21000/21000/42.0,深圳致联,公共,深圳致联,已建成已测试,其他,,,,不详,113.896276,22.544124
271,松岗江边星星充电站,深圳市宝安区松岗创业二路与高速桥辅道交叉口东北150米,0,0,,,,,0,113.8085545,22.7758602,http://admin.bjev520.com/jsp/beiqi/pcmap/do/pcmap_Detail.jsp?charingId=36691,16,0,16,DH-DC1200SG30-1/1000/1000/120.0,-1,星星充电,公共,星星充电,已建成已测试,其他,,,,免费停车2小时,113.813621,22.772972
272,福海街道大洋社区停车场充电站,广东省深圳市宝安区福海街道领汇商务公寓宝安福海桥南新区,0,0,,,,,0,113.8198585,22.69849378,http://admin.bjev520.com/jsp/beiqi/pcmap/do/pcmap_Detail.jsp?charingId=37485,2,10,12,-1,-1,南方和顺,社会开放,南方电网,已建成已测试,地面,顺易充App,,,,113.82489,22.695562
282,大鹏半岛国家地质公园充电站,广东省深圳市龙岗区南澳街道南方和顺汽车充电站(大鹏半岛国家地质公园),0,0,,,,,0,114.5228178,22.53112956,http://admin.bjev520.com/jsp/beiqi/pcmap/do/pcmap_Detail.jsp?charingId=37675,3,7,10,-1,-1,深圳奇辉,社会开放,南方电网,已建成已测试,地面,顺易充App,,,15分钟内免费，15分钟后一天20元。,114.527428,22.528185
285,大鹏山庄,广东省深圳市龙岗区大鹏街道大鹏山庄东区一巷8号大鹏山庄,0,0,,,,,0,114.4735468,22.60429549,http://admin.bjev520.com/jsp/beiqi/pcmap/do/pcmap_Detail.jsp?charingId=37678,0,8,8,-1,-1,中天昱品,社会开放,南方电网,已建成已测试,地面,顺易充App,,,,114.478332,22.601502
286,万景花园（华润）,广东省深圳市福田区福田街道滨河大道5016号万景花园,0,0,,,,,0,114.064689,22.53353286,http://admin.bjev520.com/jsp/beiqi/pcmap/do/pcmap_Detail.jsp?charingId=37680,0,4,4,-1,-1,车电网,社会开放,车电网,已建成已测试,地面,充电吧APP,统一电价：0.75,服务费：0.95元/度电,,114.069813,22.530833
291,宝安西湾红树林公园2号地下车库停车场,广东省深圳市宝安区西乡街道金湾大道西湾滨海公园,0,0,,,,,0,113.8320181,22.59050131,http://admin.bjev520.com/jsp/beiqi/pcmap/do/pcmap_Detail.jsp?charingId=37754,0,33,33,-1,-1,南方和顺,社会开放,南方电网,已建成已测试,地下,顺易充App,,,免费,113.83701,22.587526
295,坪山生物医药创新产业园二期充电站,广东省深圳市坪山区坑梓街道金辉路,0,0,,,,,0,114.3971706,22.74167498,http://admin.bjev520.com/jsp/beiqi/pcmap/do/pcmap_Detail.jsp?charingId=37782,7,142,149,-1,-1,深圳奇辉,社会开放,南方电网,已建成已测试,地面,顺易充App,,,免费,114.402125,22.739033
299,龙城和谐充电站,广东省深圳市龙岗区龙城街道南方电网龙岗新能源应用实验基地御景蓝湾公馆,0,0,,,,,0,114.2215359,22.72555995,http://admin.bjev520.com/jsp/beiqi/pcmap/do/pcmap_Detail.jsp?charingId=37984,5,27,32,-1,-1,南方和顺,社会开放,南方电网,已建成已测试,地面,顺易充App,,,免费,114.226396,22.722737
304,宝能科技园南区地上停车场充电站,广东省深圳市龙岗区清丽路宝创大厦,0,0,,,,,0,114.059007,22.67683517,http://admin.bjev520.com/jsp/beiqi/pcmap/do/pcmap_Detail.jsp?charingId=38002,0,60,60,-1,-1,深圳奇辉,社会开放,南方电网,已建成已测试,地面,顺易充App,,,,114.064136,22.674148
309,振业花园充电站,广东省深圳市福田区华富街道振业花园,0,0,,,,,0,114.0666729,22.54841651,http://admin.bjev520.com/jsp/beiqi/pcmap/do/pcmap_Detail.jsp?charingId=38059,0,4,4,-1,-1,普天新能源,社会开放,聚电,已建成已测试,地面,刷卡,,0.55元元/度电,,114.071799,22.54572
319,龙华黎光社区,广东省深圳市龙华区观澜街道公园路,0,0,,,,,0,114.0340817,22.76121762,http://admin.bjev520.com/jsp/beiqi/pcmap/do/pcmap_Detail.jsp?charingId=38093,0,16,16,-1,-1,南方和顺,社会开放,南方电网,已建成已测试,地面,顺易充App,,,免费,114.039181,22.758504
327,龙岗六约麻地工业区充电站,广东省深圳市龙岗区横岗街道麻地村,0,0,,,,,0,114.1839512,22.63391726,http://admin.bjev520.com/jsp/beiqi/pcmap/do/pcmap_Detail.jsp?charingId=38132,0,20,20,-1,-1,南方和顺,社会开放,南方电网,已建成已测试,地面,顺易充App,,,,114.188886,22.631125
337,莲花山电动汽车充电站,广东省深圳市福田区梅林街道奥士达路凯丰社区公园旁,0,0,,,,,0,114.058138,22.56708258,http://admin.bjev520.com/jsp/beiqi/pcmap/do/pcmap_Detail.jsp?charingId=38176,9,0,9,-1,-1,南方和顺,社会开放,南方电网,已建成已测试,地面,顺易充App,,,免费,114.063259,22.564376
338,留创大厦充电站,广东省深圳市南山区粤海街道高新南环路27留学生创业大厦,0,0,,,,,0,113.9404931,22.53919282,http://admin.bjev520.com/jsp/beiqi/pcmap/do/pcmap_Detail.jsp?charingId=38232,170,0,170,-1,-1,大连罗宾森,社会开放,南方电网,在建中,地面,刷卡+APP+微信+支付宝,峰:1.04 平:0.69 谷:0.24,峰:0.21 平:0.36 谷:0.66元/度电,免费,113.945372,22.536181
339,坪山聚龙花园一期户外停车场充电站,广东省深圳市坪山区坪山街道青松西路聚龙山保障房,0,0,,,,,0,114.3868155,22.72460028,http://admin.bjev520.com/jsp/beiqi/pcmap/do/pcmap_Detail.jsp?charingId=38233,0,118,118,-1,-1,南方和顺,社会开放,南方电网,已建成已测试,地面,顺易充App,,,免费,114.391771,22.721951
344,购物公园地下停车场,广东省深圳市福田区福田街道福华一路206购物公园,0,0,,,,,0,114.0486317,22.53828033,http://admin.bjev520.com/jsp/beiqi/pcmap/do/pcmap_Detail.jsp?charingId=38339,0,140,140,-1,-1,南方电力集团,社会开放,南方电网,已建成已测试,地下,顺易充App,谷:0.2801 平:0.7421 峰:1.0766,,第一小时15元/小时，后每小时加收5元。最高60元/天,114.05374,22.535555
351,深圳光明兆恒工业园充电站,深圳市光明新区公明街道根玉路田寮村模具产业基地7号兆恒工业园南区A座一层,0,0,,,,,0,113.8872673,22.72669278,http://admin.bjev520.com/jsp/beiqi/pcmap/do/pcmap_Detail.jsp?charingId=38858,6,0,6,DH-DC1200SG30-1/1000/1000/120.0,-1,星星充电,公共,星星充电,已建成已测试,其他,,,,不详,113.892153,22.723674
369,宝安福安广场充电站,广东省深圳市宝安区福海街道景山花园百盛佳购物广场(大洋路),0,0,,,,,0,113.8162671,22.69559276,http://admin.bjev520.com/jsp/beiqi/pcmap/do/pcmap_Detail.jsp?charingId=41388,0,5,5,-1,-1,山东鲁能,社会开放,南方电网,已建成已测试,地面,顺易充App,,,,113.821308,22.692667
373,罗湖怡景花园充电站,广东省深圳市罗湖区黄贝街道黄贝路1047号怡景花园(爱国路),0,0,,,,,0,114.1337403,22.55854974,http://admin.bjev520.com/jsp/beiqi/pcmap/do/pcmap_Detail.jsp?charingId=41400,0,18,18,-1,-1,中天昱品,社会开放,南方电网,已建成已测试,地面,顺易充App,,,,114.138801,22.555837
380,南山海晖大厦地面停车场充电站,广东省深圳市南山区粤海街道海晖大厦南油生活区,0,0,,,,,0,113.9207683,22.5109913,http://admin.bjev520.com/jsp/beiqi/pcmap/do/pcmap_Detail.jsp?charingId=41407,0,1,1,-1,-1,中天昱品,社会开放,南方电网,已建成已测试,地面,顺易充App,,,,113.925628,22.507949
382,南山前海花园充电站,广东省深圳市南山区南头街道前海花园前海花园1期,0,0,,,,,0,113.9087304,22.53691986,http://admin.bjev520.com/jsp/beiqi/pcmap/do/pcmap_Detail.jsp?charingId=41418,0,1,1,-1,-1,中天昱品,社会开放,南方电网,已建成已测试,地面,顺易充App,,,,113.91359,22.533869
384,深圳少年儿童图书馆,广东省深圳市福田区华强北街道红荔路深圳少年儿童图书馆,0,0,,,,,0,114.0942329,22.55117685,http://admin.bjev520.com/jsp/beiqi/pcmap/do/pcmap_Detail.jsp?charingId=41420,0,2,2,-1,-1,深圳聚电,社会开放,普天,已建成已测试,地下,刷卡,1元/度,0.55元元/度电,,114.099356,22.548496
385,南山前海花卉公园停车场充电站,广东省深圳市南山区南头街道月亮湾大道前海花卉公园,0,0,,,,,0,113.9072484,22.54847185,http://admin.bjev520.com/jsp/beiqi/pcmap/do/pcmap_Detail.jsp?charingId=41421,0,17,17,-1,-1,南方和顺,社会开放,南方电网,已建成已测试,地面,顺易充App,,,不详,113.912109,22.545421
393,福田依岚花园充电站,广东省深圳市福田区华富街道宝源大厦笔架山·依岚花园地下负二楼,0,0,,,,,0,114.0853628,22.56761269,http://admin.bjev520.com/jsp/beiqi/pcmap/do/pcmap_Detail.jsp?charingId=41438,0,30,30,-1,-1,中天昱品,社会开放,南方电网,已建成已测试,地下,顺易充App,不详,不详,第一小时5元，后1元/h,114.090492,22.564932
396,青禾大富充电站交流,深圳市观澜大富,0,0,,,,,0,114.0362399,22.71286264,http://admin.bjev520.com/jsp/beiqi/pcmap/do/pcmap_Detail.jsp?charingId=42145,0,104,104,-1,未配置/1666/1666/100.0,深圳致联,公共,深圳致联,已建成已测试,其他,,,,不详,114.04134,22.71014
402,青禾马家龙充电站交流,深圳市南山区马家龙充电站,0,0,,,,,0,113.9207496,22.5535312,http://admin.bjev520.com/jsp/beiqi/pcmap/do/pcmap_Detail.jsp?charingId=42427,0,91,91,-1,未配置/1666/1666/100.0,深圳致联,公共,深圳致联,已建成已测试,其他,,,,不详,113.925612,22.550491
414,星星充电站(惠浦工业基地),深圳市宝安区福永街道凤凰社区岭下路7号（惠浦工业基地）,0,0,,,,,0,113.8380903,22.69710615,http://admin.bjev520.com/jsp/beiqi/pcmap/do/pcmap_Detail.jsp?charingId=53289,5,0,5,DH-DC1200SG30-1/1000/1000/120.0,-1,星星充电,公共,星星充电,已建成已测试,其他,,,,不详,113.843073,22.69414
417,深圳坪山充电站,广东省深圳市坪山区金牛西路坪山新区石井街道谢陂村,0,0,,,,,0,114.377352,22.68789092,http://admin.bjev520.com/jsp/beiqi/pcmap/do/pcmap_Detail.jsp?charingId=77752,27,27,54,-1,-1,,公共,国家电网,已建成已测试,其他,"充电卡,二维码,账户余额",0.0000-1.0280元/度,0.0000-0.3490元/度元/度电,（参照停车场实际费用）,114.382303,22.685226
